test_id,change_id,actually_affected,reason
T0001,CHG001,0,"Scenario CHG001: Direct, dependency or module association"
T0002,CHG001,1,"Scenario CHG001: Direct, dependency or module association"
T0003,CHG001,0,"Scenario CHG001: Direct, dependency or module association"
T0004,CHG001,0,"Scenario CHG001: Direct, dependency or module association"
T0005,CHG001,0,"Scenario CHG001: Direct, dependency or module association"
T0006,CHG001,0,"Scenario CHG001: Direct, dependency or module association"
T0007,CHG001,1,"Scenario CHG001: Direct, dependency or module association"
T0008,CHG001,0,"Scenario CHG001: Direct, dependency or module association"
T0009,CHG001,0,"Scenario CHG001: Direct, dependency or module association"
T0010,CHG001,0,"Scenario CHG001: Direct, dependency or module association"
T0011,CHG001,1,"Scenario CHG001: Direct, dependency or module association"
T0012,CHG001,0,"Scenario CHG001: Direct, dependency or module association"
T0013,CHG001,0,"Scenario CHG001: Direct, dependency or module association"
T0014,CHG001,0,"Scenario CHG001: Direct, dependency or module association"
T0015,CHG001,0,"Scenario CHG001: Direct, dependency or module association"
T0016,CHG001,1,"Scenario CHG001: Direct, dependency or module association"
T0017,CHG001,0,"Scenario CHG001: Direct, dependency or module association"
T0018,CHG001,0,"Scenario CHG001: Direct, dependency or module association"
T0019,CHG001,0,"Scenario CHG001: Direct, dependency or module association"
T0020,CHG001,0,"Scenario CHG001: Direct, dependency or module association"
T0021,CHG001,0,"Scenario CHG001: Direct, dependency or module association"
T0022,CHG001,0,"Scenario CHG001: Direct, dependency or module association"
T0023,CHG001,0,"Scenario CHG001: Direct, dependency or module association"
T0024,CHG001,0,"Scenario CHG001: Direct, dependency or module association"
T0025,CHG001,1,"Scenario CHG001: Direct, dependency or module association"
T0026,CHG001,0,"Scenario CHG001: Direct, dependency or module association"
T0027,CHG001,0,"Scenario CHG001: Direct, dependency or module association"
T0028,CHG001,0,"Scenario CHG001: Direct, dependency or module association"
T0029,CHG001,0,"Scenario CHG001: Direct, dependency or module association"
T0030,CHG001,1,"Scenario CHG001: Direct, dependency or module association"
T0031,CHG001,0,"Scenario CHG001: Direct, dependency or module association"
T0032,CHG001,0,"Scenario CHG001: Direct, dependency or module association"
T0033,CHG001,0,"Scenario CHG001: Direct, dependency or module association"
T0034,CHG001,1,"Scenario CHG001: Direct, dependency or module association"
T0035,CHG001,0,"Scenario CHG001: Direct, dependency or module association"
T0036,CHG001,0,"Scenario CHG001: Direct, dependency or module association"
T0037,CHG001,0,"Scenario CHG001: Direct, dependency or module association"
T0038,CHG001,0,"Scenario CHG001: Direct, dependency or module association"
T0039,CHG001,0,"Scenario CHG001: Direct, dependency or module association"
T0040,CHG001,0,"Scenario CHG001: Direct, dependency or module association"
T0041,CHG001,0,"Scenario CHG001: Direct, dependency or module association"
T0042,CHG001,0,"Scenario CHG001: Direct, dependency or module association"
T0043,CHG001,1,"Scenario CHG001: Direct, dependency or module association"
T0044,CHG001,1,"Scenario CHG001: Direct, dependency or module association"
T0045,CHG001,0,"Scenario CHG001: Direct, dependency or module association"
T0046,CHG001,0,"Scenario CHG001: Direct, dependency or module association"
T0047,CHG001,0,"Scenario CHG001: Direct, dependency or module association"
T0048,CHG001,0,"Scenario CHG001: Direct, dependency or module association"
T0049,CHG001,1,"Scenario CHG001: Direct, dependency or module association"
T0050,CHG001,0,"Scenario CHG001: Direct, dependency or module association"
T0051,CHG001,0,"Scenario CHG001: Direct, dependency or module association"
T0052,CHG001,0,"Scenario CHG001: Direct, dependency or module association"
T0053,CHG001,0,"Scenario CHG001: Direct, dependency or module association"
T0054,CHG001,0,"Scenario CHG001: Direct, dependency or module association"
T0055,CHG001,1,"Scenario CHG001: Direct, dependency or module association"
T0056,CHG001,0,"Scenario CHG001: Direct, dependency or module association"
T0057,CHG001,0,"Scenario CHG001: Direct, dependency or module association"
T0058,CHG001,1,"Scenario CHG001: Direct, dependency or module association"
T0059,CHG001,1,"Scenario CHG001: Direct, dependency or module association"
T0060,CHG001,1,"Scenario CHG001: Direct, dependency or module association"
T0061,CHG001,0,"Scenario CHG001: Direct, dependency or module association"
T0062,CHG001,0,"Scenario CHG001: Direct, dependency or module association"
T0063,CHG001,0,"Scenario CHG001: Direct, dependency or module association"
T0064,CHG001,0,"Scenario CHG001: Direct, dependency or module association"
T0065,CHG001,0,"Scenario CHG001: Direct, dependency or module association"
T0066,CHG001,1,"Scenario CHG001: Direct, dependency or module association"
T0067,CHG001,0,"Scenario CHG001: Direct, dependency or module association"
T0068,CHG001,0,"Scenario CHG001: Direct, dependency or module association"
T0069,CHG001,0,"Scenario CHG001: Direct, dependency or module association"
T0070,CHG001,0,"Scenario CHG001: Direct, dependency or module association"
T0071,CHG001,0,"Scenario CHG001: Direct, dependency or module association"
T0072,CHG001,0,"Scenario CHG001: Direct, dependency or module association"
T0073,CHG001,0,"Scenario CHG001: Direct, dependency or module association"
T0074,CHG001,0,"Scenario CHG001: Direct, dependency or module association"
T0075,CHG001,0,"Scenario CHG001: Direct, dependency or module association"
T0076,CHG001,1,"Scenario CHG001: Direct, dependency or module association"
T0077,CHG001,1,"Scenario CHG001: Direct, dependency or module association"
T0078,CHG001,0,"Scenario CHG001: Direct, dependency or module association"
T0079,CHG001,0,"Scenario CHG001: Direct, dependency or module association"
T0080,CHG001,0,"Scenario CHG001: Direct, dependency or module association"
T0081,CHG001,0,"Scenario CHG001: Direct, dependency or module association"
T0082,CHG001,0,"Scenario CHG001: Direct, dependency or module association"
T0083,CHG001,0,"Scenario CHG001: Direct, dependency or module association"
T0084,CHG001,0,"Scenario CHG001: Direct, dependency or module association"
T0085,CHG001,0,"Scenario CHG001: Direct, dependency or module association"
T0086,CHG001,0,"Scenario CHG001: Direct, dependency or module association"
T0087,CHG001,0,"Scenario CHG001: Direct, dependency or module association"
T0088,CHG001,0,"Scenario CHG001: Direct, dependency or module association"
T0089,CHG001,1,"Scenario CHG001: Direct, dependency or module association"
T0090,CHG001,0,"Scenario CHG001: Direct, dependency or module association"
T0091,CHG001,0,"Scenario CHG001: Direct, dependency or module association"
T0092,CHG001,0,"Scenario CHG001: Direct, dependency or module association"
T0093,CHG001,0,"Scenario CHG001: Direct, dependency or module association"
T0094,CHG001,1,"Scenario CHG001: Direct, dependency or module association"
T0095,CHG001,0,"Scenario CHG001: Direct, dependency or module association"
T0096,CHG001,0,"Scenario CHG001: Direct, dependency or module association"
T0097,CHG001,0,"Scenario CHG001: Direct, dependency or module association"
T0098,CHG001,1,"Scenario CHG001: Direct, dependency or module association"
T0099,CHG001,0,"Scenario CHG001: Direct, dependency or module association"
T0100,CHG001,0,"Scenario CHG001: Direct, dependency or module association"
T0101,CHG001,0,"Scenario CHG001: Direct, dependency or module association"
T0102,CHG001,0,"Scenario CHG001: Direct, dependency or module association"
T0103,CHG001,0,"Scenario CHG001: Direct, dependency or module association"
T0104,CHG001,1,"Scenario CHG001: Direct, dependency or module association"
T0105,CHG001,1,"Scenario CHG001: Direct, dependency or module association"
T0106,CHG001,0,"Scenario CHG001: Direct, dependency or module association"
T0107,CHG001,0,"Scenario CHG001: Direct, dependency or module association"
T0108,CHG001,0,"Scenario CHG001: Direct, dependency or module association"
T0109,CHG001,0,"Scenario CHG001: Direct, dependency or module association"
T0110,CHG001,0,"Scenario CHG001: Direct, dependency or module association"
T0111,CHG001,0,"Scenario CHG001: Direct, dependency or module association"
T0112,CHG001,0,"Scenario CHG001: Direct, dependency or module association"
T0113,CHG001,0,"Scenario CHG001: Direct, dependency or module association"
T0114,CHG001,1,"Scenario CHG001: Direct, dependency or module association"
T0115,CHG001,1,"Scenario CHG001: Direct, dependency or module association"
T0116,CHG001,0,"Scenario CHG001: Direct, dependency or module association"
T0117,CHG001,0,"Scenario CHG001: Direct, dependency or module association"
T0118,CHG001,0,"Scenario CHG001: Direct, dependency or module association"
T0119,CHG001,0,"Scenario CHG001: Direct, dependency or module association"
T0120,CHG001,0,"Scenario CHG001: Direct, dependency or module association"
T0121,CHG001,0,"Scenario CHG001: Direct, dependency or module association"
T0122,CHG001,0,"Scenario CHG001: Direct, dependency or module association"
T0123,CHG001,0,"Scenario CHG001: Direct, dependency or module association"
T0124,CHG001,1,"Scenario CHG001: Direct, dependency or module association"
T0125,CHG001,0,"Scenario CHG001: Direct, dependency or module association"
T0126,CHG001,0,"Scenario CHG001: Direct, dependency or module association"
T0127,CHG001,0,"Scenario CHG001: Direct, dependency or module association"
T0128,CHG001,0,"Scenario CHG001: Direct, dependency or module association"
T0129,CHG001,0,"Scenario CHG001: Direct, dependency or module association"
T0130,CHG001,0,"Scenario CHG001: Direct, dependency or module association"
T0131,CHG001,0,"Scenario CHG001: Direct, dependency or module association"
T0132,CHG001,0,"Scenario CHG001: Direct, dependency or module association"
T0133,CHG001,0,"Scenario CHG001: Direct, dependency or module association"
T0134,CHG001,0,"Scenario CHG001: Direct, dependency or module association"
T0135,CHG001,0,"Scenario CHG001: Direct, dependency or module association"
T0136,CHG001,0,"Scenario CHG001: Direct, dependency or module association"
T0137,CHG001,0,"Scenario CHG001: Direct, dependency or module association"
T0138,CHG001,1,"Scenario CHG001: Direct, dependency or module association"
T0139,CHG001,0,"Scenario CHG001: Direct, dependency or module association"
T0140,CHG001,0,"Scenario CHG001: Direct, dependency or module association"
T0141,CHG001,0,"Scenario CHG001: Direct, dependency or module association"
T0142,CHG001,0,"Scenario CHG001: Direct, dependency or module association"
T0143,CHG001,0,"Scenario CHG001: Direct, dependency or module association"
T0144,CHG001,0,"Scenario CHG001: Direct, dependency or module association"
T0145,CHG001,0,"Scenario CHG001: Direct, dependency or module association"
T0146,CHG001,0,"Scenario CHG001: Direct, dependency or module association"
T0147,CHG001,0,"Scenario CHG001: Direct, dependency or module association"
T0148,CHG001,1,"Scenario CHG001: Direct, dependency or module association"
T0149,CHG001,0,"Scenario CHG001: Direct, dependency or module association"
T0150,CHG001,0,"Scenario CHG001: Direct, dependency or module association"
T0151,CHG001,0,"Scenario CHG001: Direct, dependency or module association"
T0152,CHG001,0,"Scenario CHG001: Direct, dependency or module association"
T0153,CHG001,0,"Scenario CHG001: Direct, dependency or module association"
T0154,CHG001,0,"Scenario CHG001: Direct, dependency or module association"
T0155,CHG001,0,"Scenario CHG001: Direct, dependency or module association"
T0156,CHG001,0,"Scenario CHG001: Direct, dependency or module association"
T0157,CHG001,0,"Scenario CHG001: Direct, dependency or module association"
T0158,CHG001,0,"Scenario CHG001: Direct, dependency or module association"
T0159,CHG001,0,"Scenario CHG001: Direct, dependency or module association"
T0160,CHG001,0,"Scenario CHG001: Direct, dependency or module association"
T0161,CHG001,0,"Scenario CHG001: Direct, dependency or module association"
T0162,CHG001,0,"Scenario CHG001: Direct, dependency or module association"
T0163,CHG001,0,"Scenario CHG001: Direct, dependency or module association"
T0164,CHG001,0,"Scenario CHG001: Direct, dependency or module association"
T0165,CHG001,0,"Scenario CHG001: Direct, dependency or module association"
T0166,CHG001,0,"Scenario CHG001: Direct, dependency or module association"
T0167,CHG001,0,"Scenario CHG001: Direct, dependency or module association"
T0168,CHG001,0,"Scenario CHG001: Direct, dependency or module association"
T0169,CHG001,0,"Scenario CHG001: Direct, dependency or module association"
T0170,CHG001,0,"Scenario CHG001: Direct, dependency or module association"
T0171,CHG001,0,"Scenario CHG001: Direct, dependency or module association"
T0172,CHG001,0,"Scenario CHG001: Direct, dependency or module association"
T0173,CHG001,0,"Scenario CHG001: Direct, dependency or module association"
T0174,CHG001,0,"Scenario CHG001: Direct, dependency or module association"
T0175,CHG001,1,"Scenario CHG001: Direct, dependency or module association"
T0176,CHG001,0,"Scenario CHG001: Direct, dependency or module association"
T0177,CHG001,0,"Scenario CHG001: Direct, dependency or module association"
T0178,CHG001,0,"Scenario CHG001: Direct, dependency or module association"
T0179,CHG001,0,"Scenario CHG001: Direct, dependency or module association"
T0180,CHG001,0,"Scenario CHG001: Direct, dependency or module association"
T0181,CHG001,0,"Scenario CHG001: Direct, dependency or module association"
T0182,CHG001,0,"Scenario CHG001: Direct, dependency or module association"
T0183,CHG001,0,"Scenario CHG001: Direct, dependency or module association"
T0184,CHG001,1,"Scenario CHG001: Direct, dependency or module association"
T0185,CHG001,0,"Scenario CHG001: Direct, dependency or module association"
T0186,CHG001,0,"Scenario CHG001: Direct, dependency or module association"
T0187,CHG001,0,"Scenario CHG001: Direct, dependency or module association"
T0188,CHG001,0,"Scenario CHG001: Direct, dependency or module association"
T0189,CHG001,0,"Scenario CHG001: Direct, dependency or module association"
T0190,CHG001,0,"Scenario CHG001: Direct, dependency or module association"
T0191,CHG001,0,"Scenario CHG001: Direct, dependency or module association"
T0192,CHG001,1,"Scenario CHG001: Direct, dependency or module association"
T0193,CHG001,0,"Scenario CHG001: Direct, dependency or module association"
T0194,CHG001,0,"Scenario CHG001: Direct, dependency or module association"
T0195,CHG001,0,"Scenario CHG001: Direct, dependency or module association"
T0196,CHG001,1,"Scenario CHG001: Direct, dependency or module association"
T0197,CHG001,0,"Scenario CHG001: Direct, dependency or module association"
T0198,CHG001,0,"Scenario CHG001: Direct, dependency or module association"
T0199,CHG001,0,"Scenario CHG001: Direct, dependency or module association"
T0200,CHG001,0,"Scenario CHG001: Direct, dependency or module association"
T0201,CHG001,0,"Scenario CHG001: Direct, dependency or module association"
T0202,CHG001,0,"Scenario CHG001: Direct, dependency or module association"
T0203,CHG001,0,"Scenario CHG001: Direct, dependency or module association"
T0204,CHG001,0,"Scenario CHG001: Direct, dependency or module association"
T0205,CHG001,0,"Scenario CHG001: Direct, dependency or module association"
T0206,CHG001,1,"Scenario CHG001: Direct, dependency or module association"
T0207,CHG001,0,"Scenario CHG001: Direct, dependency or module association"
T0208,CHG001,0,"Scenario CHG001: Direct, dependency or module association"
T0209,CHG001,0,"Scenario CHG001: Direct, dependency or module association"
T0210,CHG001,0,"Scenario CHG001: Direct, dependency or module association"
T0211,CHG001,1,"Scenario CHG001: Direct, dependency or module association"
T0212,CHG001,0,"Scenario CHG001: Direct, dependency or module association"
T0213,CHG001,0,"Scenario CHG001: Direct, dependency or module association"
T0214,CHG001,0,"Scenario CHG001: Direct, dependency or module association"
T0215,CHG001,0,"Scenario CHG001: Direct, dependency or module association"
T0216,CHG001,0,"Scenario CHG001: Direct, dependency or module association"
T0217,CHG001,0,"Scenario CHG001: Direct, dependency or module association"
T0218,CHG001,0,"Scenario CHG001: Direct, dependency or module association"
T0219,CHG001,0,"Scenario CHG001: Direct, dependency or module association"
T0220,CHG001,0,"Scenario CHG001: Direct, dependency or module association"
T0221,CHG001,0,"Scenario CHG001: Direct, dependency or module association"
T0222,CHG001,0,"Scenario CHG001: Direct, dependency or module association"
T0223,CHG001,0,"Scenario CHG001: Direct, dependency or module association"
T0224,CHG001,0,"Scenario CHG001: Direct, dependency or module association"
T0225,CHG001,0,"Scenario CHG001: Direct, dependency or module association"
T0226,CHG001,0,"Scenario CHG001: Direct, dependency or module association"
T0227,CHG001,0,"Scenario CHG001: Direct, dependency or module association"
T0228,CHG001,0,"Scenario CHG001: Direct, dependency or module association"
T0229,CHG001,0,"Scenario CHG001: Direct, dependency or module association"
T0230,CHG001,0,"Scenario CHG001: Direct, dependency or module association"
T0231,CHG001,0,"Scenario CHG001: Direct, dependency or module association"
T0232,CHG001,0,"Scenario CHG001: Direct, dependency or module association"
T0233,CHG001,0,"Scenario CHG001: Direct, dependency or module association"
T0234,CHG001,0,"Scenario CHG001: Direct, dependency or module association"
T0235,CHG001,0,"Scenario CHG001: Direct, dependency or module association"
T0236,CHG001,0,"Scenario CHG001: Direct, dependency or module association"
T0237,CHG001,0,"Scenario CHG001: Direct, dependency or module association"
T0238,CHG001,0,"Scenario CHG001: Direct, dependency or module association"
T0239,CHG001,0,"Scenario CHG001: Direct, dependency or module association"
T0240,CHG001,0,"Scenario CHG001: Direct, dependency or module association"
T0241,CHG001,0,"Scenario CHG001: Direct, dependency or module association"
T0242,CHG001,0,"Scenario CHG001: Direct, dependency or module association"
T0243,CHG001,0,"Scenario CHG001: Direct, dependency or module association"
T0244,CHG001,1,"Scenario CHG001: Direct, dependency or module association"
T0245,CHG001,0,"Scenario CHG001: Direct, dependency or module association"
T0246,CHG001,0,"Scenario CHG001: Direct, dependency or module association"
T0247,CHG001,0,"Scenario CHG001: Direct, dependency or module association"
T0248,CHG001,0,"Scenario CHG001: Direct, dependency or module association"
T0249,CHG001,0,"Scenario CHG001: Direct, dependency or module association"
T0250,CHG001,0,"Scenario CHG001: Direct, dependency or module association"
T0251,CHG001,0,"Scenario CHG001: Direct, dependency or module association"
T0252,CHG001,0,"Scenario CHG001: Direct, dependency or module association"
T0253,CHG001,0,"Scenario CHG001: Direct, dependency or module association"
T0254,CHG001,0,"Scenario CHG001: Direct, dependency or module association"
T0255,CHG001,0,"Scenario CHG001: Direct, dependency or module association"
T0256,CHG001,0,"Scenario CHG001: Direct, dependency or module association"
T0257,CHG001,0,"Scenario CHG001: Direct, dependency or module association"
T0258,CHG001,0,"Scenario CHG001: Direct, dependency or module association"
T0259,CHG001,0,"Scenario CHG001: Direct, dependency or module association"
T0260,CHG001,0,"Scenario CHG001: Direct, dependency or module association"
T0261,CHG001,0,"Scenario CHG001: Direct, dependency or module association"
T0262,CHG001,0,"Scenario CHG001: Direct, dependency or module association"
T0263,CHG001,0,"Scenario CHG001: Direct, dependency or module association"
T0264,CHG001,1,"Scenario CHG001: Direct, dependency or module association"
T0265,CHG001,0,"Scenario CHG001: Direct, dependency or module association"
T0266,CHG001,0,"Scenario CHG001: Direct, dependency or module association"
T0267,CHG001,0,"Scenario CHG001: Direct, dependency or module association"
T0268,CHG001,0,"Scenario CHG001: Direct, dependency or module association"
T0269,CHG001,0,"Scenario CHG001: Direct, dependency or module association"
T0270,CHG001,0,"Scenario CHG001: Direct, dependency or module association"
T0271,CHG001,1,"Scenario CHG001: Direct, dependency or module association"
T0272,CHG001,0,"Scenario CHG001: Direct, dependency or module association"
T0273,CHG001,0,"Scenario CHG001: Direct, dependency or module association"
T0274,CHG001,0,"Scenario CHG001: Direct, dependency or module association"
T0275,CHG001,0,"Scenario CHG001: Direct, dependency or module association"
T0276,CHG001,0,"Scenario CHG001: Direct, dependency or module association"
T0277,CHG001,0,"Scenario CHG001: Direct, dependency or module association"
T0278,CHG001,1,"Scenario CHG001: Direct, dependency or module association"
T0279,CHG001,0,"Scenario CHG001: Direct, dependency or module association"
T0280,CHG001,0,"Scenario CHG001: Direct, dependency or module association"
T0281,CHG001,0,"Scenario CHG001: Direct, dependency or module association"
T0282,CHG001,0,"Scenario CHG001: Direct, dependency or module association"
T0283,CHG001,0,"Scenario CHG001: Direct, dependency or module association"
T0284,CHG001,1,"Scenario CHG001: Direct, dependency or module association"
T0285,CHG001,0,"Scenario CHG001: Direct, dependency or module association"
T0286,CHG001,1,"Scenario CHG001: Direct, dependency or module association"
T0287,CHG001,1,"Scenario CHG001: Direct, dependency or module association"
T0288,CHG001,0,"Scenario CHG001: Direct, dependency or module association"
T0289,CHG001,1,"Scenario CHG001: Direct, dependency or module association"
T0290,CHG001,0,"Scenario CHG001: Direct, dependency or module association"
T0291,CHG001,0,"Scenario CHG001: Direct, dependency or module association"
T0292,CHG001,0,"Scenario CHG001: Direct, dependency or module association"
T0293,CHG001,0,"Scenario CHG001: Direct, dependency or module association"
T0294,CHG001,0,"Scenario CHG001: Direct, dependency or module association"
T0295,CHG001,0,"Scenario CHG001: Direct, dependency or module association"
T0296,CHG001,0,"Scenario CHG001: Direct, dependency or module association"
T0297,CHG001,0,"Scenario CHG001: Direct, dependency or module association"
T0298,CHG001,0,"Scenario CHG001: Direct, dependency or module association"
T0299,CHG001,0,"Scenario CHG001: Direct, dependency or module association"
T0300,CHG001,1,"Scenario CHG001: Direct, dependency or module association"
T0301,CHG001,0,"Scenario CHG001: Direct, dependency or module association"
T0302,CHG001,0,"Scenario CHG001: Direct, dependency or module association"
T0303,CHG001,0,"Scenario CHG001: Direct, dependency or module association"
T0304,CHG001,0,"Scenario CHG001: Direct, dependency or module association"
T0305,CHG001,0,"Scenario CHG001: Direct, dependency or module association"
T0306,CHG001,0,"Scenario CHG001: Direct, dependency or module association"
T0307,CHG001,0,"Scenario CHG001: Direct, dependency or module association"
T0308,CHG001,0,"Scenario CHG001: Direct, dependency or module association"
T0309,CHG001,0,"Scenario CHG001: Direct, dependency or module association"
T0310,CHG001,0,"Scenario CHG001: Direct, dependency or module association"
T0311,CHG001,0,"Scenario CHG001: Direct, dependency or module association"
T0312,CHG001,1,"Scenario CHG001: Direct, dependency or module association"
T0313,CHG001,0,"Scenario CHG001: Direct, dependency or module association"
T0314,CHG001,0,"Scenario CHG001: Direct, dependency or module association"
T0315,CHG001,0,"Scenario CHG001: Direct, dependency or module association"
T0316,CHG001,0,"Scenario CHG001: Direct, dependency or module association"
T0317,CHG001,0,"Scenario CHG001: Direct, dependency or module association"
T0318,CHG001,1,"Scenario CHG001: Direct, dependency or module association"
T0319,CHG001,1,"Scenario CHG001: Direct, dependency or module association"
T0320,CHG001,0,"Scenario CHG001: Direct, dependency or module association"
T0321,CHG001,0,"Scenario CHG001: Direct, dependency or module association"
T0322,CHG001,0,"Scenario CHG001: Direct, dependency or module association"
T0323,CHG001,0,"Scenario CHG001: Direct, dependency or module association"
T0324,CHG001,0,"Scenario CHG001: Direct, dependency or module association"
T0325,CHG001,0,"Scenario CHG001: Direct, dependency or module association"
T0326,CHG001,0,"Scenario CHG001: Direct, dependency or module association"
T0327,CHG001,0,"Scenario CHG001: Direct, dependency or module association"
T0328,CHG001,0,"Scenario CHG001: Direct, dependency or module association"
T0329,CHG001,0,"Scenario CHG001: Direct, dependency or module association"
T0330,CHG001,0,"Scenario CHG001: Direct, dependency or module association"
T0331,CHG001,0,"Scenario CHG001: Direct, dependency or module association"
T0332,CHG001,0,"Scenario CHG001: Direct, dependency or module association"
T0333,CHG001,0,"Scenario CHG001: Direct, dependency or module association"
T0334,CHG001,0,"Scenario CHG001: Direct, dependency or module association"
T0335,CHG001,0,"Scenario CHG001: Direct, dependency or module association"
T0336,CHG001,0,"Scenario CHG001: Direct, dependency or module association"
T0337,CHG001,0,"Scenario CHG001: Direct, dependency or module association"
T0338,CHG001,0,"Scenario CHG001: Direct, dependency or module association"
T0339,CHG001,0,"Scenario CHG001: Direct, dependency or module association"
T0340,CHG001,0,"Scenario CHG001: Direct, dependency or module association"
T0341,CHG001,1,"Scenario CHG001: Direct, dependency or module association"
T0342,CHG001,0,"Scenario CHG001: Direct, dependency or module association"
T0343,CHG001,0,"Scenario CHG001: Direct, dependency or module association"
T0344,CHG001,1,"Scenario CHG001: Direct, dependency or module association"
T0345,CHG001,1,"Scenario CHG001: Direct, dependency or module association"
T0346,CHG001,0,"Scenario CHG001: Direct, dependency or module association"
T0347,CHG001,0,"Scenario CHG001: Direct, dependency or module association"
T0348,CHG001,0,"Scenario CHG001: Direct, dependency or module association"
T0349,CHG001,0,"Scenario CHG001: Direct, dependency or module association"
T0350,CHG001,1,"Scenario CHG001: Direct, dependency or module association"
T0351,CHG001,1,"Scenario CHG001: Direct, dependency or module association"
T0352,CHG001,0,"Scenario CHG001: Direct, dependency or module association"
T0353,CHG001,0,"Scenario CHG001: Direct, dependency or module association"
T0354,CHG001,0,"Scenario CHG001: Direct, dependency or module association"
T0355,CHG001,0,"Scenario CHG001: Direct, dependency or module association"
T0356,CHG001,0,"Scenario CHG001: Direct, dependency or module association"
T0357,CHG001,0,"Scenario CHG001: Direct, dependency or module association"
T0358,CHG001,1,"Scenario CHG001: Direct, dependency or module association"
T0359,CHG001,0,"Scenario CHG001: Direct, dependency or module association"
T0360,CHG001,0,"Scenario CHG001: Direct, dependency or module association"
T0361,CHG001,0,"Scenario CHG001: Direct, dependency or module association"
T0362,CHG001,0,"Scenario CHG001: Direct, dependency or module association"
T0363,CHG001,0,"Scenario CHG001: Direct, dependency or module association"
T0364,CHG001,0,"Scenario CHG001: Direct, dependency or module association"
T0365,CHG001,0,"Scenario CHG001: Direct, dependency or module association"
T0366,CHG001,0,"Scenario CHG001: Direct, dependency or module association"
T0367,CHG001,0,"Scenario CHG001: Direct, dependency or module association"
T0368,CHG001,0,"Scenario CHG001: Direct, dependency or module association"
T0369,CHG001,0,"Scenario CHG001: Direct, dependency or module association"
T0370,CHG001,0,"Scenario CHG001: Direct, dependency or module association"
T0371,CHG001,1,"Scenario CHG001: Direct, dependency or module association"
T0372,CHG001,0,"Scenario CHG001: Direct, dependency or module association"
T0373,CHG001,0,"Scenario CHG001: Direct, dependency or module association"
T0374,CHG001,1,"Scenario CHG001: Direct, dependency or module association"
T0375,CHG001,0,"Scenario CHG001: Direct, dependency or module association"
T0376,CHG001,0,"Scenario CHG001: Direct, dependency or module association"
T0377,CHG001,0,"Scenario CHG001: Direct, dependency or module association"
T0378,CHG001,1,"Scenario CHG001: Direct, dependency or module association"
T0379,CHG001,1,"Scenario CHG001: Direct, dependency or module association"
T0380,CHG001,0,"Scenario CHG001: Direct, dependency or module association"
T0381,CHG001,1,"Scenario CHG001: Direct, dependency or module association"
T0382,CHG001,0,"Scenario CHG001: Direct, dependency or module association"
T0383,CHG001,0,"Scenario CHG001: Direct, dependency or module association"
T0384,CHG001,0,"Scenario CHG001: Direct, dependency or module association"
T0385,CHG001,0,"Scenario CHG001: Direct, dependency or module association"
T0386,CHG001,0,"Scenario CHG001: Direct, dependency or module association"
T0387,CHG001,0,"Scenario CHG001: Direct, dependency or module association"
T0388,CHG001,1,"Scenario CHG001: Direct, dependency or module association"
T0389,CHG001,0,"Scenario CHG001: Direct, dependency or module association"
T0390,CHG001,0,"Scenario CHG001: Direct, dependency or module association"
T0391,CHG001,0,"Scenario CHG001: Direct, dependency or module association"
T0392,CHG001,0,"Scenario CHG001: Direct, dependency or module association"
T0393,CHG001,0,"Scenario CHG001: Direct, dependency or module association"
T0394,CHG001,0,"Scenario CHG001: Direct, dependency or module association"
T0395,CHG001,0,"Scenario CHG001: Direct, dependency or module association"
T0396,CHG001,0,"Scenario CHG001: Direct, dependency or module association"
T0397,CHG001,0,"Scenario CHG001: Direct, dependency or module association"
T0398,CHG001,0,"Scenario CHG001: Direct, dependency or module association"
T0399,CHG001,0,"Scenario CHG001: Direct, dependency or module association"
T0400,CHG001,0,"Scenario CHG001: Direct, dependency or module association"
T0401,CHG001,0,"Scenario CHG001: Direct, dependency or module association"
T0402,CHG001,0,"Scenario CHG001: Direct, dependency or module association"
T0403,CHG001,0,"Scenario CHG001: Direct, dependency or module association"
T0404,CHG001,0,"Scenario CHG001: Direct, dependency or module association"
T0405,CHG001,0,"Scenario CHG001: Direct, dependency or module association"
T0406,CHG001,1,"Scenario CHG001: Direct, dependency or module association"
T0407,CHG001,0,"Scenario CHG001: Direct, dependency or module association"
T0408,CHG001,0,"Scenario CHG001: Direct, dependency or module association"
T0409,CHG001,0,"Scenario CHG001: Direct, dependency or module association"
T0410,CHG001,0,"Scenario CHG001: Direct, dependency or module association"
T0411,CHG001,0,"Scenario CHG001: Direct, dependency or module association"
T0412,CHG001,1,"Scenario CHG001: Direct, dependency or module association"
T0413,CHG001,0,"Scenario CHG001: Direct, dependency or module association"
T0414,CHG001,1,"Scenario CHG001: Direct, dependency or module association"
T0415,CHG001,0,"Scenario CHG001: Direct, dependency or module association"
T0416,CHG001,0,"Scenario CHG001: Direct, dependency or module association"
T0417,CHG001,0,"Scenario CHG001: Direct, dependency or module association"
T0418,CHG001,0,"Scenario CHG001: Direct, dependency or module association"
T0419,CHG001,0,"Scenario CHG001: Direct, dependency or module association"
T0420,CHG001,0,"Scenario CHG001: Direct, dependency or module association"
T0421,CHG001,0,"Scenario CHG001: Direct, dependency or module association"
T0422,CHG001,0,"Scenario CHG001: Direct, dependency or module association"
T0423,CHG001,0,"Scenario CHG001: Direct, dependency or module association"
T0424,CHG001,0,"Scenario CHG001: Direct, dependency or module association"
T0425,CHG001,0,"Scenario CHG001: Direct, dependency or module association"
T0426,CHG001,0,"Scenario CHG001: Direct, dependency or module association"
T0427,CHG001,0,"Scenario CHG001: Direct, dependency or module association"
T0428,CHG001,0,"Scenario CHG001: Direct, dependency or module association"
T0429,CHG001,0,"Scenario CHG001: Direct, dependency or module association"
T0430,CHG001,0,"Scenario CHG001: Direct, dependency or module association"
T0431,CHG001,0,"Scenario CHG001: Direct, dependency or module association"
T0432,CHG001,0,"Scenario CHG001: Direct, dependency or module association"
T0433,CHG001,0,"Scenario CHG001: Direct, dependency or module association"
T0434,CHG001,0,"Scenario CHG001: Direct, dependency or module association"
T0435,CHG001,0,"Scenario CHG001: Direct, dependency or module association"
T0436,CHG001,1,"Scenario CHG001: Direct, dependency or module association"
T0437,CHG001,0,"Scenario CHG001: Direct, dependency or module association"
T0438,CHG001,0,"Scenario CHG001: Direct, dependency or module association"
T0439,CHG001,0,"Scenario CHG001: Direct, dependency or module association"
T0440,CHG001,0,"Scenario CHG001: Direct, dependency or module association"
T0441,CHG001,0,"Scenario CHG001: Direct, dependency or module association"
T0442,CHG001,0,"Scenario CHG001: Direct, dependency or module association"
T0443,CHG001,0,"Scenario CHG001: Direct, dependency or module association"
T0444,CHG001,0,"Scenario CHG001: Direct, dependency or module association"
T0445,CHG001,0,"Scenario CHG001: Direct, dependency or module association"
T0446,CHG001,0,"Scenario CHG001: Direct, dependency or module association"
T0447,CHG001,0,"Scenario CHG001: Direct, dependency or module association"
T0448,CHG001,0,"Scenario CHG001: Direct, dependency or module association"
T0449,CHG001,0,"Scenario CHG001: Direct, dependency or module association"
T0450,CHG001,1,"Scenario CHG001: Direct, dependency or module association"
T0451,CHG001,0,"Scenario CHG001: Direct, dependency or module association"
T0452,CHG001,0,"Scenario CHG001: Direct, dependency or module association"
T0453,CHG001,0,"Scenario CHG001: Direct, dependency or module association"
T0454,CHG001,0,"Scenario CHG001: Direct, dependency or module association"
T0455,CHG001,1,"Scenario CHG001: Direct, dependency or module association"
T0456,CHG001,0,"Scenario CHG001: Direct, dependency or module association"
T0457,CHG001,0,"Scenario CHG001: Direct, dependency or module association"
T0458,CHG001,0,"Scenario CHG001: Direct, dependency or module association"
T0459,CHG001,0,"Scenario CHG001: Direct, dependency or module association"
T0460,CHG001,0,"Scenario CHG001: Direct, dependency or module association"
T0461,CHG001,0,"Scenario CHG001: Direct, dependency or module association"
T0462,CHG001,0,"Scenario CHG001: Direct, dependency or module association"
T0463,CHG001,0,"Scenario CHG001: Direct, dependency or module association"
T0464,CHG001,0,"Scenario CHG001: Direct, dependency or module association"
T0465,CHG001,1,"Scenario CHG001: Direct, dependency or module association"
T0466,CHG001,0,"Scenario CHG001: Direct, dependency or module association"
T0467,CHG001,0,"Scenario CHG001: Direct, dependency or module association"
T0468,CHG001,0,"Scenario CHG001: Direct, dependency or module association"
T0469,CHG001,0,"Scenario CHG001: Direct, dependency or module association"
T0470,CHG001,0,"Scenario CHG001: Direct, dependency or module association"
T0471,CHG001,0,"Scenario CHG001: Direct, dependency or module association"
T0472,CHG001,0,"Scenario CHG001: Direct, dependency or module association"
T0473,CHG001,0,"Scenario CHG001: Direct, dependency or module association"
T0474,CHG001,0,"Scenario CHG001: Direct, dependency or module association"
T0475,CHG001,0,"Scenario CHG001: Direct, dependency or module association"
T0476,CHG001,0,"Scenario CHG001: Direct, dependency or module association"
T0477,CHG001,0,"Scenario CHG001: Direct, dependency or module association"
T0478,CHG001,0,"Scenario CHG001: Direct, dependency or module association"
T0479,CHG001,0,"Scenario CHG001: Direct, dependency or module association"
T0480,CHG001,0,"Scenario CHG001: Direct, dependency or module association"
T0481,CHG001,0,"Scenario CHG001: Direct, dependency or module association"
T0482,CHG001,0,"Scenario CHG001: Direct, dependency or module association"
T0483,CHG001,0,"Scenario CHG001: Direct, dependency or module association"
T0484,CHG001,1,"Scenario CHG001: Direct, dependency or module association"
T0485,CHG001,0,"Scenario CHG001: Direct, dependency or module association"
T0486,CHG001,0,"Scenario CHG001: Direct, dependency or module association"
T0487,CHG001,0,"Scenario CHG001: Direct, dependency or module association"
T0488,CHG001,0,"Scenario CHG001: Direct, dependency or module association"
T0489,CHG001,0,"Scenario CHG001: Direct, dependency or module association"
T0490,CHG001,0,"Scenario CHG001: Direct, dependency or module association"
T0491,CHG001,0,"Scenario CHG001: Direct, dependency or module association"
T0492,CHG001,0,"Scenario CHG001: Direct, dependency or module association"
T0493,CHG001,0,"Scenario CHG001: Direct, dependency or module association"
T0494,CHG001,0,"Scenario CHG001: Direct, dependency or module association"
T0495,CHG001,0,"Scenario CHG001: Direct, dependency or module association"
T0496,CHG001,0,"Scenario CHG001: Direct, dependency or module association"
T0497,CHG001,1,"Scenario CHG001: Direct, dependency or module association"
T0498,CHG001,0,"Scenario CHG001: Direct, dependency or module association"
T0499,CHG001,0,"Scenario CHG001: Direct, dependency or module association"
T0500,CHG001,0,"Scenario CHG001: Direct, dependency or module association"
T0501,CHG001,0,"Scenario CHG001: Direct, dependency or module association"
T0502,CHG001,0,"Scenario CHG001: Direct, dependency or module association"
T0503,CHG001,0,"Scenario CHG001: Direct, dependency or module association"
T0504,CHG001,1,"Scenario CHG001: Direct, dependency or module association"
T0505,CHG001,1,"Scenario CHG001: Direct, dependency or module association"
T0506,CHG001,0,"Scenario CHG001: Direct, dependency or module association"
T0507,CHG001,0,"Scenario CHG001: Direct, dependency or module association"
T0508,CHG001,0,"Scenario CHG001: Direct, dependency or module association"
T0509,CHG001,0,"Scenario CHG001: Direct, dependency or module association"
T0510,CHG001,0,"Scenario CHG001: Direct, dependency or module association"
T0511,CHG001,0,"Scenario CHG001: Direct, dependency or module association"
T0512,CHG001,0,"Scenario CHG001: Direct, dependency or module association"
T0513,CHG001,1,"Scenario CHG001: Direct, dependency or module association"
T0514,CHG001,0,"Scenario CHG001: Direct, dependency or module association"
T0515,CHG001,1,"Scenario CHG001: Direct, dependency or module association"
T0516,CHG001,1,"Scenario CHG001: Direct, dependency or module association"
T0517,CHG001,0,"Scenario CHG001: Direct, dependency or module association"
T0518,CHG001,1,"Scenario CHG001: Direct, dependency or module association"
T0519,CHG001,0,"Scenario CHG001: Direct, dependency or module association"
T0520,CHG001,0,"Scenario CHG001: Direct, dependency or module association"
T0521,CHG001,0,"Scenario CHG001: Direct, dependency or module association"
T0522,CHG001,0,"Scenario CHG001: Direct, dependency or module association"
T0523,CHG001,0,"Scenario CHG001: Direct, dependency or module association"
T0524,CHG001,0,"Scenario CHG001: Direct, dependency or module association"
T0525,CHG001,0,"Scenario CHG001: Direct, dependency or module association"
T0526,CHG001,0,"Scenario CHG001: Direct, dependency or module association"
T0527,CHG001,0,"Scenario CHG001: Direct, dependency or module association"
T0528,CHG001,0,"Scenario CHG001: Direct, dependency or module association"
T0529,CHG001,0,"Scenario CHG001: Direct, dependency or module association"
T0530,CHG001,0,"Scenario CHG001: Direct, dependency or module association"
T0531,CHG001,0,"Scenario CHG001: Direct, dependency or module association"
T0532,CHG001,0,"Scenario CHG001: Direct, dependency or module association"
T0533,CHG001,0,"Scenario CHG001: Direct, dependency or module association"
T0534,CHG001,0,"Scenario CHG001: Direct, dependency or module association"
T0535,CHG001,0,"Scenario CHG001: Direct, dependency or module association"
T0536,CHG001,0,"Scenario CHG001: Direct, dependency or module association"
T0537,CHG001,0,"Scenario CHG001: Direct, dependency or module association"
T0538,CHG001,1,"Scenario CHG001: Direct, dependency or module association"
T0539,CHG001,1,"Scenario CHG001: Direct, dependency or module association"
T0540,CHG001,0,"Scenario CHG001: Direct, dependency or module association"
T0541,CHG001,0,"Scenario CHG001: Direct, dependency or module association"
T0542,CHG001,0,"Scenario CHG001: Direct, dependency or module association"
T0543,CHG001,0,"Scenario CHG001: Direct, dependency or module association"
T0544,CHG001,0,"Scenario CHG001: Direct, dependency or module association"
T0545,CHG001,0,"Scenario CHG001: Direct, dependency or module association"
T0546,CHG001,0,"Scenario CHG001: Direct, dependency or module association"
T0547,CHG001,0,"Scenario CHG001: Direct, dependency or module association"
T0548,CHG001,1,"Scenario CHG001: Direct, dependency or module association"
T0549,CHG001,0,"Scenario CHG001: Direct, dependency or module association"
T0550,CHG001,1,"Scenario CHG001: Direct, dependency or module association"
T0551,CHG001,0,"Scenario CHG001: Direct, dependency or module association"
T0552,CHG001,0,"Scenario CHG001: Direct, dependency or module association"
T0553,CHG001,1,"Scenario CHG001: Direct, dependency or module association"
T0554,CHG001,0,"Scenario CHG001: Direct, dependency or module association"
T0555,CHG001,0,"Scenario CHG001: Direct, dependency or module association"
T0556,CHG001,0,"Scenario CHG001: Direct, dependency or module association"
T0557,CHG001,0,"Scenario CHG001: Direct, dependency or module association"
T0558,CHG001,0,"Scenario CHG001: Direct, dependency or module association"
T0559,CHG001,0,"Scenario CHG001: Direct, dependency or module association"
T0560,CHG001,0,"Scenario CHG001: Direct, dependency or module association"
T0561,CHG001,0,"Scenario CHG001: Direct, dependency or module association"
T0562,CHG001,0,"Scenario CHG001: Direct, dependency or module association"
T0563,CHG001,0,"Scenario CHG001: Direct, dependency or module association"
T0564,CHG001,1,"Scenario CHG001: Direct, dependency or module association"
T0565,CHG001,0,"Scenario CHG001: Direct, dependency or module association"
T0566,CHG001,0,"Scenario CHG001: Direct, dependency or module association"
T0567,CHG001,0,"Scenario CHG001: Direct, dependency or module association"
T0568,CHG001,0,"Scenario CHG001: Direct, dependency or module association"
T0569,CHG001,0,"Scenario CHG001: Direct, dependency or module association"
T0570,CHG001,0,"Scenario CHG001: Direct, dependency or module association"
T0571,CHG001,0,"Scenario CHG001: Direct, dependency or module association"
T0572,CHG001,0,"Scenario CHG001: Direct, dependency or module association"
T0573,CHG001,0,"Scenario CHG001: Direct, dependency or module association"
T0574,CHG001,0,"Scenario CHG001: Direct, dependency or module association"
T0575,CHG001,1,"Scenario CHG001: Direct, dependency or module association"
T0576,CHG001,1,"Scenario CHG001: Direct, dependency or module association"
T0577,CHG001,0,"Scenario CHG001: Direct, dependency or module association"
T0578,CHG001,0,"Scenario CHG001: Direct, dependency or module association"
T0579,CHG001,0,"Scenario CHG001: Direct, dependency or module association"
T0580,CHG001,0,"Scenario CHG001: Direct, dependency or module association"
T0581,CHG001,0,"Scenario CHG001: Direct, dependency or module association"
T0582,CHG001,0,"Scenario CHG001: Direct, dependency or module association"
T0583,CHG001,0,"Scenario CHG001: Direct, dependency or module association"
T0584,CHG001,0,"Scenario CHG001: Direct, dependency or module association"
T0585,CHG001,0,"Scenario CHG001: Direct, dependency or module association"
T0586,CHG001,1,"Scenario CHG001: Direct, dependency or module association"
T0587,CHG001,1,"Scenario CHG001: Direct, dependency or module association"
T0588,CHG001,1,"Scenario CHG001: Direct, dependency or module association"
T0589,CHG001,0,"Scenario CHG001: Direct, dependency or module association"
T0590,CHG001,0,"Scenario CHG001: Direct, dependency or module association"
T0591,CHG001,0,"Scenario CHG001: Direct, dependency or module association"
T0592,CHG001,0,"Scenario CHG001: Direct, dependency or module association"
T0593,CHG001,1,"Scenario CHG001: Direct, dependency or module association"
T0594,CHG001,0,"Scenario CHG001: Direct, dependency or module association"
T0595,CHG001,0,"Scenario CHG001: Direct, dependency or module association"
T0596,CHG001,1,"Scenario CHG001: Direct, dependency or module association"
T0597,CHG001,0,"Scenario CHG001: Direct, dependency or module association"
T0598,CHG001,0,"Scenario CHG001: Direct, dependency or module association"
T0599,CHG001,0,"Scenario CHG001: Direct, dependency or module association"
T0600,CHG001,1,"Scenario CHG001: Direct, dependency or module association"
T0601,CHG001,0,"Scenario CHG001: Direct, dependency or module association"
T0602,CHG001,0,"Scenario CHG001: Direct, dependency or module association"
T0603,CHG001,0,"Scenario CHG001: Direct, dependency or module association"
T0604,CHG001,0,"Scenario CHG001: Direct, dependency or module association"
T0605,CHG001,1,"Scenario CHG001: Direct, dependency or module association"
T0606,CHG001,0,"Scenario CHG001: Direct, dependency or module association"
T0607,CHG001,0,"Scenario CHG001: Direct, dependency or module association"
T0608,CHG001,0,"Scenario CHG001: Direct, dependency or module association"
T0609,CHG001,0,"Scenario CHG001: Direct, dependency or module association"
T0610,CHG001,0,"Scenario CHG001: Direct, dependency or module association"
T0611,CHG001,0,"Scenario CHG001: Direct, dependency or module association"
T0612,CHG001,0,"Scenario CHG001: Direct, dependency or module association"
T0613,CHG001,0,"Scenario CHG001: Direct, dependency or module association"
T0614,CHG001,0,"Scenario CHG001: Direct, dependency or module association"
T0615,CHG001,0,"Scenario CHG001: Direct, dependency or module association"
T0616,CHG001,0,"Scenario CHG001: Direct, dependency or module association"
T0617,CHG001,0,"Scenario CHG001: Direct, dependency or module association"
T0618,CHG001,1,"Scenario CHG001: Direct, dependency or module association"
T0619,CHG001,1,"Scenario CHG001: Direct, dependency or module association"
T0620,CHG001,0,"Scenario CHG001: Direct, dependency or module association"
T0621,CHG001,0,"Scenario CHG001: Direct, dependency or module association"
T0622,CHG001,0,"Scenario CHG001: Direct, dependency or module association"
T0623,CHG001,0,"Scenario CHG001: Direct, dependency or module association"
T0624,CHG001,0,"Scenario CHG001: Direct, dependency or module association"
T0625,CHG001,0,"Scenario CHG001: Direct, dependency or module association"
T0626,CHG001,1,"Scenario CHG001: Direct, dependency or module association"
T0627,CHG001,0,"Scenario CHG001: Direct, dependency or module association"
T0628,CHG001,0,"Scenario CHG001: Direct, dependency or module association"
T0629,CHG001,0,"Scenario CHG001: Direct, dependency or module association"
T0630,CHG001,0,"Scenario CHG001: Direct, dependency or module association"
T0631,CHG001,0,"Scenario CHG001: Direct, dependency or module association"
T0632,CHG001,0,"Scenario CHG001: Direct, dependency or module association"
T0633,CHG001,0,"Scenario CHG001: Direct, dependency or module association"
T0634,CHG001,0,"Scenario CHG001: Direct, dependency or module association"
T0635,CHG001,0,"Scenario CHG001: Direct, dependency or module association"
T0636,CHG001,0,"Scenario CHG001: Direct, dependency or module association"
T0637,CHG001,0,"Scenario CHG001: Direct, dependency or module association"
T0638,CHG001,0,"Scenario CHG001: Direct, dependency or module association"
T0639,CHG001,0,"Scenario CHG001: Direct, dependency or module association"
T0640,CHG001,0,"Scenario CHG001: Direct, dependency or module association"
T0641,CHG001,0,"Scenario CHG001: Direct, dependency or module association"
T0642,CHG001,0,"Scenario CHG001: Direct, dependency or module association"
T0643,CHG001,0,"Scenario CHG001: Direct, dependency or module association"
T0644,CHG001,0,"Scenario CHG001: Direct, dependency or module association"
T0645,CHG001,1,"Scenario CHG001: Direct, dependency or module association"
T0646,CHG001,0,"Scenario CHG001: Direct, dependency or module association"
T0647,CHG001,1,"Scenario CHG001: Direct, dependency or module association"
T0648,CHG001,0,"Scenario CHG001: Direct, dependency or module association"
T0649,CHG001,0,"Scenario CHG001: Direct, dependency or module association"
T0650,CHG001,0,"Scenario CHG001: Direct, dependency or module association"
T0651,CHG001,0,"Scenario CHG001: Direct, dependency or module association"
T0652,CHG001,1,"Scenario CHG001: Direct, dependency or module association"
T0653,CHG001,0,"Scenario CHG001: Direct, dependency or module association"
T0654,CHG001,0,"Scenario CHG001: Direct, dependency or module association"
T0655,CHG001,0,"Scenario CHG001: Direct, dependency or module association"
T0656,CHG001,0,"Scenario CHG001: Direct, dependency or module association"
T0657,CHG001,1,"Scenario CHG001: Direct, dependency or module association"
T0658,CHG001,0,"Scenario CHG001: Direct, dependency or module association"
T0659,CHG001,1,"Scenario CHG001: Direct, dependency or module association"
T0660,CHG001,0,"Scenario CHG001: Direct, dependency or module association"
T0661,CHG001,0,"Scenario CHG001: Direct, dependency or module association"
T0662,CHG001,0,"Scenario CHG001: Direct, dependency or module association"
T0663,CHG001,0,"Scenario CHG001: Direct, dependency or module association"
T0664,CHG001,0,"Scenario CHG001: Direct, dependency or module association"
T0665,CHG001,0,"Scenario CHG001: Direct, dependency or module association"
T0666,CHG001,0,"Scenario CHG001: Direct, dependency or module association"
T0667,CHG001,0,"Scenario CHG001: Direct, dependency or module association"
T0668,CHG001,0,"Scenario CHG001: Direct, dependency or module association"
T0669,CHG001,0,"Scenario CHG001: Direct, dependency or module association"
T0670,CHG001,0,"Scenario CHG001: Direct, dependency or module association"
T0671,CHG001,0,"Scenario CHG001: Direct, dependency or module association"
T0672,CHG001,0,"Scenario CHG001: Direct, dependency or module association"
T0673,CHG001,0,"Scenario CHG001: Direct, dependency or module association"
T0674,CHG001,1,"Scenario CHG001: Direct, dependency or module association"
T0675,CHG001,0,"Scenario CHG001: Direct, dependency or module association"
T0676,CHG001,0,"Scenario CHG001: Direct, dependency or module association"
T0677,CHG001,0,"Scenario CHG001: Direct, dependency or module association"
T0678,CHG001,1,"Scenario CHG001: Direct, dependency or module association"
T0679,CHG001,0,"Scenario CHG001: Direct, dependency or module association"
T0680,CHG001,0,"Scenario CHG001: Direct, dependency or module association"
T0681,CHG001,0,"Scenario CHG001: Direct, dependency or module association"
T0682,CHG001,0,"Scenario CHG001: Direct, dependency or module association"
T0683,CHG001,0,"Scenario CHG001: Direct, dependency or module association"
T0684,CHG001,0,"Scenario CHG001: Direct, dependency or module association"
T0685,CHG001,0,"Scenario CHG001: Direct, dependency or module association"
T0686,CHG001,0,"Scenario CHG001: Direct, dependency or module association"
T0687,CHG001,0,"Scenario CHG001: Direct, dependency or module association"
T0688,CHG001,0,"Scenario CHG001: Direct, dependency or module association"
T0689,CHG001,0,"Scenario CHG001: Direct, dependency or module association"
T0690,CHG001,0,"Scenario CHG001: Direct, dependency or module association"
T0691,CHG001,1,"Scenario CHG001: Direct, dependency or module association"
T0692,CHG001,0,"Scenario CHG001: Direct, dependency or module association"
T0693,CHG001,0,"Scenario CHG001: Direct, dependency or module association"
T0694,CHG001,0,"Scenario CHG001: Direct, dependency or module association"
T0695,CHG001,0,"Scenario CHG001: Direct, dependency or module association"
T0696,CHG001,0,"Scenario CHG001: Direct, dependency or module association"
T0697,CHG001,0,"Scenario CHG001: Direct, dependency or module association"
T0698,CHG001,0,"Scenario CHG001: Direct, dependency or module association"
T0699,CHG001,0,"Scenario CHG001: Direct, dependency or module association"
T0700,CHG001,0,"Scenario CHG001: Direct, dependency or module association"
T0701,CHG001,0,"Scenario CHG001: Direct, dependency or module association"
T0702,CHG001,0,"Scenario CHG001: Direct, dependency or module association"
T0703,CHG001,0,"Scenario CHG001: Direct, dependency or module association"
T0704,CHG001,1,"Scenario CHG001: Direct, dependency or module association"
T0705,CHG001,0,"Scenario CHG001: Direct, dependency or module association"
T0706,CHG001,0,"Scenario CHG001: Direct, dependency or module association"
T0707,CHG001,0,"Scenario CHG001: Direct, dependency or module association"
T0708,CHG001,0,"Scenario CHG001: Direct, dependency or module association"
T0709,CHG001,0,"Scenario CHG001: Direct, dependency or module association"
T0710,CHG001,0,"Scenario CHG001: Direct, dependency or module association"
T0711,CHG001,0,"Scenario CHG001: Direct, dependency or module association"
T0712,CHG001,0,"Scenario CHG001: Direct, dependency or module association"
T0713,CHG001,0,"Scenario CHG001: Direct, dependency or module association"
T0714,CHG001,0,"Scenario CHG001: Direct, dependency or module association"
T0715,CHG001,0,"Scenario CHG001: Direct, dependency or module association"
T0716,CHG001,0,"Scenario CHG001: Direct, dependency or module association"
T0717,CHG001,0,"Scenario CHG001: Direct, dependency or module association"
T0718,CHG001,0,"Scenario CHG001: Direct, dependency or module association"
T0719,CHG001,0,"Scenario CHG001: Direct, dependency or module association"
T0720,CHG001,0,"Scenario CHG001: Direct, dependency or module association"
T0721,CHG001,0,"Scenario CHG001: Direct, dependency or module association"
T0722,CHG001,0,"Scenario CHG001: Direct, dependency or module association"
T0723,CHG001,1,"Scenario CHG001: Direct, dependency or module association"
T0724,CHG001,0,"Scenario CHG001: Direct, dependency or module association"
T0725,CHG001,0,"Scenario CHG001: Direct, dependency or module association"
T0726,CHG001,0,"Scenario CHG001: Direct, dependency or module association"
T0727,CHG001,0,"Scenario CHG001: Direct, dependency or module association"
T0728,CHG001,0,"Scenario CHG001: Direct, dependency or module association"
T0729,CHG001,1,"Scenario CHG001: Direct, dependency or module association"
T0730,CHG001,0,"Scenario CHG001: Direct, dependency or module association"
T0731,CHG001,0,"Scenario CHG001: Direct, dependency or module association"
T0732,CHG001,0,"Scenario CHG001: Direct, dependency or module association"
T0733,CHG001,0,"Scenario CHG001: Direct, dependency or module association"
T0734,CHG001,0,"Scenario CHG001: Direct, dependency or module association"
T0735,CHG001,0,"Scenario CHG001: Direct, dependency or module association"
T0736,CHG001,0,"Scenario CHG001: Direct, dependency or module association"
T0737,CHG001,0,"Scenario CHG001: Direct, dependency or module association"
T0738,CHG001,0,"Scenario CHG001: Direct, dependency or module association"
T0739,CHG001,0,"Scenario CHG001: Direct, dependency or module association"
T0740,CHG001,0,"Scenario CHG001: Direct, dependency or module association"
T0741,CHG001,1,"Scenario CHG001: Direct, dependency or module association"
T0742,CHG001,0,"Scenario CHG001: Direct, dependency or module association"
T0743,CHG001,0,"Scenario CHG001: Direct, dependency or module association"
T0744,CHG001,0,"Scenario CHG001: Direct, dependency or module association"
T0745,CHG001,1,"Scenario CHG001: Direct, dependency or module association"
T0746,CHG001,0,"Scenario CHG001: Direct, dependency or module association"
T0747,CHG001,0,"Scenario CHG001: Direct, dependency or module association"
T0748,CHG001,0,"Scenario CHG001: Direct, dependency or module association"
T0749,CHG001,0,"Scenario CHG001: Direct, dependency or module association"
T0750,CHG001,0,"Scenario CHG001: Direct, dependency or module association"
T0751,CHG001,0,"Scenario CHG001: Direct, dependency or module association"
T0752,CHG001,0,"Scenario CHG001: Direct, dependency or module association"
T0753,CHG001,0,"Scenario CHG001: Direct, dependency or module association"
T0754,CHG001,0,"Scenario CHG001: Direct, dependency or module association"
T0755,CHG001,0,"Scenario CHG001: Direct, dependency or module association"
T0756,CHG001,0,"Scenario CHG001: Direct, dependency or module association"
T0757,CHG001,0,"Scenario CHG001: Direct, dependency or module association"
T0758,CHG001,0,"Scenario CHG001: Direct, dependency or module association"
T0759,CHG001,0,"Scenario CHG001: Direct, dependency or module association"
T0760,CHG001,0,"Scenario CHG001: Direct, dependency or module association"
T0761,CHG001,0,"Scenario CHG001: Direct, dependency or module association"
T0762,CHG001,0,"Scenario CHG001: Direct, dependency or module association"
T0763,CHG001,0,"Scenario CHG001: Direct, dependency or module association"
T0764,CHG001,1,"Scenario CHG001: Direct, dependency or module association"
T0765,CHG001,0,"Scenario CHG001: Direct, dependency or module association"
T0766,CHG001,0,"Scenario CHG001: Direct, dependency or module association"
T0767,CHG001,0,"Scenario CHG001: Direct, dependency or module association"
T0768,CHG001,0,"Scenario CHG001: Direct, dependency or module association"
T0769,CHG001,0,"Scenario CHG001: Direct, dependency or module association"
T0770,CHG001,0,"Scenario CHG001: Direct, dependency or module association"
T0771,CHG001,0,"Scenario CHG001: Direct, dependency or module association"
T0772,CHG001,0,"Scenario CHG001: Direct, dependency or module association"
T0773,CHG001,0,"Scenario CHG001: Direct, dependency or module association"
T0774,CHG001,0,"Scenario CHG001: Direct, dependency or module association"
T0775,CHG001,0,"Scenario CHG001: Direct, dependency or module association"
T0776,CHG001,0,"Scenario CHG001: Direct, dependency or module association"
T0777,CHG001,0,"Scenario CHG001: Direct, dependency or module association"
T0778,CHG001,0,"Scenario CHG001: Direct, dependency or module association"
T0779,CHG001,0,"Scenario CHG001: Direct, dependency or module association"
T0780,CHG001,0,"Scenario CHG001: Direct, dependency or module association"
T0781,CHG001,0,"Scenario CHG001: Direct, dependency or module association"
T0782,CHG001,0,"Scenario CHG001: Direct, dependency or module association"
T0783,CHG001,0,"Scenario CHG001: Direct, dependency or module association"
T0784,CHG001,0,"Scenario CHG001: Direct, dependency or module association"
T0785,CHG001,0,"Scenario CHG001: Direct, dependency or module association"
T0786,CHG001,1,"Scenario CHG001: Direct, dependency or module association"
T0787,CHG001,0,"Scenario CHG001: Direct, dependency or module association"
T0788,CHG001,1,"Scenario CHG001: Direct, dependency or module association"
T0789,CHG001,0,"Scenario CHG001: Direct, dependency or module association"
T0790,CHG001,0,"Scenario CHG001: Direct, dependency or module association"
T0791,CHG001,0,"Scenario CHG001: Direct, dependency or module association"
T0792,CHG001,1,"Scenario CHG001: Direct, dependency or module association"
T0793,CHG001,0,"Scenario CHG001: Direct, dependency or module association"
T0794,CHG001,0,"Scenario CHG001: Direct, dependency or module association"
T0795,CHG001,0,"Scenario CHG001: Direct, dependency or module association"
T0796,CHG001,0,"Scenario CHG001: Direct, dependency or module association"
T0797,CHG001,0,"Scenario CHG001: Direct, dependency or module association"
T0798,CHG001,1,"Scenario CHG001: Direct, dependency or module association"
T0799,CHG001,1,"Scenario CHG001: Direct, dependency or module association"
T0800,CHG001,0,"Scenario CHG001: Direct, dependency or module association"
T0801,CHG001,0,"Scenario CHG001: Direct, dependency or module association"
T0802,CHG001,0,"Scenario CHG001: Direct, dependency or module association"
T0803,CHG001,0,"Scenario CHG001: Direct, dependency or module association"
T0804,CHG001,0,"Scenario CHG001: Direct, dependency or module association"
T0805,CHG001,0,"Scenario CHG001: Direct, dependency or module association"
T0806,CHG001,0,"Scenario CHG001: Direct, dependency or module association"
T0807,CHG001,0,"Scenario CHG001: Direct, dependency or module association"
T0808,CHG001,0,"Scenario CHG001: Direct, dependency or module association"
T0809,CHG001,0,"Scenario CHG001: Direct, dependency or module association"
T0810,CHG001,0,"Scenario CHG001: Direct, dependency or module association"
T0811,CHG001,0,"Scenario CHG001: Direct, dependency or module association"
T0812,CHG001,0,"Scenario CHG001: Direct, dependency or module association"
T0813,CHG001,0,"Scenario CHG001: Direct, dependency or module association"
T0814,CHG001,0,"Scenario CHG001: Direct, dependency or module association"
T0815,CHG001,0,"Scenario CHG001: Direct, dependency or module association"
T0816,CHG001,0,"Scenario CHG001: Direct, dependency or module association"
T0817,CHG001,0,"Scenario CHG001: Direct, dependency or module association"
T0818,CHG001,0,"Scenario CHG001: Direct, dependency or module association"
T0819,CHG001,0,"Scenario CHG001: Direct, dependency or module association"
T0820,CHG001,0,"Scenario CHG001: Direct, dependency or module association"
T0821,CHG001,0,"Scenario CHG001: Direct, dependency or module association"
T0822,CHG001,0,"Scenario CHG001: Direct, dependency or module association"
T0823,CHG001,1,"Scenario CHG001: Direct, dependency or module association"
T0824,CHG001,1,"Scenario CHG001: Direct, dependency or module association"
T0825,CHG001,0,"Scenario CHG001: Direct, dependency or module association"
T0826,CHG001,0,"Scenario CHG001: Direct, dependency or module association"
T0827,CHG001,0,"Scenario CHG001: Direct, dependency or module association"
T0828,CHG001,0,"Scenario CHG001: Direct, dependency or module association"
T0829,CHG001,0,"Scenario CHG001: Direct, dependency or module association"
T0830,CHG001,0,"Scenario CHG001: Direct, dependency or module association"
T0831,CHG001,0,"Scenario CHG001: Direct, dependency or module association"
T0832,CHG001,0,"Scenario CHG001: Direct, dependency or module association"
T0833,CHG001,0,"Scenario CHG001: Direct, dependency or module association"
T0834,CHG001,0,"Scenario CHG001: Direct, dependency or module association"
T0835,CHG001,0,"Scenario CHG001: Direct, dependency or module association"
T0836,CHG001,0,"Scenario CHG001: Direct, dependency or module association"
T0837,CHG001,0,"Scenario CHG001: Direct, dependency or module association"
T0838,CHG001,0,"Scenario CHG001: Direct, dependency or module association"
T0839,CHG001,0,"Scenario CHG001: Direct, dependency or module association"
T0840,CHG001,0,"Scenario CHG001: Direct, dependency or module association"
T0841,CHG001,1,"Scenario CHG001: Direct, dependency or module association"
T0842,CHG001,0,"Scenario CHG001: Direct, dependency or module association"
T0843,CHG001,0,"Scenario CHG001: Direct, dependency or module association"
T0844,CHG001,0,"Scenario CHG001: Direct, dependency or module association"
T0845,CHG001,1,"Scenario CHG001: Direct, dependency or module association"
T0846,CHG001,0,"Scenario CHG001: Direct, dependency or module association"
T0847,CHG001,0,"Scenario CHG001: Direct, dependency or module association"
T0848,CHG001,0,"Scenario CHG001: Direct, dependency or module association"
T0849,CHG001,0,"Scenario CHG001: Direct, dependency or module association"
T0850,CHG001,0,"Scenario CHG001: Direct, dependency or module association"
T0851,CHG001,0,"Scenario CHG001: Direct, dependency or module association"
T0852,CHG001,0,"Scenario CHG001: Direct, dependency or module association"
T0853,CHG001,0,"Scenario CHG001: Direct, dependency or module association"
T0854,CHG001,1,"Scenario CHG001: Direct, dependency or module association"
T0855,CHG001,0,"Scenario CHG001: Direct, dependency or module association"
T0856,CHG001,0,"Scenario CHG001: Direct, dependency or module association"
T0857,CHG001,0,"Scenario CHG001: Direct, dependency or module association"
T0858,CHG001,0,"Scenario CHG001: Direct, dependency or module association"
T0859,CHG001,0,"Scenario CHG001: Direct, dependency or module association"
T0860,CHG001,0,"Scenario CHG001: Direct, dependency or module association"
T0861,CHG001,0,"Scenario CHG001: Direct, dependency or module association"
T0862,CHG001,0,"Scenario CHG001: Direct, dependency or module association"
T0863,CHG001,0,"Scenario CHG001: Direct, dependency or module association"
T0864,CHG001,0,"Scenario CHG001: Direct, dependency or module association"
T0865,CHG001,0,"Scenario CHG001: Direct, dependency or module association"
T0866,CHG001,0,"Scenario CHG001: Direct, dependency or module association"
T0867,CHG001,0,"Scenario CHG001: Direct, dependency or module association"
T0868,CHG001,0,"Scenario CHG001: Direct, dependency or module association"
T0869,CHG001,0,"Scenario CHG001: Direct, dependency or module association"
T0870,CHG001,0,"Scenario CHG001: Direct, dependency or module association"
T0871,CHG001,1,"Scenario CHG001: Direct, dependency or module association"
T0872,CHG001,0,"Scenario CHG001: Direct, dependency or module association"
T0873,CHG001,0,"Scenario CHG001: Direct, dependency or module association"
T0874,CHG001,0,"Scenario CHG001: Direct, dependency or module association"
T0875,CHG001,0,"Scenario CHG001: Direct, dependency or module association"
T0876,CHG001,0,"Scenario CHG001: Direct, dependency or module association"
T0877,CHG001,1,"Scenario CHG001: Direct, dependency or module association"
T0878,CHG001,0,"Scenario CHG001: Direct, dependency or module association"
T0879,CHG001,1,"Scenario CHG001: Direct, dependency or module association"
T0880,CHG001,0,"Scenario CHG001: Direct, dependency or module association"
T0881,CHG001,1,"Scenario CHG001: Direct, dependency or module association"
T0882,CHG001,0,"Scenario CHG001: Direct, dependency or module association"
T0883,CHG001,0,"Scenario CHG001: Direct, dependency or module association"
T0884,CHG001,1,"Scenario CHG001: Direct, dependency or module association"
T0885,CHG001,0,"Scenario CHG001: Direct, dependency or module association"
T0886,CHG001,0,"Scenario CHG001: Direct, dependency or module association"
T0887,CHG001,0,"Scenario CHG001: Direct, dependency or module association"
T0888,CHG001,0,"Scenario CHG001: Direct, dependency or module association"
T0889,CHG001,0,"Scenario CHG001: Direct, dependency or module association"
T0890,CHG001,0,"Scenario CHG001: Direct, dependency or module association"
T0891,CHG001,0,"Scenario CHG001: Direct, dependency or module association"
T0892,CHG001,1,"Scenario CHG001: Direct, dependency or module association"
T0893,CHG001,0,"Scenario CHG001: Direct, dependency or module association"
T0894,CHG001,1,"Scenario CHG001: Direct, dependency or module association"
T0895,CHG001,1,"Scenario CHG001: Direct, dependency or module association"
T0896,CHG001,0,"Scenario CHG001: Direct, dependency or module association"
T0897,CHG001,0,"Scenario CHG001: Direct, dependency or module association"
T0898,CHG001,0,"Scenario CHG001: Direct, dependency or module association"
T0899,CHG001,0,"Scenario CHG001: Direct, dependency or module association"
T0900,CHG001,0,"Scenario CHG001: Direct, dependency or module association"
T0901,CHG001,0,"Scenario CHG001: Direct, dependency or module association"
T0902,CHG001,0,"Scenario CHG001: Direct, dependency or module association"
T0903,CHG001,0,"Scenario CHG001: Direct, dependency or module association"
T0904,CHG001,0,"Scenario CHG001: Direct, dependency or module association"
T0905,CHG001,0,"Scenario CHG001: Direct, dependency or module association"
T0906,CHG001,0,"Scenario CHG001: Direct, dependency or module association"
T0907,CHG001,0,"Scenario CHG001: Direct, dependency or module association"
T0908,CHG001,0,"Scenario CHG001: Direct, dependency or module association"
T0909,CHG001,0,"Scenario CHG001: Direct, dependency or module association"
T0910,CHG001,0,"Scenario CHG001: Direct, dependency or module association"
T0911,CHG001,0,"Scenario CHG001: Direct, dependency or module association"
T0912,CHG001,0,"Scenario CHG001: Direct, dependency or module association"
T0913,CHG001,0,"Scenario CHG001: Direct, dependency or module association"
T0914,CHG001,0,"Scenario CHG001: Direct, dependency or module association"
T0915,CHG001,1,"Scenario CHG001: Direct, dependency or module association"
T0916,CHG001,0,"Scenario CHG001: Direct, dependency or module association"
T0917,CHG001,0,"Scenario CHG001: Direct, dependency or module association"
T0918,CHG001,0,"Scenario CHG001: Direct, dependency or module association"
T0919,CHG001,1,"Scenario CHG001: Direct, dependency or module association"
T0920,CHG001,0,"Scenario CHG001: Direct, dependency or module association"
T0921,CHG001,0,"Scenario CHG001: Direct, dependency or module association"
T0922,CHG001,0,"Scenario CHG001: Direct, dependency or module association"
T0923,CHG001,0,"Scenario CHG001: Direct, dependency or module association"
T0924,CHG001,0,"Scenario CHG001: Direct, dependency or module association"
T0925,CHG001,0,"Scenario CHG001: Direct, dependency or module association"
T0926,CHG001,0,"Scenario CHG001: Direct, dependency or module association"
T0927,CHG001,0,"Scenario CHG001: Direct, dependency or module association"
T0928,CHG001,0,"Scenario CHG001: Direct, dependency or module association"
T0929,CHG001,0,"Scenario CHG001: Direct, dependency or module association"
T0930,CHG001,0,"Scenario CHG001: Direct, dependency or module association"
T0931,CHG001,1,"Scenario CHG001: Direct, dependency or module association"
T0932,CHG001,0,"Scenario CHG001: Direct, dependency or module association"
T0933,CHG001,0,"Scenario CHG001: Direct, dependency or module association"
T0934,CHG001,0,"Scenario CHG001: Direct, dependency or module association"
T0935,CHG001,0,"Scenario CHG001: Direct, dependency or module association"
T0936,CHG001,0,"Scenario CHG001: Direct, dependency or module association"
T0937,CHG001,0,"Scenario CHG001: Direct, dependency or module association"
T0938,CHG001,0,"Scenario CHG001: Direct, dependency or module association"
T0939,CHG001,1,"Scenario CHG001: Direct, dependency or module association"
T0940,CHG001,0,"Scenario CHG001: Direct, dependency or module association"
T0941,CHG001,0,"Scenario CHG001: Direct, dependency or module association"
T0942,CHG001,0,"Scenario CHG001: Direct, dependency or module association"
T0943,CHG001,0,"Scenario CHG001: Direct, dependency or module association"
T0944,CHG001,0,"Scenario CHG001: Direct, dependency or module association"
T0945,CHG001,0,"Scenario CHG001: Direct, dependency or module association"
T0946,CHG001,0,"Scenario CHG001: Direct, dependency or module association"
T0947,CHG001,1,"Scenario CHG001: Direct, dependency or module association"
T0948,CHG001,0,"Scenario CHG001: Direct, dependency or module association"
T0949,CHG001,0,"Scenario CHG001: Direct, dependency or module association"
T0950,CHG001,0,"Scenario CHG001: Direct, dependency or module association"
T0951,CHG001,0,"Scenario CHG001: Direct, dependency or module association"
T0952,CHG001,0,"Scenario CHG001: Direct, dependency or module association"
T0953,CHG001,0,"Scenario CHG001: Direct, dependency or module association"
T0954,CHG001,0,"Scenario CHG001: Direct, dependency or module association"
T0955,CHG001,0,"Scenario CHG001: Direct, dependency or module association"
T0956,CHG001,0,"Scenario CHG001: Direct, dependency or module association"
T0957,CHG001,0,"Scenario CHG001: Direct, dependency or module association"
T0958,CHG001,0,"Scenario CHG001: Direct, dependency or module association"
T0959,CHG001,0,"Scenario CHG001: Direct, dependency or module association"
T0960,CHG001,0,"Scenario CHG001: Direct, dependency or module association"
T0961,CHG001,0,"Scenario CHG001: Direct, dependency or module association"
T0962,CHG001,0,"Scenario CHG001: Direct, dependency or module association"
T0963,CHG001,0,"Scenario CHG001: Direct, dependency or module association"
T0964,CHG001,0,"Scenario CHG001: Direct, dependency or module association"
T0965,CHG001,0,"Scenario CHG001: Direct, dependency or module association"
T0966,CHG001,0,"Scenario CHG001: Direct, dependency or module association"
T0967,CHG001,0,"Scenario CHG001: Direct, dependency or module association"
T0968,CHG001,0,"Scenario CHG001: Direct, dependency or module association"
T0969,CHG001,0,"Scenario CHG001: Direct, dependency or module association"
T0970,CHG001,0,"Scenario CHG001: Direct, dependency or module association"
T0971,CHG001,0,"Scenario CHG001: Direct, dependency or module association"
T0972,CHG001,0,"Scenario CHG001: Direct, dependency or module association"
T0973,CHG001,0,"Scenario CHG001: Direct, dependency or module association"
T0974,CHG001,0,"Scenario CHG001: Direct, dependency or module association"
T0975,CHG001,0,"Scenario CHG001: Direct, dependency or module association"
T0976,CHG001,1,"Scenario CHG001: Direct, dependency or module association"
T0977,CHG001,0,"Scenario CHG001: Direct, dependency or module association"
T0978,CHG001,0,"Scenario CHG001: Direct, dependency or module association"
T0979,CHG001,0,"Scenario CHG001: Direct, dependency or module association"
T0980,CHG001,0,"Scenario CHG001: Direct, dependency or module association"
T0981,CHG001,0,"Scenario CHG001: Direct, dependency or module association"
T0982,CHG001,1,"Scenario CHG001: Direct, dependency or module association"
T0983,CHG001,0,"Scenario CHG001: Direct, dependency or module association"
T0984,CHG001,0,"Scenario CHG001: Direct, dependency or module association"
T0985,CHG001,0,"Scenario CHG001: Direct, dependency or module association"
T0986,CHG001,0,"Scenario CHG001: Direct, dependency or module association"
T0987,CHG001,0,"Scenario CHG001: Direct, dependency or module association"
T0988,CHG001,0,"Scenario CHG001: Direct, dependency or module association"
T0989,CHG001,0,"Scenario CHG001: Direct, dependency or module association"
T0990,CHG001,0,"Scenario CHG001: Direct, dependency or module association"
T0991,CHG001,0,"Scenario CHG001: Direct, dependency or module association"
T0992,CHG001,0,"Scenario CHG001: Direct, dependency or module association"
T0993,CHG001,0,"Scenario CHG001: Direct, dependency or module association"
T0994,CHG001,0,"Scenario CHG001: Direct, dependency or module association"
T0995,CHG001,0,"Scenario CHG001: Direct, dependency or module association"
T0996,CHG001,0,"Scenario CHG001: Direct, dependency or module association"
T0997,CHG001,1,"Scenario CHG001: Direct, dependency or module association"
T0998,CHG001,0,"Scenario CHG001: Direct, dependency or module association"
T0999,CHG001,0,"Scenario CHG001: Direct, dependency or module association"
T1000,CHG001,0,"Scenario CHG001: Direct, dependency or module association"
T0001,CHG003,0,"Scenario CHG003: Direct, dependency or module association"
T0002,CHG003,0,"Scenario CHG003: Direct, dependency or module association"
T0003,CHG003,0,"Scenario CHG003: Direct, dependency or module association"
T0004,CHG003,0,"Scenario CHG003: Direct, dependency or module association"
T0005,CHG003,0,"Scenario CHG003: Direct, dependency or module association"
T0006,CHG003,0,"Scenario CHG003: Direct, dependency or module association"
T0007,CHG003,0,"Scenario CHG003: Direct, dependency or module association"
T0008,CHG003,0,"Scenario CHG003: Direct, dependency or module association"
T0009,CHG003,0,"Scenario CHG003: Direct, dependency or module association"
T0010,CHG003,0,"Scenario CHG003: Direct, dependency or module association"
T0011,CHG003,0,"Scenario CHG003: Direct, dependency or module association"
T0012,CHG003,0,"Scenario CHG003: Direct, dependency or module association"
T0013,CHG003,0,"Scenario CHG003: Direct, dependency or module association"
T0014,CHG003,0,"Scenario CHG003: Direct, dependency or module association"
T0015,CHG003,0,"Scenario CHG003: Direct, dependency or module association"
T0016,CHG003,0,"Scenario CHG003: Direct, dependency or module association"
T0017,CHG003,0,"Scenario CHG003: Direct, dependency or module association"
T0018,CHG003,0,"Scenario CHG003: Direct, dependency or module association"
T0019,CHG003,0,"Scenario CHG003: Direct, dependency or module association"
T0020,CHG003,0,"Scenario CHG003: Direct, dependency or module association"
T0021,CHG003,1,"Scenario CHG003: Direct, dependency or module association"
T0022,CHG003,0,"Scenario CHG003: Direct, dependency or module association"
T0023,CHG003,0,"Scenario CHG003: Direct, dependency or module association"
T0024,CHG003,0,"Scenario CHG003: Direct, dependency or module association"
T0025,CHG003,0,"Scenario CHG003: Direct, dependency or module association"
T0026,CHG003,0,"Scenario CHG003: Direct, dependency or module association"
T0027,CHG003,0,"Scenario CHG003: Direct, dependency or module association"
T0028,CHG003,0,"Scenario CHG003: Direct, dependency or module association"
T0029,CHG003,0,"Scenario CHG003: Direct, dependency or module association"
T0030,CHG003,0,"Scenario CHG003: Direct, dependency or module association"
T0031,CHG003,0,"Scenario CHG003: Direct, dependency or module association"
T0032,CHG003,0,"Scenario CHG003: Direct, dependency or module association"
T0033,CHG003,0,"Scenario CHG003: Direct, dependency or module association"
T0034,CHG003,0,"Scenario CHG003: Direct, dependency or module association"
T0035,CHG003,0,"Scenario CHG003: Direct, dependency or module association"
T0036,CHG003,0,"Scenario CHG003: Direct, dependency or module association"
T0037,CHG003,1,"Scenario CHG003: Direct, dependency or module association"
T0038,CHG003,1,"Scenario CHG003: Direct, dependency or module association"
T0039,CHG003,0,"Scenario CHG003: Direct, dependency or module association"
T0040,CHG003,0,"Scenario CHG003: Direct, dependency or module association"
T0041,CHG003,0,"Scenario CHG003: Direct, dependency or module association"
T0042,CHG003,0,"Scenario CHG003: Direct, dependency or module association"
T0043,CHG003,0,"Scenario CHG003: Direct, dependency or module association"
T0044,CHG003,0,"Scenario CHG003: Direct, dependency or module association"
T0045,CHG003,0,"Scenario CHG003: Direct, dependency or module association"
T0046,CHG003,0,"Scenario CHG003: Direct, dependency or module association"
T0047,CHG003,0,"Scenario CHG003: Direct, dependency or module association"
T0048,CHG003,0,"Scenario CHG003: Direct, dependency or module association"
T0049,CHG003,0,"Scenario CHG003: Direct, dependency or module association"
T0050,CHG003,1,"Scenario CHG003: Direct, dependency or module association"
T0051,CHG003,0,"Scenario CHG003: Direct, dependency or module association"
T0052,CHG003,0,"Scenario CHG003: Direct, dependency or module association"
T0053,CHG003,0,"Scenario CHG003: Direct, dependency or module association"
T0054,CHG003,1,"Scenario CHG003: Direct, dependency or module association"
T0055,CHG003,0,"Scenario CHG003: Direct, dependency or module association"
T0056,CHG003,0,"Scenario CHG003: Direct, dependency or module association"
T0057,CHG003,0,"Scenario CHG003: Direct, dependency or module association"
T0058,CHG003,0,"Scenario CHG003: Direct, dependency or module association"
T0059,CHG003,0,"Scenario CHG003: Direct, dependency or module association"
T0060,CHG003,0,"Scenario CHG003: Direct, dependency or module association"
T0061,CHG003,0,"Scenario CHG003: Direct, dependency or module association"
T0062,CHG003,0,"Scenario CHG003: Direct, dependency or module association"
T0063,CHG003,0,"Scenario CHG003: Direct, dependency or module association"
T0064,CHG003,0,"Scenario CHG003: Direct, dependency or module association"
T0065,CHG003,0,"Scenario CHG003: Direct, dependency or module association"
T0066,CHG003,0,"Scenario CHG003: Direct, dependency or module association"
T0067,CHG003,0,"Scenario CHG003: Direct, dependency or module association"
T0068,CHG003,0,"Scenario CHG003: Direct, dependency or module association"
T0069,CHG003,0,"Scenario CHG003: Direct, dependency or module association"
T0070,CHG003,0,"Scenario CHG003: Direct, dependency or module association"
T0071,CHG003,0,"Scenario CHG003: Direct, dependency or module association"
T0072,CHG003,0,"Scenario CHG003: Direct, dependency or module association"
T0073,CHG003,0,"Scenario CHG003: Direct, dependency or module association"
T0074,CHG003,0,"Scenario CHG003: Direct, dependency or module association"
T0075,CHG003,0,"Scenario CHG003: Direct, dependency or module association"
T0076,CHG003,0,"Scenario CHG003: Direct, dependency or module association"
T0077,CHG003,0,"Scenario CHG003: Direct, dependency or module association"
T0078,CHG003,0,"Scenario CHG003: Direct, dependency or module association"
T0079,CHG003,0,"Scenario CHG003: Direct, dependency or module association"
T0080,CHG003,0,"Scenario CHG003: Direct, dependency or module association"
T0081,CHG003,0,"Scenario CHG003: Direct, dependency or module association"
T0082,CHG003,0,"Scenario CHG003: Direct, dependency or module association"
T0083,CHG003,0,"Scenario CHG003: Direct, dependency or module association"
T0084,CHG003,0,"Scenario CHG003: Direct, dependency or module association"
T0085,CHG003,0,"Scenario CHG003: Direct, dependency or module association"
T0086,CHG003,0,"Scenario CHG003: Direct, dependency or module association"
T0087,CHG003,0,"Scenario CHG003: Direct, dependency or module association"
T0088,CHG003,0,"Scenario CHG003: Direct, dependency or module association"
T0089,CHG003,0,"Scenario CHG003: Direct, dependency or module association"
T0090,CHG003,0,"Scenario CHG003: Direct, dependency or module association"
T0091,CHG003,0,"Scenario CHG003: Direct, dependency or module association"
T0092,CHG003,0,"Scenario CHG003: Direct, dependency or module association"
T0093,CHG003,0,"Scenario CHG003: Direct, dependency or module association"
T0094,CHG003,0,"Scenario CHG003: Direct, dependency or module association"
T0095,CHG003,0,"Scenario CHG003: Direct, dependency or module association"
T0096,CHG003,0,"Scenario CHG003: Direct, dependency or module association"
T0097,CHG003,0,"Scenario CHG003: Direct, dependency or module association"
T0098,CHG003,0,"Scenario CHG003: Direct, dependency or module association"
T0099,CHG003,0,"Scenario CHG003: Direct, dependency or module association"
T0100,CHG003,0,"Scenario CHG003: Direct, dependency or module association"
T0101,CHG003,0,"Scenario CHG003: Direct, dependency or module association"
T0102,CHG003,0,"Scenario CHG003: Direct, dependency or module association"
T0103,CHG003,0,"Scenario CHG003: Direct, dependency or module association"
T0104,CHG003,0,"Scenario CHG003: Direct, dependency or module association"
T0105,CHG003,0,"Scenario CHG003: Direct, dependency or module association"
T0106,CHG003,0,"Scenario CHG003: Direct, dependency or module association"
T0107,CHG003,0,"Scenario CHG003: Direct, dependency or module association"
T0108,CHG003,0,"Scenario CHG003: Direct, dependency or module association"
T0109,CHG003,0,"Scenario CHG003: Direct, dependency or module association"
T0110,CHG003,1,"Scenario CHG003: Direct, dependency or module association"
T0111,CHG003,0,"Scenario CHG003: Direct, dependency or module association"
T0112,CHG003,0,"Scenario CHG003: Direct, dependency or module association"
T0113,CHG003,0,"Scenario CHG003: Direct, dependency or module association"
T0114,CHG003,0,"Scenario CHG003: Direct, dependency or module association"
T0115,CHG003,0,"Scenario CHG003: Direct, dependency or module association"
T0116,CHG003,0,"Scenario CHG003: Direct, dependency or module association"
T0117,CHG003,0,"Scenario CHG003: Direct, dependency or module association"
T0118,CHG003,0,"Scenario CHG003: Direct, dependency or module association"
T0119,CHG003,0,"Scenario CHG003: Direct, dependency or module association"
T0120,CHG003,0,"Scenario CHG003: Direct, dependency or module association"
T0121,CHG003,0,"Scenario CHG003: Direct, dependency or module association"
T0122,CHG003,0,"Scenario CHG003: Direct, dependency or module association"
T0123,CHG003,0,"Scenario CHG003: Direct, dependency or module association"
T0124,CHG003,0,"Scenario CHG003: Direct, dependency or module association"
T0125,CHG003,0,"Scenario CHG003: Direct, dependency or module association"
T0126,CHG003,0,"Scenario CHG003: Direct, dependency or module association"
T0127,CHG003,0,"Scenario CHG003: Direct, dependency or module association"
T0128,CHG003,0,"Scenario CHG003: Direct, dependency or module association"
T0129,CHG003,0,"Scenario CHG003: Direct, dependency or module association"
T0130,CHG003,0,"Scenario CHG003: Direct, dependency or module association"
T0131,CHG003,1,"Scenario CHG003: Direct, dependency or module association"
T0132,CHG003,0,"Scenario CHG003: Direct, dependency or module association"
T0133,CHG003,0,"Scenario CHG003: Direct, dependency or module association"
T0134,CHG003,0,"Scenario CHG003: Direct, dependency or module association"
T0135,CHG003,1,"Scenario CHG003: Direct, dependency or module association"
T0136,CHG003,0,"Scenario CHG003: Direct, dependency or module association"
T0137,CHG003,0,"Scenario CHG003: Direct, dependency or module association"
T0138,CHG003,0,"Scenario CHG003: Direct, dependency or module association"
T0139,CHG003,0,"Scenario CHG003: Direct, dependency or module association"
T0140,CHG003,0,"Scenario CHG003: Direct, dependency or module association"
T0141,CHG003,0,"Scenario CHG003: Direct, dependency or module association"
T0142,CHG003,0,"Scenario CHG003: Direct, dependency or module association"
T0143,CHG003,0,"Scenario CHG003: Direct, dependency or module association"
T0144,CHG003,1,"Scenario CHG003: Direct, dependency or module association"
T0145,CHG003,0,"Scenario CHG003: Direct, dependency or module association"
T0146,CHG003,0,"Scenario CHG003: Direct, dependency or module association"
T0147,CHG003,0,"Scenario CHG003: Direct, dependency or module association"
T0148,CHG003,0,"Scenario CHG003: Direct, dependency or module association"
T0149,CHG003,0,"Scenario CHG003: Direct, dependency or module association"
T0150,CHG003,0,"Scenario CHG003: Direct, dependency or module association"
T0151,CHG003,0,"Scenario CHG003: Direct, dependency or module association"
T0152,CHG003,0,"Scenario CHG003: Direct, dependency or module association"
T0153,CHG003,0,"Scenario CHG003: Direct, dependency or module association"
T0154,CHG003,1,"Scenario CHG003: Direct, dependency or module association"
T0155,CHG003,0,"Scenario CHG003: Direct, dependency or module association"
T0156,CHG003,0,"Scenario CHG003: Direct, dependency or module association"
T0157,CHG003,0,"Scenario CHG003: Direct, dependency or module association"
T0158,CHG003,0,"Scenario CHG003: Direct, dependency or module association"
T0159,CHG003,0,"Scenario CHG003: Direct, dependency or module association"
T0160,CHG003,0,"Scenario CHG003: Direct, dependency or module association"
T0161,CHG003,0,"Scenario CHG003: Direct, dependency or module association"
T0162,CHG003,0,"Scenario CHG003: Direct, dependency or module association"
T0163,CHG003,0,"Scenario CHG003: Direct, dependency or module association"
T0164,CHG003,0,"Scenario CHG003: Direct, dependency or module association"
T0165,CHG003,0,"Scenario CHG003: Direct, dependency or module association"
T0166,CHG003,0,"Scenario CHG003: Direct, dependency or module association"
T0167,CHG003,0,"Scenario CHG003: Direct, dependency or module association"
T0168,CHG003,0,"Scenario CHG003: Direct, dependency or module association"
T0169,CHG003,0,"Scenario CHG003: Direct, dependency or module association"
T0170,CHG003,0,"Scenario CHG003: Direct, dependency or module association"
T0171,CHG003,0,"Scenario CHG003: Direct, dependency or module association"
T0172,CHG003,0,"Scenario CHG003: Direct, dependency or module association"
T0173,CHG003,0,"Scenario CHG003: Direct, dependency or module association"
T0174,CHG003,0,"Scenario CHG003: Direct, dependency or module association"
T0175,CHG003,0,"Scenario CHG003: Direct, dependency or module association"
T0176,CHG003,0,"Scenario CHG003: Direct, dependency or module association"
T0177,CHG003,0,"Scenario CHG003: Direct, dependency or module association"
T0178,CHG003,0,"Scenario CHG003: Direct, dependency or module association"
T0179,CHG003,0,"Scenario CHG003: Direct, dependency or module association"
T0180,CHG003,0,"Scenario CHG003: Direct, dependency or module association"
T0181,CHG003,0,"Scenario CHG003: Direct, dependency or module association"
T0182,CHG003,0,"Scenario CHG003: Direct, dependency or module association"
T0183,CHG003,0,"Scenario CHG003: Direct, dependency or module association"
T0184,CHG003,0,"Scenario CHG003: Direct, dependency or module association"
T0185,CHG003,0,"Scenario CHG003: Direct, dependency or module association"
T0186,CHG003,0,"Scenario CHG003: Direct, dependency or module association"
T0187,CHG003,0,"Scenario CHG003: Direct, dependency or module association"
T0188,CHG003,0,"Scenario CHG003: Direct, dependency or module association"
T0189,CHG003,1,"Scenario CHG003: Direct, dependency or module association"
T0190,CHG003,0,"Scenario CHG003: Direct, dependency or module association"
T0191,CHG003,0,"Scenario CHG003: Direct, dependency or module association"
T0192,CHG003,0,"Scenario CHG003: Direct, dependency or module association"
T0193,CHG003,0,"Scenario CHG003: Direct, dependency or module association"
T0194,CHG003,0,"Scenario CHG003: Direct, dependency or module association"
T0195,CHG003,0,"Scenario CHG003: Direct, dependency or module association"
T0196,CHG003,0,"Scenario CHG003: Direct, dependency or module association"
T0197,CHG003,0,"Scenario CHG003: Direct, dependency or module association"
T0198,CHG003,0,"Scenario CHG003: Direct, dependency or module association"
T0199,CHG003,0,"Scenario CHG003: Direct, dependency or module association"
T0200,CHG003,0,"Scenario CHG003: Direct, dependency or module association"
T0201,CHG003,0,"Scenario CHG003: Direct, dependency or module association"
T0202,CHG003,0,"Scenario CHG003: Direct, dependency or module association"
T0203,CHG003,0,"Scenario CHG003: Direct, dependency or module association"
T0204,CHG003,0,"Scenario CHG003: Direct, dependency or module association"
T0205,CHG003,0,"Scenario CHG003: Direct, dependency or module association"
T0206,CHG003,0,"Scenario CHG003: Direct, dependency or module association"
T0207,CHG003,0,"Scenario CHG003: Direct, dependency or module association"
T0208,CHG003,0,"Scenario CHG003: Direct, dependency or module association"
T0209,CHG003,0,"Scenario CHG003: Direct, dependency or module association"
T0210,CHG003,0,"Scenario CHG003: Direct, dependency or module association"
T0211,CHG003,0,"Scenario CHG003: Direct, dependency or module association"
T0212,CHG003,0,"Scenario CHG003: Direct, dependency or module association"
T0213,CHG003,0,"Scenario CHG003: Direct, dependency or module association"
T0214,CHG003,1,"Scenario CHG003: Direct, dependency or module association"
T0215,CHG003,0,"Scenario CHG003: Direct, dependency or module association"
T0216,CHG003,0,"Scenario CHG003: Direct, dependency or module association"
T0217,CHG003,0,"Scenario CHG003: Direct, dependency or module association"
T0218,CHG003,0,"Scenario CHG003: Direct, dependency or module association"
T0219,CHG003,0,"Scenario CHG003: Direct, dependency or module association"
T0220,CHG003,0,"Scenario CHG003: Direct, dependency or module association"
T0221,CHG003,0,"Scenario CHG003: Direct, dependency or module association"
T0222,CHG003,1,"Scenario CHG003: Direct, dependency or module association"
T0223,CHG003,0,"Scenario CHG003: Direct, dependency or module association"
T0224,CHG003,1,"Scenario CHG003: Direct, dependency or module association"
T0225,CHG003,0,"Scenario CHG003: Direct, dependency or module association"
T0226,CHG003,0,"Scenario CHG003: Direct, dependency or module association"
T0227,CHG003,0,"Scenario CHG003: Direct, dependency or module association"
T0228,CHG003,0,"Scenario CHG003: Direct, dependency or module association"
T0229,CHG003,0,"Scenario CHG003: Direct, dependency or module association"
T0230,CHG003,0,"Scenario CHG003: Direct, dependency or module association"
T0231,CHG003,0,"Scenario CHG003: Direct, dependency or module association"
T0232,CHG003,1,"Scenario CHG003: Direct, dependency or module association"
T0233,CHG003,0,"Scenario CHG003: Direct, dependency or module association"
T0234,CHG003,0,"Scenario CHG003: Direct, dependency or module association"
T0235,CHG003,0,"Scenario CHG003: Direct, dependency or module association"
T0236,CHG003,0,"Scenario CHG003: Direct, dependency or module association"
T0237,CHG003,0,"Scenario CHG003: Direct, dependency or module association"
T0238,CHG003,0,"Scenario CHG003: Direct, dependency or module association"
T0239,CHG003,1,"Scenario CHG003: Direct, dependency or module association"
T0240,CHG003,0,"Scenario CHG003: Direct, dependency or module association"
T0241,CHG003,0,"Scenario CHG003: Direct, dependency or module association"
T0242,CHG003,0,"Scenario CHG003: Direct, dependency or module association"
T0243,CHG003,0,"Scenario CHG003: Direct, dependency or module association"
T0244,CHG003,0,"Scenario CHG003: Direct, dependency or module association"
T0245,CHG003,0,"Scenario CHG003: Direct, dependency or module association"
T0246,CHG003,0,"Scenario CHG003: Direct, dependency or module association"
T0247,CHG003,1,"Scenario CHG003: Direct, dependency or module association"
T0248,CHG003,0,"Scenario CHG003: Direct, dependency or module association"
T0249,CHG003,0,"Scenario CHG003: Direct, dependency or module association"
T0250,CHG003,0,"Scenario CHG003: Direct, dependency or module association"
T0251,CHG003,0,"Scenario CHG003: Direct, dependency or module association"
T0252,CHG003,0,"Scenario CHG003: Direct, dependency or module association"
T0253,CHG003,0,"Scenario CHG003: Direct, dependency or module association"
T0254,CHG003,0,"Scenario CHG003: Direct, dependency or module association"
T0255,CHG003,0,"Scenario CHG003: Direct, dependency or module association"
T0256,CHG003,0,"Scenario CHG003: Direct, dependency or module association"
T0257,CHG003,0,"Scenario CHG003: Direct, dependency or module association"
T0258,CHG003,0,"Scenario CHG003: Direct, dependency or module association"
T0259,CHG003,0,"Scenario CHG003: Direct, dependency or module association"
T0260,CHG003,1,"Scenario CHG003: Direct, dependency or module association"
T0261,CHG003,1,"Scenario CHG003: Direct, dependency or module association"
T0262,CHG003,0,"Scenario CHG003: Direct, dependency or module association"
T0263,CHG003,0,"Scenario CHG003: Direct, dependency or module association"
T0264,CHG003,0,"Scenario CHG003: Direct, dependency or module association"
T0265,CHG003,0,"Scenario CHG003: Direct, dependency or module association"
T0266,CHG003,0,"Scenario CHG003: Direct, dependency or module association"
T0267,CHG003,1,"Scenario CHG003: Direct, dependency or module association"
T0268,CHG003,0,"Scenario CHG003: Direct, dependency or module association"
T0269,CHG003,0,"Scenario CHG003: Direct, dependency or module association"
T0270,CHG003,0,"Scenario CHG003: Direct, dependency or module association"
T0271,CHG003,0,"Scenario CHG003: Direct, dependency or module association"
T0272,CHG003,1,"Scenario CHG003: Direct, dependency or module association"
T0273,CHG003,0,"Scenario CHG003: Direct, dependency or module association"
T0274,CHG003,0,"Scenario CHG003: Direct, dependency or module association"
T0275,CHG003,1,"Scenario CHG003: Direct, dependency or module association"
T0276,CHG003,0,"Scenario CHG003: Direct, dependency or module association"
T0277,CHG003,0,"Scenario CHG003: Direct, dependency or module association"
T0278,CHG003,0,"Scenario CHG003: Direct, dependency or module association"
T0279,CHG003,0,"Scenario CHG003: Direct, dependency or module association"
T0280,CHG003,0,"Scenario CHG003: Direct, dependency or module association"
T0281,CHG003,0,"Scenario CHG003: Direct, dependency or module association"
T0282,CHG003,0,"Scenario CHG003: Direct, dependency or module association"
T0283,CHG003,0,"Scenario CHG003: Direct, dependency or module association"
T0284,CHG003,0,"Scenario CHG003: Direct, dependency or module association"
T0285,CHG003,0,"Scenario CHG003: Direct, dependency or module association"
T0286,CHG003,0,"Scenario CHG003: Direct, dependency or module association"
T0287,CHG003,0,"Scenario CHG003: Direct, dependency or module association"
T0288,CHG003,0,"Scenario CHG003: Direct, dependency or module association"
T0289,CHG003,0,"Scenario CHG003: Direct, dependency or module association"
T0290,CHG003,0,"Scenario CHG003: Direct, dependency or module association"
T0291,CHG003,0,"Scenario CHG003: Direct, dependency or module association"
T0292,CHG003,0,"Scenario CHG003: Direct, dependency or module association"
T0293,CHG003,1,"Scenario CHG003: Direct, dependency or module association"
T0294,CHG003,0,"Scenario CHG003: Direct, dependency or module association"
T0295,CHG003,0,"Scenario CHG003: Direct, dependency or module association"
T0296,CHG003,0,"Scenario CHG003: Direct, dependency or module association"
T0297,CHG003,0,"Scenario CHG003: Direct, dependency or module association"
T0298,CHG003,0,"Scenario CHG003: Direct, dependency or module association"
T0299,CHG003,0,"Scenario CHG003: Direct, dependency or module association"
T0300,CHG003,0,"Scenario CHG003: Direct, dependency or module association"
T0301,CHG003,0,"Scenario CHG003: Direct, dependency or module association"
T0302,CHG003,0,"Scenario CHG003: Direct, dependency or module association"
T0303,CHG003,0,"Scenario CHG003: Direct, dependency or module association"
T0304,CHG003,0,"Scenario CHG003: Direct, dependency or module association"
T0305,CHG003,0,"Scenario CHG003: Direct, dependency or module association"
T0306,CHG003,1,"Scenario CHG003: Direct, dependency or module association"
T0307,CHG003,0,"Scenario CHG003: Direct, dependency or module association"
T0308,CHG003,0,"Scenario CHG003: Direct, dependency or module association"
T0309,CHG003,0,"Scenario CHG003: Direct, dependency or module association"
T0310,CHG003,0,"Scenario CHG003: Direct, dependency or module association"
T0311,CHG003,0,"Scenario CHG003: Direct, dependency or module association"
T0312,CHG003,0,"Scenario CHG003: Direct, dependency or module association"
T0313,CHG003,0,"Scenario CHG003: Direct, dependency or module association"
T0314,CHG003,0,"Scenario CHG003: Direct, dependency or module association"
T0315,CHG003,0,"Scenario CHG003: Direct, dependency or module association"
T0316,CHG003,0,"Scenario CHG003: Direct, dependency or module association"
T0317,CHG003,0,"Scenario CHG003: Direct, dependency or module association"
T0318,CHG003,0,"Scenario CHG003: Direct, dependency or module association"
T0319,CHG003,0,"Scenario CHG003: Direct, dependency or module association"
T0320,CHG003,0,"Scenario CHG003: Direct, dependency or module association"
T0321,CHG003,0,"Scenario CHG003: Direct, dependency or module association"
T0322,CHG003,0,"Scenario CHG003: Direct, dependency or module association"
T0323,CHG003,0,"Scenario CHG003: Direct, dependency or module association"
T0324,CHG003,0,"Scenario CHG003: Direct, dependency or module association"
T0325,CHG003,0,"Scenario CHG003: Direct, dependency or module association"
T0326,CHG003,0,"Scenario CHG003: Direct, dependency or module association"
T0327,CHG003,0,"Scenario CHG003: Direct, dependency or module association"
T0328,CHG003,0,"Scenario CHG003: Direct, dependency or module association"
T0329,CHG003,0,"Scenario CHG003: Direct, dependency or module association"
T0330,CHG003,1,"Scenario CHG003: Direct, dependency or module association"
T0331,CHG003,0,"Scenario CHG003: Direct, dependency or module association"
T0332,CHG003,0,"Scenario CHG003: Direct, dependency or module association"
T0333,CHG003,0,"Scenario CHG003: Direct, dependency or module association"
T0334,CHG003,0,"Scenario CHG003: Direct, dependency or module association"
T0335,CHG003,0,"Scenario CHG003: Direct, dependency or module association"
T0336,CHG003,1,"Scenario CHG003: Direct, dependency or module association"
T0337,CHG003,0,"Scenario CHG003: Direct, dependency or module association"
T0338,CHG003,1,"Scenario CHG003: Direct, dependency or module association"
T0339,CHG003,0,"Scenario CHG003: Direct, dependency or module association"
T0340,CHG003,0,"Scenario CHG003: Direct, dependency or module association"
T0341,CHG003,0,"Scenario CHG003: Direct, dependency or module association"
T0342,CHG003,0,"Scenario CHG003: Direct, dependency or module association"
T0343,CHG003,0,"Scenario CHG003: Direct, dependency or module association"
T0344,CHG003,0,"Scenario CHG003: Direct, dependency or module association"
T0345,CHG003,0,"Scenario CHG003: Direct, dependency or module association"
T0346,CHG003,0,"Scenario CHG003: Direct, dependency or module association"
T0347,CHG003,0,"Scenario CHG003: Direct, dependency or module association"
T0348,CHG003,0,"Scenario CHG003: Direct, dependency or module association"
T0349,CHG003,0,"Scenario CHG003: Direct, dependency or module association"
T0350,CHG003,0,"Scenario CHG003: Direct, dependency or module association"
T0351,CHG003,0,"Scenario CHG003: Direct, dependency or module association"
T0352,CHG003,0,"Scenario CHG003: Direct, dependency or module association"
T0353,CHG003,0,"Scenario CHG003: Direct, dependency or module association"
T0354,CHG003,0,"Scenario CHG003: Direct, dependency or module association"
T0355,CHG003,0,"Scenario CHG003: Direct, dependency or module association"
T0356,CHG003,0,"Scenario CHG003: Direct, dependency or module association"
T0357,CHG003,0,"Scenario CHG003: Direct, dependency or module association"
T0358,CHG003,0,"Scenario CHG003: Direct, dependency or module association"
T0359,CHG003,0,"Scenario CHG003: Direct, dependency or module association"
T0360,CHG003,0,"Scenario CHG003: Direct, dependency or module association"
T0361,CHG003,0,"Scenario CHG003: Direct, dependency or module association"
T0362,CHG003,0,"Scenario CHG003: Direct, dependency or module association"
T0363,CHG003,0,"Scenario CHG003: Direct, dependency or module association"
T0364,CHG003,0,"Scenario CHG003: Direct, dependency or module association"
T0365,CHG003,0,"Scenario CHG003: Direct, dependency or module association"
T0366,CHG003,0,"Scenario CHG003: Direct, dependency or module association"
T0367,CHG003,0,"Scenario CHG003: Direct, dependency or module association"
T0368,CHG003,0,"Scenario CHG003: Direct, dependency or module association"
T0369,CHG003,0,"Scenario CHG003: Direct, dependency or module association"
T0370,CHG003,0,"Scenario CHG003: Direct, dependency or module association"
T0371,CHG003,0,"Scenario CHG003: Direct, dependency or module association"
T0372,CHG003,0,"Scenario CHG003: Direct, dependency or module association"
T0373,CHG003,0,"Scenario CHG003: Direct, dependency or module association"
T0374,CHG003,0,"Scenario CHG003: Direct, dependency or module association"
T0375,CHG003,0,"Scenario CHG003: Direct, dependency or module association"
T0376,CHG003,1,"Scenario CHG003: Direct, dependency or module association"
T0377,CHG003,0,"Scenario CHG003: Direct, dependency or module association"
T0378,CHG003,0,"Scenario CHG003: Direct, dependency or module association"
T0379,CHG003,0,"Scenario CHG003: Direct, dependency or module association"
T0380,CHG003,0,"Scenario CHG003: Direct, dependency or module association"
T0381,CHG003,0,"Scenario CHG003: Direct, dependency or module association"
T0382,CHG003,0,"Scenario CHG003: Direct, dependency or module association"
T0383,CHG003,0,"Scenario CHG003: Direct, dependency or module association"
T0384,CHG003,0,"Scenario CHG003: Direct, dependency or module association"
T0385,CHG003,0,"Scenario CHG003: Direct, dependency or module association"
T0386,CHG003,0,"Scenario CHG003: Direct, dependency or module association"
T0387,CHG003,0,"Scenario CHG003: Direct, dependency or module association"
T0388,CHG003,0,"Scenario CHG003: Direct, dependency or module association"
T0389,CHG003,0,"Scenario CHG003: Direct, dependency or module association"
T0390,CHG003,0,"Scenario CHG003: Direct, dependency or module association"
T0391,CHG003,0,"Scenario CHG003: Direct, dependency or module association"
T0392,CHG003,0,"Scenario CHG003: Direct, dependency or module association"
T0393,CHG003,0,"Scenario CHG003: Direct, dependency or module association"
T0394,CHG003,0,"Scenario CHG003: Direct, dependency or module association"
T0395,CHG003,0,"Scenario CHG003: Direct, dependency or module association"
T0396,CHG003,0,"Scenario CHG003: Direct, dependency or module association"
T0397,CHG003,0,"Scenario CHG003: Direct, dependency or module association"
T0398,CHG003,0,"Scenario CHG003: Direct, dependency or module association"
T0399,CHG003,0,"Scenario CHG003: Direct, dependency or module association"
T0400,CHG003,0,"Scenario CHG003: Direct, dependency or module association"
T0401,CHG003,0,"Scenario CHG003: Direct, dependency or module association"
T0402,CHG003,1,"Scenario CHG003: Direct, dependency or module association"
T0403,CHG003,1,"Scenario CHG003: Direct, dependency or module association"
T0404,CHG003,0,"Scenario CHG003: Direct, dependency or module association"
T0405,CHG003,0,"Scenario CHG003: Direct, dependency or module association"
T0406,CHG003,0,"Scenario CHG003: Direct, dependency or module association"
T0407,CHG003,0,"Scenario CHG003: Direct, dependency or module association"
T0408,CHG003,0,"Scenario CHG003: Direct, dependency or module association"
T0409,CHG003,0,"Scenario CHG003: Direct, dependency or module association"
T0410,CHG003,0,"Scenario CHG003: Direct, dependency or module association"
T0411,CHG003,0,"Scenario CHG003: Direct, dependency or module association"
T0412,CHG003,0,"Scenario CHG003: Direct, dependency or module association"
T0413,CHG003,0,"Scenario CHG003: Direct, dependency or module association"
T0414,CHG003,0,"Scenario CHG003: Direct, dependency or module association"
T0415,CHG003,0,"Scenario CHG003: Direct, dependency or module association"
T0416,CHG003,0,"Scenario CHG003: Direct, dependency or module association"
T0417,CHG003,0,"Scenario CHG003: Direct, dependency or module association"
T0418,CHG003,0,"Scenario CHG003: Direct, dependency or module association"
T0419,CHG003,0,"Scenario CHG003: Direct, dependency or module association"
T0420,CHG003,0,"Scenario CHG003: Direct, dependency or module association"
T0421,CHG003,0,"Scenario CHG003: Direct, dependency or module association"
T0422,CHG003,0,"Scenario CHG003: Direct, dependency or module association"
T0423,CHG003,0,"Scenario CHG003: Direct, dependency or module association"
T0424,CHG003,0,"Scenario CHG003: Direct, dependency or module association"
T0425,CHG003,0,"Scenario CHG003: Direct, dependency or module association"
T0426,CHG003,0,"Scenario CHG003: Direct, dependency or module association"
T0427,CHG003,0,"Scenario CHG003: Direct, dependency or module association"
T0428,CHG003,0,"Scenario CHG003: Direct, dependency or module association"
T0429,CHG003,0,"Scenario CHG003: Direct, dependency or module association"
T0430,CHG003,0,"Scenario CHG003: Direct, dependency or module association"
T0431,CHG003,1,"Scenario CHG003: Direct, dependency or module association"
T0432,CHG003,0,"Scenario CHG003: Direct, dependency or module association"
T0433,CHG003,0,"Scenario CHG003: Direct, dependency or module association"
T0434,CHG003,0,"Scenario CHG003: Direct, dependency or module association"
T0435,CHG003,0,"Scenario CHG003: Direct, dependency or module association"
T0436,CHG003,0,"Scenario CHG003: Direct, dependency or module association"
T0437,CHG003,0,"Scenario CHG003: Direct, dependency or module association"
T0438,CHG003,0,"Scenario CHG003: Direct, dependency or module association"
T0439,CHG003,0,"Scenario CHG003: Direct, dependency or module association"
T0440,CHG003,0,"Scenario CHG003: Direct, dependency or module association"
T0441,CHG003,0,"Scenario CHG003: Direct, dependency or module association"
T0442,CHG003,0,"Scenario CHG003: Direct, dependency or module association"
T0443,CHG003,0,"Scenario CHG003: Direct, dependency or module association"
T0444,CHG003,0,"Scenario CHG003: Direct, dependency or module association"
T0445,CHG003,0,"Scenario CHG003: Direct, dependency or module association"
T0446,CHG003,0,"Scenario CHG003: Direct, dependency or module association"
T0447,CHG003,0,"Scenario CHG003: Direct, dependency or module association"
T0448,CHG003,1,"Scenario CHG003: Direct, dependency or module association"
T0449,CHG003,0,"Scenario CHG003: Direct, dependency or module association"
T0450,CHG003,0,"Scenario CHG003: Direct, dependency or module association"
T0451,CHG003,0,"Scenario CHG003: Direct, dependency or module association"
T0452,CHG003,0,"Scenario CHG003: Direct, dependency or module association"
T0453,CHG003,0,"Scenario CHG003: Direct, dependency or module association"
T0454,CHG003,0,"Scenario CHG003: Direct, dependency or module association"
T0455,CHG003,0,"Scenario CHG003: Direct, dependency or module association"
T0456,CHG003,0,"Scenario CHG003: Direct, dependency or module association"
T0457,CHG003,0,"Scenario CHG003: Direct, dependency or module association"
T0458,CHG003,0,"Scenario CHG003: Direct, dependency or module association"
T0459,CHG003,0,"Scenario CHG003: Direct, dependency or module association"
T0460,CHG003,0,"Scenario CHG003: Direct, dependency or module association"
T0461,CHG003,1,"Scenario CHG003: Direct, dependency or module association"
T0462,CHG003,0,"Scenario CHG003: Direct, dependency or module association"
T0463,CHG003,0,"Scenario CHG003: Direct, dependency or module association"
T0464,CHG003,0,"Scenario CHG003: Direct, dependency or module association"
T0465,CHG003,0,"Scenario CHG003: Direct, dependency or module association"
T0466,CHG003,0,"Scenario CHG003: Direct, dependency or module association"
T0467,CHG003,0,"Scenario CHG003: Direct, dependency or module association"
T0468,CHG003,0,"Scenario CHG003: Direct, dependency or module association"
T0469,CHG003,1,"Scenario CHG003: Direct, dependency or module association"
T0470,CHG003,0,"Scenario CHG003: Direct, dependency or module association"
T0471,CHG003,0,"Scenario CHG003: Direct, dependency or module association"
T0472,CHG003,0,"Scenario CHG003: Direct, dependency or module association"
T0473,CHG003,0,"Scenario CHG003: Direct, dependency or module association"
T0474,CHG003,0,"Scenario CHG003: Direct, dependency or module association"
T0475,CHG003,0,"Scenario CHG003: Direct, dependency or module association"
T0476,CHG003,0,"Scenario CHG003: Direct, dependency or module association"
T0477,CHG003,0,"Scenario CHG003: Direct, dependency or module association"
T0478,CHG003,0,"Scenario CHG003: Direct, dependency or module association"
T0479,CHG003,0,"Scenario CHG003: Direct, dependency or module association"
T0480,CHG003,0,"Scenario CHG003: Direct, dependency or module association"
T0481,CHG003,0,"Scenario CHG003: Direct, dependency or module association"
T0482,CHG003,1,"Scenario CHG003: Direct, dependency or module association"
T0483,CHG003,1,"Scenario CHG003: Direct, dependency or module association"
T0484,CHG003,0,"Scenario CHG003: Direct, dependency or module association"
T0485,CHG003,0,"Scenario CHG003: Direct, dependency or module association"
T0486,CHG003,0,"Scenario CHG003: Direct, dependency or module association"
T0487,CHG003,0,"Scenario CHG003: Direct, dependency or module association"
T0488,CHG003,0,"Scenario CHG003: Direct, dependency or module association"
T0489,CHG003,0,"Scenario CHG003: Direct, dependency or module association"
T0490,CHG003,0,"Scenario CHG003: Direct, dependency or module association"
T0491,CHG003,0,"Scenario CHG003: Direct, dependency or module association"
T0492,CHG003,0,"Scenario CHG003: Direct, dependency or module association"
T0493,CHG003,0,"Scenario CHG003: Direct, dependency or module association"
T0494,CHG003,0,"Scenario CHG003: Direct, dependency or module association"
T0495,CHG003,0,"Scenario CHG003: Direct, dependency or module association"
T0496,CHG003,0,"Scenario CHG003: Direct, dependency or module association"
T0497,CHG003,0,"Scenario CHG003: Direct, dependency or module association"
T0498,CHG003,0,"Scenario CHG003: Direct, dependency or module association"
T0499,CHG003,0,"Scenario CHG003: Direct, dependency or module association"
T0500,CHG003,0,"Scenario CHG003: Direct, dependency or module association"
T0501,CHG003,0,"Scenario CHG003: Direct, dependency or module association"
T0502,CHG003,0,"Scenario CHG003: Direct, dependency or module association"
T0503,CHG003,0,"Scenario CHG003: Direct, dependency or module association"
T0504,CHG003,0,"Scenario CHG003: Direct, dependency or module association"
T0505,CHG003,0,"Scenario CHG003: Direct, dependency or module association"
T0506,CHG003,0,"Scenario CHG003: Direct, dependency or module association"
T0507,CHG003,0,"Scenario CHG003: Direct, dependency or module association"
T0508,CHG003,0,"Scenario CHG003: Direct, dependency or module association"
T0509,CHG003,0,"Scenario CHG003: Direct, dependency or module association"
T0510,CHG003,0,"Scenario CHG003: Direct, dependency or module association"
T0511,CHG003,0,"Scenario CHG003: Direct, dependency or module association"
T0512,CHG003,0,"Scenario CHG003: Direct, dependency or module association"
T0513,CHG003,0,"Scenario CHG003: Direct, dependency or module association"
T0514,CHG003,0,"Scenario CHG003: Direct, dependency or module association"
T0515,CHG003,0,"Scenario CHG003: Direct, dependency or module association"
T0516,CHG003,0,"Scenario CHG003: Direct, dependency or module association"
T0517,CHG003,0,"Scenario CHG003: Direct, dependency or module association"
T0518,CHG003,0,"Scenario CHG003: Direct, dependency or module association"
T0519,CHG003,0,"Scenario CHG003: Direct, dependency or module association"
T0520,CHG003,0,"Scenario CHG003: Direct, dependency or module association"
T0521,CHG003,0,"Scenario CHG003: Direct, dependency or module association"
T0522,CHG003,0,"Scenario CHG003: Direct, dependency or module association"
T0523,CHG003,0,"Scenario CHG003: Direct, dependency or module association"
T0524,CHG003,0,"Scenario CHG003: Direct, dependency or module association"
T0525,CHG003,0,"Scenario CHG003: Direct, dependency or module association"
T0526,CHG003,0,"Scenario CHG003: Direct, dependency or module association"
T0527,CHG003,0,"Scenario CHG003: Direct, dependency or module association"
T0528,CHG003,0,"Scenario CHG003: Direct, dependency or module association"
T0529,CHG003,1,"Scenario CHG003: Direct, dependency or module association"
T0530,CHG003,0,"Scenario CHG003: Direct, dependency or module association"
T0531,CHG003,0,"Scenario CHG003: Direct, dependency or module association"
T0532,CHG003,0,"Scenario CHG003: Direct, dependency or module association"
T0533,CHG003,0,"Scenario CHG003: Direct, dependency or module association"
T0534,CHG003,0,"Scenario CHG003: Direct, dependency or module association"
T0535,CHG003,0,"Scenario CHG003: Direct, dependency or module association"
T0536,CHG003,0,"Scenario CHG003: Direct, dependency or module association"
T0537,CHG003,0,"Scenario CHG003: Direct, dependency or module association"
T0538,CHG003,0,"Scenario CHG003: Direct, dependency or module association"
T0539,CHG003,0,"Scenario CHG003: Direct, dependency or module association"
T0540,CHG003,0,"Scenario CHG003: Direct, dependency or module association"
T0541,CHG003,1,"Scenario CHG003: Direct, dependency or module association"
T0542,CHG003,0,"Scenario CHG003: Direct, dependency or module association"
T0543,CHG003,0,"Scenario CHG003: Direct, dependency or module association"
T0544,CHG003,0,"Scenario CHG003: Direct, dependency or module association"
T0545,CHG003,0,"Scenario CHG003: Direct, dependency or module association"
T0546,CHG003,0,"Scenario CHG003: Direct, dependency or module association"
T0547,CHG003,0,"Scenario CHG003: Direct, dependency or module association"
T0548,CHG003,0,"Scenario CHG003: Direct, dependency or module association"
T0549,CHG003,0,"Scenario CHG003: Direct, dependency or module association"
T0550,CHG003,0,"Scenario CHG003: Direct, dependency or module association"
T0551,CHG003,0,"Scenario CHG003: Direct, dependency or module association"
T0552,CHG003,0,"Scenario CHG003: Direct, dependency or module association"
T0553,CHG003,0,"Scenario CHG003: Direct, dependency or module association"
T0554,CHG003,0,"Scenario CHG003: Direct, dependency or module association"
T0555,CHG003,0,"Scenario CHG003: Direct, dependency or module association"
T0556,CHG003,0,"Scenario CHG003: Direct, dependency or module association"
T0557,CHG003,0,"Scenario CHG003: Direct, dependency or module association"
T0558,CHG003,0,"Scenario CHG003: Direct, dependency or module association"
T0559,CHG003,0,"Scenario CHG003: Direct, dependency or module association"
T0560,CHG003,1,"Scenario CHG003: Direct, dependency or module association"
T0561,CHG003,0,"Scenario CHG003: Direct, dependency or module association"
T0562,CHG003,0,"Scenario CHG003: Direct, dependency or module association"
T0563,CHG003,0,"Scenario CHG003: Direct, dependency or module association"
T0564,CHG003,0,"Scenario CHG003: Direct, dependency or module association"
T0565,CHG003,0,"Scenario CHG003: Direct, dependency or module association"
T0566,CHG003,0,"Scenario CHG003: Direct, dependency or module association"
T0567,CHG003,0,"Scenario CHG003: Direct, dependency or module association"
T0568,CHG003,0,"Scenario CHG003: Direct, dependency or module association"
T0569,CHG003,0,"Scenario CHG003: Direct, dependency or module association"
T0570,CHG003,0,"Scenario CHG003: Direct, dependency or module association"
T0571,CHG003,0,"Scenario CHG003: Direct, dependency or module association"
T0572,CHG003,0,"Scenario CHG003: Direct, dependency or module association"
T0573,CHG003,0,"Scenario CHG003: Direct, dependency or module association"
T0574,CHG003,0,"Scenario CHG003: Direct, dependency or module association"
T0575,CHG003,0,"Scenario CHG003: Direct, dependency or module association"
T0576,CHG003,0,"Scenario CHG003: Direct, dependency or module association"
T0577,CHG003,1,"Scenario CHG003: Direct, dependency or module association"
T0578,CHG003,1,"Scenario CHG003: Direct, dependency or module association"
T0579,CHG003,0,"Scenario CHG003: Direct, dependency or module association"
T0580,CHG003,0,"Scenario CHG003: Direct, dependency or module association"
T0581,CHG003,0,"Scenario CHG003: Direct, dependency or module association"
T0582,CHG003,0,"Scenario CHG003: Direct, dependency or module association"
T0583,CHG003,0,"Scenario CHG003: Direct, dependency or module association"
T0584,CHG003,0,"Scenario CHG003: Direct, dependency or module association"
T0585,CHG003,0,"Scenario CHG003: Direct, dependency or module association"
T0586,CHG003,0,"Scenario CHG003: Direct, dependency or module association"
T0587,CHG003,0,"Scenario CHG003: Direct, dependency or module association"
T0588,CHG003,0,"Scenario CHG003: Direct, dependency or module association"
T0589,CHG003,0,"Scenario CHG003: Direct, dependency or module association"
T0590,CHG003,0,"Scenario CHG003: Direct, dependency or module association"
T0591,CHG003,0,"Scenario CHG003: Direct, dependency or module association"
T0592,CHG003,0,"Scenario CHG003: Direct, dependency or module association"
T0593,CHG003,0,"Scenario CHG003: Direct, dependency or module association"
T0594,CHG003,0,"Scenario CHG003: Direct, dependency or module association"
T0595,CHG003,0,"Scenario CHG003: Direct, dependency or module association"
T0596,CHG003,0,"Scenario CHG003: Direct, dependency or module association"
T0597,CHG003,0,"Scenario CHG003: Direct, dependency or module association"
T0598,CHG003,0,"Scenario CHG003: Direct, dependency or module association"
T0599,CHG003,0,"Scenario CHG003: Direct, dependency or module association"
T0600,CHG003,0,"Scenario CHG003: Direct, dependency or module association"
T0601,CHG003,0,"Scenario CHG003: Direct, dependency or module association"
T0602,CHG003,0,"Scenario CHG003: Direct, dependency or module association"
T0603,CHG003,0,"Scenario CHG003: Direct, dependency or module association"
T0604,CHG003,1,"Scenario CHG003: Direct, dependency or module association"
T0605,CHG003,0,"Scenario CHG003: Direct, dependency or module association"
T0606,CHG003,0,"Scenario CHG003: Direct, dependency or module association"
T0607,CHG003,0,"Scenario CHG003: Direct, dependency or module association"
T0608,CHG003,0,"Scenario CHG003: Direct, dependency or module association"
T0609,CHG003,0,"Scenario CHG003: Direct, dependency or module association"
T0610,CHG003,0,"Scenario CHG003: Direct, dependency or module association"
T0611,CHG003,0,"Scenario CHG003: Direct, dependency or module association"
T0612,CHG003,0,"Scenario CHG003: Direct, dependency or module association"
T0613,CHG003,0,"Scenario CHG003: Direct, dependency or module association"
T0614,CHG003,0,"Scenario CHG003: Direct, dependency or module association"
T0615,CHG003,0,"Scenario CHG003: Direct, dependency or module association"
T0616,CHG003,0,"Scenario CHG003: Direct, dependency or module association"
T0617,CHG003,0,"Scenario CHG003: Direct, dependency or module association"
T0618,CHG003,0,"Scenario CHG003: Direct, dependency or module association"
T0619,CHG003,0,"Scenario CHG003: Direct, dependency or module association"
T0620,CHG003,0,"Scenario CHG003: Direct, dependency or module association"
T0621,CHG003,0,"Scenario CHG003: Direct, dependency or module association"
T0622,CHG003,0,"Scenario CHG003: Direct, dependency or module association"
T0623,CHG003,0,"Scenario CHG003: Direct, dependency or module association"
T0624,CHG003,0,"Scenario CHG003: Direct, dependency or module association"
T0625,CHG003,0,"Scenario CHG003: Direct, dependency or module association"
T0626,CHG003,0,"Scenario CHG003: Direct, dependency or module association"
T0627,CHG003,0,"Scenario CHG003: Direct, dependency or module association"
T0628,CHG003,0,"Scenario CHG003: Direct, dependency or module association"
T0629,CHG003,0,"Scenario CHG003: Direct, dependency or module association"
T0630,CHG003,0,"Scenario CHG003: Direct, dependency or module association"
T0631,CHG003,0,"Scenario CHG003: Direct, dependency or module association"
T0632,CHG003,0,"Scenario CHG003: Direct, dependency or module association"
T0633,CHG003,0,"Scenario CHG003: Direct, dependency or module association"
T0634,CHG003,1,"Scenario CHG003: Direct, dependency or module association"
T0635,CHG003,0,"Scenario CHG003: Direct, dependency or module association"
T0636,CHG003,0,"Scenario CHG003: Direct, dependency or module association"
T0637,CHG003,0,"Scenario CHG003: Direct, dependency or module association"
T0638,CHG003,0,"Scenario CHG003: Direct, dependency or module association"
T0639,CHG003,0,"Scenario CHG003: Direct, dependency or module association"
T0640,CHG003,0,"Scenario CHG003: Direct, dependency or module association"
T0641,CHG003,0,"Scenario CHG003: Direct, dependency or module association"
T0642,CHG003,0,"Scenario CHG003: Direct, dependency or module association"
T0643,CHG003,0,"Scenario CHG003: Direct, dependency or module association"
T0644,CHG003,0,"Scenario CHG003: Direct, dependency or module association"
T0645,CHG003,0,"Scenario CHG003: Direct, dependency or module association"
T0646,CHG003,0,"Scenario CHG003: Direct, dependency or module association"
T0647,CHG003,0,"Scenario CHG003: Direct, dependency or module association"
T0648,CHG003,0,"Scenario CHG003: Direct, dependency or module association"
T0649,CHG003,0,"Scenario CHG003: Direct, dependency or module association"
T0650,CHG003,0,"Scenario CHG003: Direct, dependency or module association"
T0651,CHG003,0,"Scenario CHG003: Direct, dependency or module association"
T0652,CHG003,0,"Scenario CHG003: Direct, dependency or module association"
T0653,CHG003,0,"Scenario CHG003: Direct, dependency or module association"
T0654,CHG003,0,"Scenario CHG003: Direct, dependency or module association"
T0655,CHG003,0,"Scenario CHG003: Direct, dependency or module association"
T0656,CHG003,0,"Scenario CHG003: Direct, dependency or module association"
T0657,CHG003,0,"Scenario CHG003: Direct, dependency or module association"
T0658,CHG003,0,"Scenario CHG003: Direct, dependency or module association"
T0659,CHG003,0,"Scenario CHG003: Direct, dependency or module association"
T0660,CHG003,0,"Scenario CHG003: Direct, dependency or module association"
T0661,CHG003,0,"Scenario CHG003: Direct, dependency or module association"
T0662,CHG003,0,"Scenario CHG003: Direct, dependency or module association"
T0663,CHG003,0,"Scenario CHG003: Direct, dependency or module association"
T0664,CHG003,0,"Scenario CHG003: Direct, dependency or module association"
T0665,CHG003,0,"Scenario CHG003: Direct, dependency or module association"
T0666,CHG003,0,"Scenario CHG003: Direct, dependency or module association"
T0667,CHG003,0,"Scenario CHG003: Direct, dependency or module association"
T0668,CHG003,0,"Scenario CHG003: Direct, dependency or module association"
T0669,CHG003,0,"Scenario CHG003: Direct, dependency or module association"
T0670,CHG003,0,"Scenario CHG003: Direct, dependency or module association"
T0671,CHG003,0,"Scenario CHG003: Direct, dependency or module association"
T0672,CHG003,0,"Scenario CHG003: Direct, dependency or module association"
T0673,CHG003,0,"Scenario CHG003: Direct, dependency or module association"
T0674,CHG003,0,"Scenario CHG003: Direct, dependency or module association"
T0675,CHG003,0,"Scenario CHG003: Direct, dependency or module association"
T0676,CHG003,0,"Scenario CHG003: Direct, dependency or module association"
T0677,CHG003,0,"Scenario CHG003: Direct, dependency or module association"
T0678,CHG003,0,"Scenario CHG003: Direct, dependency or module association"
T0679,CHG003,1,"Scenario CHG003: Direct, dependency or module association"
T0680,CHG003,0,"Scenario CHG003: Direct, dependency or module association"
T0681,CHG003,0,"Scenario CHG003: Direct, dependency or module association"
T0682,CHG003,0,"Scenario CHG003: Direct, dependency or module association"
T0683,CHG003,0,"Scenario CHG003: Direct, dependency or module association"
T0684,CHG003,0,"Scenario CHG003: Direct, dependency or module association"
T0685,CHG003,0,"Scenario CHG003: Direct, dependency or module association"
T0686,CHG003,0,"Scenario CHG003: Direct, dependency or module association"
T0687,CHG003,0,"Scenario CHG003: Direct, dependency or module association"
T0688,CHG003,0,"Scenario CHG003: Direct, dependency or module association"
T0689,CHG003,0,"Scenario CHG003: Direct, dependency or module association"
T0690,CHG003,0,"Scenario CHG003: Direct, dependency or module association"
T0691,CHG003,0,"Scenario CHG003: Direct, dependency or module association"
T0692,CHG003,0,"Scenario CHG003: Direct, dependency or module association"
T0693,CHG003,0,"Scenario CHG003: Direct, dependency or module association"
T0694,CHG003,0,"Scenario CHG003: Direct, dependency or module association"
T0695,CHG003,0,"Scenario CHG003: Direct, dependency or module association"
T0696,CHG003,0,"Scenario CHG003: Direct, dependency or module association"
T0697,CHG003,0,"Scenario CHG003: Direct, dependency or module association"
T0698,CHG003,0,"Scenario CHG003: Direct, dependency or module association"
T0699,CHG003,0,"Scenario CHG003: Direct, dependency or module association"
T0700,CHG003,0,"Scenario CHG003: Direct, dependency or module association"
T0701,CHG003,0,"Scenario CHG003: Direct, dependency or module association"
T0702,CHG003,0,"Scenario CHG003: Direct, dependency or module association"
T0703,CHG003,0,"Scenario CHG003: Direct, dependency or module association"
T0704,CHG003,0,"Scenario CHG003: Direct, dependency or module association"
T0705,CHG003,0,"Scenario CHG003: Direct, dependency or module association"
T0706,CHG003,0,"Scenario CHG003: Direct, dependency or module association"
T0707,CHG003,0,"Scenario CHG003: Direct, dependency or module association"
T0708,CHG003,1,"Scenario CHG003: Direct, dependency or module association"
T0709,CHG003,0,"Scenario CHG003: Direct, dependency or module association"
T0710,CHG003,0,"Scenario CHG003: Direct, dependency or module association"
T0711,CHG003,0,"Scenario CHG003: Direct, dependency or module association"
T0712,CHG003,0,"Scenario CHG003: Direct, dependency or module association"
T0713,CHG003,0,"Scenario CHG003: Direct, dependency or module association"
T0714,CHG003,0,"Scenario CHG003: Direct, dependency or module association"
T0715,CHG003,0,"Scenario CHG003: Direct, dependency or module association"
T0716,CHG003,1,"Scenario CHG003: Direct, dependency or module association"
T0717,CHG003,0,"Scenario CHG003: Direct, dependency or module association"
T0718,CHG003,0,"Scenario CHG003: Direct, dependency or module association"
T0719,CHG003,0,"Scenario CHG003: Direct, dependency or module association"
T0720,CHG003,0,"Scenario CHG003: Direct, dependency or module association"
T0721,CHG003,0,"Scenario CHG003: Direct, dependency or module association"
T0722,CHG003,0,"Scenario CHG003: Direct, dependency or module association"
T0723,CHG003,0,"Scenario CHG003: Direct, dependency or module association"
T0724,CHG003,0,"Scenario CHG003: Direct, dependency or module association"
T0725,CHG003,0,"Scenario CHG003: Direct, dependency or module association"
T0726,CHG003,0,"Scenario CHG003: Direct, dependency or module association"
T0727,CHG003,0,"Scenario CHG003: Direct, dependency or module association"
T0728,CHG003,0,"Scenario CHG003: Direct, dependency or module association"
T0729,CHG003,0,"Scenario CHG003: Direct, dependency or module association"
T0730,CHG003,0,"Scenario CHG003: Direct, dependency or module association"
T0731,CHG003,0,"Scenario CHG003: Direct, dependency or module association"
T0732,CHG003,0,"Scenario CHG003: Direct, dependency or module association"
T0733,CHG003,0,"Scenario CHG003: Direct, dependency or module association"
T0734,CHG003,1,"Scenario CHG003: Direct, dependency or module association"
T0735,CHG003,0,"Scenario CHG003: Direct, dependency or module association"
T0736,CHG003,0,"Scenario CHG003: Direct, dependency or module association"
T0737,CHG003,0,"Scenario CHG003: Direct, dependency or module association"
T0738,CHG003,0,"Scenario CHG003: Direct, dependency or module association"
T0739,CHG003,0,"Scenario CHG003: Direct, dependency or module association"
T0740,CHG003,0,"Scenario CHG003: Direct, dependency or module association"
T0741,CHG003,0,"Scenario CHG003: Direct, dependency or module association"
T0742,CHG003,0,"Scenario CHG003: Direct, dependency or module association"
T0743,CHG003,0,"Scenario CHG003: Direct, dependency or module association"
T0744,CHG003,0,"Scenario CHG003: Direct, dependency or module association"
T0745,CHG003,0,"Scenario CHG003: Direct, dependency or module association"
T0746,CHG003,0,"Scenario CHG003: Direct, dependency or module association"
T0747,CHG003,0,"Scenario CHG003: Direct, dependency or module association"
T0748,CHG003,0,"Scenario CHG003: Direct, dependency or module association"
T0749,CHG003,0,"Scenario CHG003: Direct, dependency or module association"
T0750,CHG003,0,"Scenario CHG003: Direct, dependency or module association"
T0751,CHG003,0,"Scenario CHG003: Direct, dependency or module association"
T0752,CHG003,0,"Scenario CHG003: Direct, dependency or module association"
T0753,CHG003,0,"Scenario CHG003: Direct, dependency or module association"
T0754,CHG003,0,"Scenario CHG003: Direct, dependency or module association"
T0755,CHG003,0,"Scenario CHG003: Direct, dependency or module association"
T0756,CHG003,0,"Scenario CHG003: Direct, dependency or module association"
T0757,CHG003,0,"Scenario CHG003: Direct, dependency or module association"
T0758,CHG003,0,"Scenario CHG003: Direct, dependency or module association"
T0759,CHG003,0,"Scenario CHG003: Direct, dependency or module association"
T0760,CHG003,0,"Scenario CHG003: Direct, dependency or module association"
T0761,CHG003,1,"Scenario CHG003: Direct, dependency or module association"
T0762,CHG003,0,"Scenario CHG003: Direct, dependency or module association"
T0763,CHG003,0,"Scenario CHG003: Direct, dependency or module association"
T0764,CHG003,0,"Scenario CHG003: Direct, dependency or module association"
T0765,CHG003,0,"Scenario CHG003: Direct, dependency or module association"
T0766,CHG003,0,"Scenario CHG003: Direct, dependency or module association"
T0767,CHG003,0,"Scenario CHG003: Direct, dependency or module association"
T0768,CHG003,0,"Scenario CHG003: Direct, dependency or module association"
T0769,CHG003,0,"Scenario CHG003: Direct, dependency or module association"
T0770,CHG003,0,"Scenario CHG003: Direct, dependency or module association"
T0771,CHG003,0,"Scenario CHG003: Direct, dependency or module association"
T0772,CHG003,0,"Scenario CHG003: Direct, dependency or module association"
T0773,CHG003,0,"Scenario CHG003: Direct, dependency or module association"
T0774,CHG003,0,"Scenario CHG003: Direct, dependency or module association"
T0775,CHG003,0,"Scenario CHG003: Direct, dependency or module association"
T0776,CHG003,0,"Scenario CHG003: Direct, dependency or module association"
T0777,CHG003,0,"Scenario CHG003: Direct, dependency or module association"
T0778,CHG003,0,"Scenario CHG003: Direct, dependency or module association"
T0779,CHG003,0,"Scenario CHG003: Direct, dependency or module association"
T0780,CHG003,1,"Scenario CHG003: Direct, dependency or module association"
T0781,CHG003,0,"Scenario CHG003: Direct, dependency or module association"
T0782,CHG003,0,"Scenario CHG003: Direct, dependency or module association"
T0783,CHG003,0,"Scenario CHG003: Direct, dependency or module association"
T0784,CHG003,0,"Scenario CHG003: Direct, dependency or module association"
T0785,CHG003,0,"Scenario CHG003: Direct, dependency or module association"
T0786,CHG003,0,"Scenario CHG003: Direct, dependency or module association"
T0787,CHG003,0,"Scenario CHG003: Direct, dependency or module association"
T0788,CHG003,0,"Scenario CHG003: Direct, dependency or module association"
T0789,CHG003,0,"Scenario CHG003: Direct, dependency or module association"
T0790,CHG003,1,"Scenario CHG003: Direct, dependency or module association"
T0791,CHG003,0,"Scenario CHG003: Direct, dependency or module association"
T0792,CHG003,0,"Scenario CHG003: Direct, dependency or module association"
T0793,CHG003,0,"Scenario CHG003: Direct, dependency or module association"
T0794,CHG003,0,"Scenario CHG003: Direct, dependency or module association"
T0795,CHG003,0,"Scenario CHG003: Direct, dependency or module association"
T0796,CHG003,1,"Scenario CHG003: Direct, dependency or module association"
T0797,CHG003,0,"Scenario CHG003: Direct, dependency or module association"
T0798,CHG003,0,"Scenario CHG003: Direct, dependency or module association"
T0799,CHG003,0,"Scenario CHG003: Direct, dependency or module association"
T0800,CHG003,0,"Scenario CHG003: Direct, dependency or module association"
T0801,CHG003,1,"Scenario CHG003: Direct, dependency or module association"
T0802,CHG003,0,"Scenario CHG003: Direct, dependency or module association"
T0803,CHG003,0,"Scenario CHG003: Direct, dependency or module association"
T0804,CHG003,0,"Scenario CHG003: Direct, dependency or module association"
T0805,CHG003,0,"Scenario CHG003: Direct, dependency or module association"
T0806,CHG003,0,"Scenario CHG003: Direct, dependency or module association"
T0807,CHG003,0,"Scenario CHG003: Direct, dependency or module association"
T0808,CHG003,0,"Scenario CHG003: Direct, dependency or module association"
T0809,CHG003,0,"Scenario CHG003: Direct, dependency or module association"
T0810,CHG003,0,"Scenario CHG003: Direct, dependency or module association"
T0811,CHG003,0,"Scenario CHG003: Direct, dependency or module association"
T0812,CHG003,0,"Scenario CHG003: Direct, dependency or module association"
T0813,CHG003,0,"Scenario CHG003: Direct, dependency or module association"
T0814,CHG003,0,"Scenario CHG003: Direct, dependency or module association"
T0815,CHG003,0,"Scenario CHG003: Direct, dependency or module association"
T0816,CHG003,0,"Scenario CHG003: Direct, dependency or module association"
T0817,CHG003,1,"Scenario CHG003: Direct, dependency or module association"
T0818,CHG003,0,"Scenario CHG003: Direct, dependency or module association"
T0819,CHG003,0,"Scenario CHG003: Direct, dependency or module association"
T0820,CHG003,0,"Scenario CHG003: Direct, dependency or module association"
T0821,CHG003,0,"Scenario CHG003: Direct, dependency or module association"
T0822,CHG003,0,"Scenario CHG003: Direct, dependency or module association"
T0823,CHG003,0,"Scenario CHG003: Direct, dependency or module association"
T0824,CHG003,0,"Scenario CHG003: Direct, dependency or module association"
T0825,CHG003,0,"Scenario CHG003: Direct, dependency or module association"
T0826,CHG003,0,"Scenario CHG003: Direct, dependency or module association"
T0827,CHG003,0,"Scenario CHG003: Direct, dependency or module association"
T0828,CHG003,0,"Scenario CHG003: Direct, dependency or module association"
T0829,CHG003,0,"Scenario CHG003: Direct, dependency or module association"
T0830,CHG003,0,"Scenario CHG003: Direct, dependency or module association"
T0831,CHG003,0,"Scenario CHG003: Direct, dependency or module association"
T0832,CHG003,0,"Scenario CHG003: Direct, dependency or module association"
T0833,CHG003,0,"Scenario CHG003: Direct, dependency or module association"
T0834,CHG003,0,"Scenario CHG003: Direct, dependency or module association"
T0835,CHG003,0,"Scenario CHG003: Direct, dependency or module association"
T0836,CHG003,0,"Scenario CHG003: Direct, dependency or module association"
T0837,CHG003,0,"Scenario CHG003: Direct, dependency or module association"
T0838,CHG003,0,"Scenario CHG003: Direct, dependency or module association"
T0839,CHG003,0,"Scenario CHG003: Direct, dependency or module association"
T0840,CHG003,0,"Scenario CHG003: Direct, dependency or module association"
T0841,CHG003,0,"Scenario CHG003: Direct, dependency or module association"
T0842,CHG003,0,"Scenario CHG003: Direct, dependency or module association"
T0843,CHG003,1,"Scenario CHG003: Direct, dependency or module association"
T0844,CHG003,0,"Scenario CHG003: Direct, dependency or module association"
T0845,CHG003,0,"Scenario CHG003: Direct, dependency or module association"
T0846,CHG003,0,"Scenario CHG003: Direct, dependency or module association"
T0847,CHG003,0,"Scenario CHG003: Direct, dependency or module association"
T0848,CHG003,1,"Scenario CHG003: Direct, dependency or module association"
T0849,CHG003,0,"Scenario CHG003: Direct, dependency or module association"
T0850,CHG003,0,"Scenario CHG003: Direct, dependency or module association"
T0851,CHG003,0,"Scenario CHG003: Direct, dependency or module association"
T0852,CHG003,1,"Scenario CHG003: Direct, dependency or module association"
T0853,CHG003,0,"Scenario CHG003: Direct, dependency or module association"
T0854,CHG003,0,"Scenario CHG003: Direct, dependency or module association"
T0855,CHG003,0,"Scenario CHG003: Direct, dependency or module association"
T0856,CHG003,0,"Scenario CHG003: Direct, dependency or module association"
T0857,CHG003,0,"Scenario CHG003: Direct, dependency or module association"
T0858,CHG003,0,"Scenario CHG003: Direct, dependency or module association"
T0859,CHG003,0,"Scenario CHG003: Direct, dependency or module association"
T0860,CHG003,0,"Scenario CHG003: Direct, dependency or module association"
T0861,CHG003,0,"Scenario CHG003: Direct, dependency or module association"
T0862,CHG003,0,"Scenario CHG003: Direct, dependency or module association"
T0863,CHG003,0,"Scenario CHG003: Direct, dependency or module association"
T0864,CHG003,0,"Scenario CHG003: Direct, dependency or module association"
T0865,CHG003,1,"Scenario CHG003: Direct, dependency or module association"
T0866,CHG003,0,"Scenario CHG003: Direct, dependency or module association"
T0867,CHG003,0,"Scenario CHG003: Direct, dependency or module association"
T0868,CHG003,0,"Scenario CHG003: Direct, dependency or module association"
T0869,CHG003,0,"Scenario CHG003: Direct, dependency or module association"
T0870,CHG003,0,"Scenario CHG003: Direct, dependency or module association"
T0871,CHG003,0,"Scenario CHG003: Direct, dependency or module association"
T0872,CHG003,0,"Scenario CHG003: Direct, dependency or module association"
T0873,CHG003,0,"Scenario CHG003: Direct, dependency or module association"
T0874,CHG003,0,"Scenario CHG003: Direct, dependency or module association"
T0875,CHG003,0,"Scenario CHG003: Direct, dependency or module association"
T0876,CHG003,0,"Scenario CHG003: Direct, dependency or module association"
T0877,CHG003,0,"Scenario CHG003: Direct, dependency or module association"
T0878,CHG003,1,"Scenario CHG003: Direct, dependency or module association"
T0879,CHG003,0,"Scenario CHG003: Direct, dependency or module association"
T0880,CHG003,0,"Scenario CHG003: Direct, dependency or module association"
T0881,CHG003,0,"Scenario CHG003: Direct, dependency or module association"
T0882,CHG003,1,"Scenario CHG003: Direct, dependency or module association"
T0883,CHG003,0,"Scenario CHG003: Direct, dependency or module association"
T0884,CHG003,0,"Scenario CHG003: Direct, dependency or module association"
T0885,CHG003,0,"Scenario CHG003: Direct, dependency or module association"
T0886,CHG003,0,"Scenario CHG003: Direct, dependency or module association"
T0887,CHG003,0,"Scenario CHG003: Direct, dependency or module association"
T0888,CHG003,0,"Scenario CHG003: Direct, dependency or module association"
T0889,CHG003,0,"Scenario CHG003: Direct, dependency or module association"
T0890,CHG003,0,"Scenario CHG003: Direct, dependency or module association"
T0891,CHG003,1,"Scenario CHG003: Direct, dependency or module association"
T0892,CHG003,0,"Scenario CHG003: Direct, dependency or module association"
T0893,CHG003,0,"Scenario CHG003: Direct, dependency or module association"
T0894,CHG003,0,"Scenario CHG003: Direct, dependency or module association"
T0895,CHG003,0,"Scenario CHG003: Direct, dependency or module association"
T0896,CHG003,0,"Scenario CHG003: Direct, dependency or module association"
T0897,CHG003,1,"Scenario CHG003: Direct, dependency or module association"
T0898,CHG003,0,"Scenario CHG003: Direct, dependency or module association"
T0899,CHG003,0,"Scenario CHG003: Direct, dependency or module association"
T0900,CHG003,0,"Scenario CHG003: Direct, dependency or module association"
T0901,CHG003,0,"Scenario CHG003: Direct, dependency or module association"
T0902,CHG003,0,"Scenario CHG003: Direct, dependency or module association"
T0903,CHG003,0,"Scenario CHG003: Direct, dependency or module association"
T0904,CHG003,0,"Scenario CHG003: Direct, dependency or module association"
T0905,CHG003,1,"Scenario CHG003: Direct, dependency or module association"
T0906,CHG003,0,"Scenario CHG003: Direct, dependency or module association"
T0907,CHG003,0,"Scenario CHG003: Direct, dependency or module association"
T0908,CHG003,0,"Scenario CHG003: Direct, dependency or module association"
T0909,CHG003,0,"Scenario CHG003: Direct, dependency or module association"
T0910,CHG003,0,"Scenario CHG003: Direct, dependency or module association"
T0911,CHG003,0,"Scenario CHG003: Direct, dependency or module association"
T0912,CHG003,0,"Scenario CHG003: Direct, dependency or module association"
T0913,CHG003,0,"Scenario CHG003: Direct, dependency or module association"
T0914,CHG003,0,"Scenario CHG003: Direct, dependency or module association"
T0915,CHG003,0,"Scenario CHG003: Direct, dependency or module association"
T0916,CHG003,0,"Scenario CHG003: Direct, dependency or module association"
T0917,CHG003,1,"Scenario CHG003: Direct, dependency or module association"
T0918,CHG003,0,"Scenario CHG003: Direct, dependency or module association"
T0919,CHG003,0,"Scenario CHG003: Direct, dependency or module association"
T0920,CHG003,0,"Scenario CHG003: Direct, dependency or module association"
T0921,CHG003,0,"Scenario CHG003: Direct, dependency or module association"
T0922,CHG003,0,"Scenario CHG003: Direct, dependency or module association"
T0923,CHG003,0,"Scenario CHG003: Direct, dependency or module association"
T0924,CHG003,0,"Scenario CHG003: Direct, dependency or module association"
T0925,CHG003,0,"Scenario CHG003: Direct, dependency or module association"
T0926,CHG003,0,"Scenario CHG003: Direct, dependency or module association"
T0927,CHG003,0,"Scenario CHG003: Direct, dependency or module association"
T0928,CHG003,1,"Scenario CHG003: Direct, dependency or module association"
T0929,CHG003,0,"Scenario CHG003: Direct, dependency or module association"
T0930,CHG003,0,"Scenario CHG003: Direct, dependency or module association"
T0931,CHG003,0,"Scenario CHG003: Direct, dependency or module association"
T0932,CHG003,0,"Scenario CHG003: Direct, dependency or module association"
T0933,CHG003,0,"Scenario CHG003: Direct, dependency or module association"
T0934,CHG003,0,"Scenario CHG003: Direct, dependency or module association"
T0935,CHG003,0,"Scenario CHG003: Direct, dependency or module association"
T0936,CHG003,0,"Scenario CHG003: Direct, dependency or module association"
T0937,CHG003,0,"Scenario CHG003: Direct, dependency or module association"
T0938,CHG003,0,"Scenario CHG003: Direct, dependency or module association"
T0939,CHG003,0,"Scenario CHG003: Direct, dependency or module association"
T0940,CHG003,0,"Scenario CHG003: Direct, dependency or module association"
T0941,CHG003,0,"Scenario CHG003: Direct, dependency or module association"
T0942,CHG003,0,"Scenario CHG003: Direct, dependency or module association"
T0943,CHG003,0,"Scenario CHG003: Direct, dependency or module association"
T0944,CHG003,0,"Scenario CHG003: Direct, dependency or module association"
T0945,CHG003,1,"Scenario CHG003: Direct, dependency or module association"
T0946,CHG003,0,"Scenario CHG003: Direct, dependency or module association"
T0947,CHG003,0,"Scenario CHG003: Direct, dependency or module association"
T0948,CHG003,0,"Scenario CHG003: Direct, dependency or module association"
T0949,CHG003,0,"Scenario CHG003: Direct, dependency or module association"
T0950,CHG003,0,"Scenario CHG003: Direct, dependency or module association"
T0951,CHG003,0,"Scenario CHG003: Direct, dependency or module association"
T0952,CHG003,0,"Scenario CHG003: Direct, dependency or module association"
T0953,CHG003,0,"Scenario CHG003: Direct, dependency or module association"
T0954,CHG003,0,"Scenario CHG003: Direct, dependency or module association"
T0955,CHG003,0,"Scenario CHG003: Direct, dependency or module association"
T0956,CHG003,0,"Scenario CHG003: Direct, dependency or module association"
T0957,CHG003,0,"Scenario CHG003: Direct, dependency or module association"
T0958,CHG003,0,"Scenario CHG003: Direct, dependency or module association"
T0959,CHG003,0,"Scenario CHG003: Direct, dependency or module association"
T0960,CHG003,0,"Scenario CHG003: Direct, dependency or module association"
T0961,CHG003,0,"Scenario CHG003: Direct, dependency or module association"
T0962,CHG003,0,"Scenario CHG003: Direct, dependency or module association"
T0963,CHG003,1,"Scenario CHG003: Direct, dependency or module association"
T0964,CHG003,1,"Scenario CHG003: Direct, dependency or module association"
T0965,CHG003,0,"Scenario CHG003: Direct, dependency or module association"
T0966,CHG003,0,"Scenario CHG003: Direct, dependency or module association"
T0967,CHG003,1,"Scenario CHG003: Direct, dependency or module association"
T0968,CHG003,0,"Scenario CHG003: Direct, dependency or module association"
T0969,CHG003,0,"Scenario CHG003: Direct, dependency or module association"
T0970,CHG003,0,"Scenario CHG003: Direct, dependency or module association"
T0971,CHG003,0,"Scenario CHG003: Direct, dependency or module association"
T0972,CHG003,0,"Scenario CHG003: Direct, dependency or module association"
T0973,CHG003,0,"Scenario CHG003: Direct, dependency or module association"
T0974,CHG003,0,"Scenario CHG003: Direct, dependency or module association"
T0975,CHG003,0,"Scenario CHG003: Direct, dependency or module association"
T0976,CHG003,0,"Scenario CHG003: Direct, dependency or module association"
T0977,CHG003,0,"Scenario CHG003: Direct, dependency or module association"
T0978,CHG003,0,"Scenario CHG003: Direct, dependency or module association"
T0979,CHG003,0,"Scenario CHG003: Direct, dependency or module association"
T0980,CHG003,0,"Scenario CHG003: Direct, dependency or module association"
T0981,CHG003,0,"Scenario CHG003: Direct, dependency or module association"
T0982,CHG003,0,"Scenario CHG003: Direct, dependency or module association"
T0983,CHG003,0,"Scenario CHG003: Direct, dependency or module association"
T0984,CHG003,0,"Scenario CHG003: Direct, dependency or module association"
T0985,CHG003,0,"Scenario CHG003: Direct, dependency or module association"
T0986,CHG003,0,"Scenario CHG003: Direct, dependency or module association"
T0987,CHG003,0,"Scenario CHG003: Direct, dependency or module association"
T0988,CHG003,0,"Scenario CHG003: Direct, dependency or module association"
T0989,CHG003,0,"Scenario CHG003: Direct, dependency or module association"
T0990,CHG003,0,"Scenario CHG003: Direct, dependency or module association"
T0991,CHG003,0,"Scenario CHG003: Direct, dependency or module association"
T0992,CHG003,0,"Scenario CHG003: Direct, dependency or module association"
T0993,CHG003,0,"Scenario CHG003: Direct, dependency or module association"
T0994,CHG003,0,"Scenario CHG003: Direct, dependency or module association"
T0995,CHG003,0,"Scenario CHG003: Direct, dependency or module association"
T0996,CHG003,0,"Scenario CHG003: Direct, dependency or module association"
T0997,CHG003,0,"Scenario CHG003: Direct, dependency or module association"
T0998,CHG003,0,"Scenario CHG003: Direct, dependency or module association"
T0999,CHG003,0,"Scenario CHG003: Direct, dependency or module association"
T1000,CHG003,0,"Scenario CHG003: Direct, dependency or module association"
T0001,CHG008,0,"Scenario CHG008: Direct, dependency or module association"
T0002,CHG008,0,"Scenario CHG008: Direct, dependency or module association"
T0003,CHG008,0,"Scenario CHG008: Direct, dependency or module association"
T0004,CHG008,0,"Scenario CHG008: Direct, dependency or module association"
T0005,CHG008,0,"Scenario CHG008: Direct, dependency or module association"
T0006,CHG008,1,"Scenario CHG008: Direct, dependency or module association"
T0007,CHG008,0,"Scenario CHG008: Direct, dependency or module association"
T0008,CHG008,0,"Scenario CHG008: Direct, dependency or module association"
T0009,CHG008,0,"Scenario CHG008: Direct, dependency or module association"
T0010,CHG008,0,"Scenario CHG008: Direct, dependency or module association"
T0011,CHG008,0,"Scenario CHG008: Direct, dependency or module association"
T0012,CHG008,0,"Scenario CHG008: Direct, dependency or module association"
T0013,CHG008,0,"Scenario CHG008: Direct, dependency or module association"
T0014,CHG008,0,"Scenario CHG008: Direct, dependency or module association"
T0015,CHG008,0,"Scenario CHG008: Direct, dependency or module association"
T0016,CHG008,0,"Scenario CHG008: Direct, dependency or module association"
T0017,CHG008,1,"Scenario CHG008: Direct, dependency or module association"
T0018,CHG008,0,"Scenario CHG008: Direct, dependency or module association"
T0019,CHG008,0,"Scenario CHG008: Direct, dependency or module association"
T0020,CHG008,0,"Scenario CHG008: Direct, dependency or module association"
T0021,CHG008,1,"Scenario CHG008: Direct, dependency or module association"
T0022,CHG008,0,"Scenario CHG008: Direct, dependency or module association"
T0023,CHG008,0,"Scenario CHG008: Direct, dependency or module association"
T0024,CHG008,0,"Scenario CHG008: Direct, dependency or module association"
T0025,CHG008,0,"Scenario CHG008: Direct, dependency or module association"
T0026,CHG008,0,"Scenario CHG008: Direct, dependency or module association"
T0027,CHG008,0,"Scenario CHG008: Direct, dependency or module association"
T0028,CHG008,0,"Scenario CHG008: Direct, dependency or module association"
T0029,CHG008,0,"Scenario CHG008: Direct, dependency or module association"
T0030,CHG008,0,"Scenario CHG008: Direct, dependency or module association"
T0031,CHG008,0,"Scenario CHG008: Direct, dependency or module association"
T0032,CHG008,0,"Scenario CHG008: Direct, dependency or module association"
T0033,CHG008,0,"Scenario CHG008: Direct, dependency or module association"
T0034,CHG008,0,"Scenario CHG008: Direct, dependency or module association"
T0035,CHG008,0,"Scenario CHG008: Direct, dependency or module association"
T0036,CHG008,0,"Scenario CHG008: Direct, dependency or module association"
T0037,CHG008,1,"Scenario CHG008: Direct, dependency or module association"
T0038,CHG008,1,"Scenario CHG008: Direct, dependency or module association"
T0039,CHG008,0,"Scenario CHG008: Direct, dependency or module association"
T0040,CHG008,0,"Scenario CHG008: Direct, dependency or module association"
T0041,CHG008,0,"Scenario CHG008: Direct, dependency or module association"
T0042,CHG008,0,"Scenario CHG008: Direct, dependency or module association"
T0043,CHG008,0,"Scenario CHG008: Direct, dependency or module association"
T0044,CHG008,0,"Scenario CHG008: Direct, dependency or module association"
T0045,CHG008,0,"Scenario CHG008: Direct, dependency or module association"
T0046,CHG008,0,"Scenario CHG008: Direct, dependency or module association"
T0047,CHG008,0,"Scenario CHG008: Direct, dependency or module association"
T0048,CHG008,1,"Scenario CHG008: Direct, dependency or module association"
T0049,CHG008,0,"Scenario CHG008: Direct, dependency or module association"
T0050,CHG008,1,"Scenario CHG008: Direct, dependency or module association"
T0051,CHG008,0,"Scenario CHG008: Direct, dependency or module association"
T0052,CHG008,0,"Scenario CHG008: Direct, dependency or module association"
T0053,CHG008,0,"Scenario CHG008: Direct, dependency or module association"
T0054,CHG008,1,"Scenario CHG008: Direct, dependency or module association"
T0055,CHG008,0,"Scenario CHG008: Direct, dependency or module association"
T0056,CHG008,0,"Scenario CHG008: Direct, dependency or module association"
T0057,CHG008,1,"Scenario CHG008: Direct, dependency or module association"
T0058,CHG008,0,"Scenario CHG008: Direct, dependency or module association"
T0059,CHG008,0,"Scenario CHG008: Direct, dependency or module association"
T0060,CHG008,0,"Scenario CHG008: Direct, dependency or module association"
T0061,CHG008,1,"Scenario CHG008: Direct, dependency or module association"
T0062,CHG008,0,"Scenario CHG008: Direct, dependency or module association"
T0063,CHG008,0,"Scenario CHG008: Direct, dependency or module association"
T0064,CHG008,0,"Scenario CHG008: Direct, dependency or module association"
T0065,CHG008,0,"Scenario CHG008: Direct, dependency or module association"
T0066,CHG008,0,"Scenario CHG008: Direct, dependency or module association"
T0067,CHG008,0,"Scenario CHG008: Direct, dependency or module association"
T0068,CHG008,0,"Scenario CHG008: Direct, dependency or module association"
T0069,CHG008,0,"Scenario CHG008: Direct, dependency or module association"
T0070,CHG008,0,"Scenario CHG008: Direct, dependency or module association"
T0071,CHG008,0,"Scenario CHG008: Direct, dependency or module association"
T0072,CHG008,0,"Scenario CHG008: Direct, dependency or module association"
T0073,CHG008,0,"Scenario CHG008: Direct, dependency or module association"
T0074,CHG008,0,"Scenario CHG008: Direct, dependency or module association"
T0075,CHG008,0,"Scenario CHG008: Direct, dependency or module association"
T0076,CHG008,0,"Scenario CHG008: Direct, dependency or module association"
T0077,CHG008,0,"Scenario CHG008: Direct, dependency or module association"
T0078,CHG008,0,"Scenario CHG008: Direct, dependency or module association"
T0079,CHG008,1,"Scenario CHG008: Direct, dependency or module association"
T0080,CHG008,1,"Scenario CHG008: Direct, dependency or module association"
T0081,CHG008,0,"Scenario CHG008: Direct, dependency or module association"
T0082,CHG008,0,"Scenario CHG008: Direct, dependency or module association"
T0083,CHG008,0,"Scenario CHG008: Direct, dependency or module association"
T0084,CHG008,0,"Scenario CHG008: Direct, dependency or module association"
T0085,CHG008,0,"Scenario CHG008: Direct, dependency or module association"
T0086,CHG008,0,"Scenario CHG008: Direct, dependency or module association"
T0087,CHG008,0,"Scenario CHG008: Direct, dependency or module association"
T0088,CHG008,0,"Scenario CHG008: Direct, dependency or module association"
T0089,CHG008,0,"Scenario CHG008: Direct, dependency or module association"
T0090,CHG008,0,"Scenario CHG008: Direct, dependency or module association"
T0091,CHG008,0,"Scenario CHG008: Direct, dependency or module association"
T0092,CHG008,0,"Scenario CHG008: Direct, dependency or module association"
T0093,CHG008,0,"Scenario CHG008: Direct, dependency or module association"
T0094,CHG008,0,"Scenario CHG008: Direct, dependency or module association"
T0095,CHG008,0,"Scenario CHG008: Direct, dependency or module association"
T0096,CHG008,1,"Scenario CHG008: Direct, dependency or module association"
T0097,CHG008,0,"Scenario CHG008: Direct, dependency or module association"
T0098,CHG008,0,"Scenario CHG008: Direct, dependency or module association"
T0099,CHG008,0,"Scenario CHG008: Direct, dependency or module association"
T0100,CHG008,0,"Scenario CHG008: Direct, dependency or module association"
T0101,CHG008,0,"Scenario CHG008: Direct, dependency or module association"
T0102,CHG008,0,"Scenario CHG008: Direct, dependency or module association"
T0103,CHG008,1,"Scenario CHG008: Direct, dependency or module association"
T0104,CHG008,0,"Scenario CHG008: Direct, dependency or module association"
T0105,CHG008,0,"Scenario CHG008: Direct, dependency or module association"
T0106,CHG008,0,"Scenario CHG008: Direct, dependency or module association"
T0107,CHG008,0,"Scenario CHG008: Direct, dependency or module association"
T0108,CHG008,0,"Scenario CHG008: Direct, dependency or module association"
T0109,CHG008,0,"Scenario CHG008: Direct, dependency or module association"
T0110,CHG008,1,"Scenario CHG008: Direct, dependency or module association"
T0111,CHG008,0,"Scenario CHG008: Direct, dependency or module association"
T0112,CHG008,0,"Scenario CHG008: Direct, dependency or module association"
T0113,CHG008,0,"Scenario CHG008: Direct, dependency or module association"
T0114,CHG008,0,"Scenario CHG008: Direct, dependency or module association"
T0115,CHG008,0,"Scenario CHG008: Direct, dependency or module association"
T0116,CHG008,1,"Scenario CHG008: Direct, dependency or module association"
T0117,CHG008,0,"Scenario CHG008: Direct, dependency or module association"
T0118,CHG008,0,"Scenario CHG008: Direct, dependency or module association"
T0119,CHG008,0,"Scenario CHG008: Direct, dependency or module association"
T0120,CHG008,0,"Scenario CHG008: Direct, dependency or module association"
T0121,CHG008,0,"Scenario CHG008: Direct, dependency or module association"
T0122,CHG008,0,"Scenario CHG008: Direct, dependency or module association"
T0123,CHG008,0,"Scenario CHG008: Direct, dependency or module association"
T0124,CHG008,0,"Scenario CHG008: Direct, dependency or module association"
T0125,CHG008,0,"Scenario CHG008: Direct, dependency or module association"
T0126,CHG008,0,"Scenario CHG008: Direct, dependency or module association"
T0127,CHG008,0,"Scenario CHG008: Direct, dependency or module association"
T0128,CHG008,0,"Scenario CHG008: Direct, dependency or module association"
T0129,CHG008,0,"Scenario CHG008: Direct, dependency or module association"
T0130,CHG008,0,"Scenario CHG008: Direct, dependency or module association"
T0131,CHG008,1,"Scenario CHG008: Direct, dependency or module association"
T0132,CHG008,0,"Scenario CHG008: Direct, dependency or module association"
T0133,CHG008,0,"Scenario CHG008: Direct, dependency or module association"
T0134,CHG008,0,"Scenario CHG008: Direct, dependency or module association"
T0135,CHG008,1,"Scenario CHG008: Direct, dependency or module association"
T0136,CHG008,0,"Scenario CHG008: Direct, dependency or module association"
T0137,CHG008,0,"Scenario CHG008: Direct, dependency or module association"
T0138,CHG008,0,"Scenario CHG008: Direct, dependency or module association"
T0139,CHG008,0,"Scenario CHG008: Direct, dependency or module association"
T0140,CHG008,0,"Scenario CHG008: Direct, dependency or module association"
T0141,CHG008,0,"Scenario CHG008: Direct, dependency or module association"
T0142,CHG008,0,"Scenario CHG008: Direct, dependency or module association"
T0143,CHG008,0,"Scenario CHG008: Direct, dependency or module association"
T0144,CHG008,1,"Scenario CHG008: Direct, dependency or module association"
T0145,CHG008,0,"Scenario CHG008: Direct, dependency or module association"
T0146,CHG008,0,"Scenario CHG008: Direct, dependency or module association"
T0147,CHG008,0,"Scenario CHG008: Direct, dependency or module association"
T0148,CHG008,0,"Scenario CHG008: Direct, dependency or module association"
T0149,CHG008,0,"Scenario CHG008: Direct, dependency or module association"
T0150,CHG008,0,"Scenario CHG008: Direct, dependency or module association"
T0151,CHG008,0,"Scenario CHG008: Direct, dependency or module association"
T0152,CHG008,0,"Scenario CHG008: Direct, dependency or module association"
T0153,CHG008,0,"Scenario CHG008: Direct, dependency or module association"
T0154,CHG008,1,"Scenario CHG008: Direct, dependency or module association"
T0155,CHG008,0,"Scenario CHG008: Direct, dependency or module association"
T0156,CHG008,0,"Scenario CHG008: Direct, dependency or module association"
T0157,CHG008,0,"Scenario CHG008: Direct, dependency or module association"
T0158,CHG008,1,"Scenario CHG008: Direct, dependency or module association"
T0159,CHG008,0,"Scenario CHG008: Direct, dependency or module association"
T0160,CHG008,0,"Scenario CHG008: Direct, dependency or module association"
T0161,CHG008,0,"Scenario CHG008: Direct, dependency or module association"
T0162,CHG008,0,"Scenario CHG008: Direct, dependency or module association"
T0163,CHG008,0,"Scenario CHG008: Direct, dependency or module association"
T0164,CHG008,0,"Scenario CHG008: Direct, dependency or module association"
T0165,CHG008,0,"Scenario CHG008: Direct, dependency or module association"
T0166,CHG008,0,"Scenario CHG008: Direct, dependency or module association"
T0167,CHG008,0,"Scenario CHG008: Direct, dependency or module association"
T0168,CHG008,0,"Scenario CHG008: Direct, dependency or module association"
T0169,CHG008,1,"Scenario CHG008: Direct, dependency or module association"
T0170,CHG008,1,"Scenario CHG008: Direct, dependency or module association"
T0171,CHG008,0,"Scenario CHG008: Direct, dependency or module association"
T0172,CHG008,0,"Scenario CHG008: Direct, dependency or module association"
T0173,CHG008,0,"Scenario CHG008: Direct, dependency or module association"
T0174,CHG008,0,"Scenario CHG008: Direct, dependency or module association"
T0175,CHG008,0,"Scenario CHG008: Direct, dependency or module association"
T0176,CHG008,0,"Scenario CHG008: Direct, dependency or module association"
T0177,CHG008,0,"Scenario CHG008: Direct, dependency or module association"
T0178,CHG008,1,"Scenario CHG008: Direct, dependency or module association"
T0179,CHG008,0,"Scenario CHG008: Direct, dependency or module association"
T0180,CHG008,0,"Scenario CHG008: Direct, dependency or module association"
T0181,CHG008,0,"Scenario CHG008: Direct, dependency or module association"
T0182,CHG008,0,"Scenario CHG008: Direct, dependency or module association"
T0183,CHG008,0,"Scenario CHG008: Direct, dependency or module association"
T0184,CHG008,0,"Scenario CHG008: Direct, dependency or module association"
T0185,CHG008,0,"Scenario CHG008: Direct, dependency or module association"
T0186,CHG008,0,"Scenario CHG008: Direct, dependency or module association"
T0187,CHG008,1,"Scenario CHG008: Direct, dependency or module association"
T0188,CHG008,0,"Scenario CHG008: Direct, dependency or module association"
T0189,CHG008,1,"Scenario CHG008: Direct, dependency or module association"
T0190,CHG008,1,"Scenario CHG008: Direct, dependency or module association"
T0191,CHG008,0,"Scenario CHG008: Direct, dependency or module association"
T0192,CHG008,0,"Scenario CHG008: Direct, dependency or module association"
T0193,CHG008,0,"Scenario CHG008: Direct, dependency or module association"
T0194,CHG008,0,"Scenario CHG008: Direct, dependency or module association"
T0195,CHG008,0,"Scenario CHG008: Direct, dependency or module association"
T0196,CHG008,0,"Scenario CHG008: Direct, dependency or module association"
T0197,CHG008,0,"Scenario CHG008: Direct, dependency or module association"
T0198,CHG008,0,"Scenario CHG008: Direct, dependency or module association"
T0199,CHG008,0,"Scenario CHG008: Direct, dependency or module association"
T0200,CHG008,0,"Scenario CHG008: Direct, dependency or module association"
T0201,CHG008,0,"Scenario CHG008: Direct, dependency or module association"
T0202,CHG008,0,"Scenario CHG008: Direct, dependency or module association"
T0203,CHG008,0,"Scenario CHG008: Direct, dependency or module association"
T0204,CHG008,0,"Scenario CHG008: Direct, dependency or module association"
T0205,CHG008,0,"Scenario CHG008: Direct, dependency or module association"
T0206,CHG008,0,"Scenario CHG008: Direct, dependency or module association"
T0207,CHG008,0,"Scenario CHG008: Direct, dependency or module association"
T0208,CHG008,0,"Scenario CHG008: Direct, dependency or module association"
T0209,CHG008,0,"Scenario CHG008: Direct, dependency or module association"
T0210,CHG008,0,"Scenario CHG008: Direct, dependency or module association"
T0211,CHG008,0,"Scenario CHG008: Direct, dependency or module association"
T0212,CHG008,0,"Scenario CHG008: Direct, dependency or module association"
T0213,CHG008,0,"Scenario CHG008: Direct, dependency or module association"
T0214,CHG008,1,"Scenario CHG008: Direct, dependency or module association"
T0215,CHG008,0,"Scenario CHG008: Direct, dependency or module association"
T0216,CHG008,0,"Scenario CHG008: Direct, dependency or module association"
T0217,CHG008,0,"Scenario CHG008: Direct, dependency or module association"
T0218,CHG008,0,"Scenario CHG008: Direct, dependency or module association"
T0219,CHG008,0,"Scenario CHG008: Direct, dependency or module association"
T0220,CHG008,0,"Scenario CHG008: Direct, dependency or module association"
T0221,CHG008,1,"Scenario CHG008: Direct, dependency or module association"
T0222,CHG008,1,"Scenario CHG008: Direct, dependency or module association"
T0223,CHG008,0,"Scenario CHG008: Direct, dependency or module association"
T0224,CHG008,1,"Scenario CHG008: Direct, dependency or module association"
T0225,CHG008,1,"Scenario CHG008: Direct, dependency or module association"
T0226,CHG008,0,"Scenario CHG008: Direct, dependency or module association"
T0227,CHG008,0,"Scenario CHG008: Direct, dependency or module association"
T0228,CHG008,0,"Scenario CHG008: Direct, dependency or module association"
T0229,CHG008,0,"Scenario CHG008: Direct, dependency or module association"
T0230,CHG008,0,"Scenario CHG008: Direct, dependency or module association"
T0231,CHG008,1,"Scenario CHG008: Direct, dependency or module association"
T0232,CHG008,1,"Scenario CHG008: Direct, dependency or module association"
T0233,CHG008,0,"Scenario CHG008: Direct, dependency or module association"
T0234,CHG008,0,"Scenario CHG008: Direct, dependency or module association"
T0235,CHG008,0,"Scenario CHG008: Direct, dependency or module association"
T0236,CHG008,0,"Scenario CHG008: Direct, dependency or module association"
T0237,CHG008,0,"Scenario CHG008: Direct, dependency or module association"
T0238,CHG008,0,"Scenario CHG008: Direct, dependency or module association"
T0239,CHG008,1,"Scenario CHG008: Direct, dependency or module association"
T0240,CHG008,0,"Scenario CHG008: Direct, dependency or module association"
T0241,CHG008,0,"Scenario CHG008: Direct, dependency or module association"
T0242,CHG008,0,"Scenario CHG008: Direct, dependency or module association"
T0243,CHG008,1,"Scenario CHG008: Direct, dependency or module association"
T0244,CHG008,0,"Scenario CHG008: Direct, dependency or module association"
T0245,CHG008,0,"Scenario CHG008: Direct, dependency or module association"
T0246,CHG008,0,"Scenario CHG008: Direct, dependency or module association"
T0247,CHG008,1,"Scenario CHG008: Direct, dependency or module association"
T0248,CHG008,0,"Scenario CHG008: Direct, dependency or module association"
T0249,CHG008,0,"Scenario CHG008: Direct, dependency or module association"
T0250,CHG008,0,"Scenario CHG008: Direct, dependency or module association"
T0251,CHG008,0,"Scenario CHG008: Direct, dependency or module association"
T0252,CHG008,0,"Scenario CHG008: Direct, dependency or module association"
T0253,CHG008,0,"Scenario CHG008: Direct, dependency or module association"
T0254,CHG008,0,"Scenario CHG008: Direct, dependency or module association"
T0255,CHG008,0,"Scenario CHG008: Direct, dependency or module association"
T0256,CHG008,0,"Scenario CHG008: Direct, dependency or module association"
T0257,CHG008,0,"Scenario CHG008: Direct, dependency or module association"
T0258,CHG008,0,"Scenario CHG008: Direct, dependency or module association"
T0259,CHG008,0,"Scenario CHG008: Direct, dependency or module association"
T0260,CHG008,1,"Scenario CHG008: Direct, dependency or module association"
T0261,CHG008,1,"Scenario CHG008: Direct, dependency or module association"
T0262,CHG008,0,"Scenario CHG008: Direct, dependency or module association"
T0263,CHG008,0,"Scenario CHG008: Direct, dependency or module association"
T0264,CHG008,0,"Scenario CHG008: Direct, dependency or module association"
T0265,CHG008,0,"Scenario CHG008: Direct, dependency or module association"
T0266,CHG008,0,"Scenario CHG008: Direct, dependency or module association"
T0267,CHG008,1,"Scenario CHG008: Direct, dependency or module association"
T0268,CHG008,0,"Scenario CHG008: Direct, dependency or module association"
T0269,CHG008,0,"Scenario CHG008: Direct, dependency or module association"
T0270,CHG008,0,"Scenario CHG008: Direct, dependency or module association"
T0271,CHG008,0,"Scenario CHG008: Direct, dependency or module association"
T0272,CHG008,1,"Scenario CHG008: Direct, dependency or module association"
T0273,CHG008,0,"Scenario CHG008: Direct, dependency or module association"
T0274,CHG008,0,"Scenario CHG008: Direct, dependency or module association"
T0275,CHG008,1,"Scenario CHG008: Direct, dependency or module association"
T0276,CHG008,0,"Scenario CHG008: Direct, dependency or module association"
T0277,CHG008,0,"Scenario CHG008: Direct, dependency or module association"
T0278,CHG008,0,"Scenario CHG008: Direct, dependency or module association"
T0279,CHG008,0,"Scenario CHG008: Direct, dependency or module association"
T0280,CHG008,0,"Scenario CHG008: Direct, dependency or module association"
T0281,CHG008,0,"Scenario CHG008: Direct, dependency or module association"
T0282,CHG008,1,"Scenario CHG008: Direct, dependency or module association"
T0283,CHG008,0,"Scenario CHG008: Direct, dependency or module association"
T0284,CHG008,0,"Scenario CHG008: Direct, dependency or module association"
T0285,CHG008,1,"Scenario CHG008: Direct, dependency or module association"
T0286,CHG008,0,"Scenario CHG008: Direct, dependency or module association"
T0287,CHG008,0,"Scenario CHG008: Direct, dependency or module association"
T0288,CHG008,0,"Scenario CHG008: Direct, dependency or module association"
T0289,CHG008,0,"Scenario CHG008: Direct, dependency or module association"
T0290,CHG008,0,"Scenario CHG008: Direct, dependency or module association"
T0291,CHG008,0,"Scenario CHG008: Direct, dependency or module association"
T0292,CHG008,0,"Scenario CHG008: Direct, dependency or module association"
T0293,CHG008,1,"Scenario CHG008: Direct, dependency or module association"
T0294,CHG008,0,"Scenario CHG008: Direct, dependency or module association"
T0295,CHG008,1,"Scenario CHG008: Direct, dependency or module association"
T0296,CHG008,0,"Scenario CHG008: Direct, dependency or module association"
T0297,CHG008,0,"Scenario CHG008: Direct, dependency or module association"
T0298,CHG008,1,"Scenario CHG008: Direct, dependency or module association"
T0299,CHG008,0,"Scenario CHG008: Direct, dependency or module association"
T0300,CHG008,0,"Scenario CHG008: Direct, dependency or module association"
T0301,CHG008,0,"Scenario CHG008: Direct, dependency or module association"
T0302,CHG008,0,"Scenario CHG008: Direct, dependency or module association"
T0303,CHG008,0,"Scenario CHG008: Direct, dependency or module association"
T0304,CHG008,1,"Scenario CHG008: Direct, dependency or module association"
T0305,CHG008,0,"Scenario CHG008: Direct, dependency or module association"
T0306,CHG008,1,"Scenario CHG008: Direct, dependency or module association"
T0307,CHG008,0,"Scenario CHG008: Direct, dependency or module association"
T0308,CHG008,1,"Scenario CHG008: Direct, dependency or module association"
T0309,CHG008,0,"Scenario CHG008: Direct, dependency or module association"
T0310,CHG008,0,"Scenario CHG008: Direct, dependency or module association"
T0311,CHG008,0,"Scenario CHG008: Direct, dependency or module association"
T0312,CHG008,0,"Scenario CHG008: Direct, dependency or module association"
T0313,CHG008,0,"Scenario CHG008: Direct, dependency or module association"
T0314,CHG008,0,"Scenario CHG008: Direct, dependency or module association"
T0315,CHG008,0,"Scenario CHG008: Direct, dependency or module association"
T0316,CHG008,0,"Scenario CHG008: Direct, dependency or module association"
T0317,CHG008,0,"Scenario CHG008: Direct, dependency or module association"
T0318,CHG008,0,"Scenario CHG008: Direct, dependency or module association"
T0319,CHG008,0,"Scenario CHG008: Direct, dependency or module association"
T0320,CHG008,0,"Scenario CHG008: Direct, dependency or module association"
T0321,CHG008,0,"Scenario CHG008: Direct, dependency or module association"
T0322,CHG008,0,"Scenario CHG008: Direct, dependency or module association"
T0323,CHG008,0,"Scenario CHG008: Direct, dependency or module association"
T0324,CHG008,0,"Scenario CHG008: Direct, dependency or module association"
T0325,CHG008,0,"Scenario CHG008: Direct, dependency or module association"
T0326,CHG008,0,"Scenario CHG008: Direct, dependency or module association"
T0327,CHG008,0,"Scenario CHG008: Direct, dependency or module association"
T0328,CHG008,0,"Scenario CHG008: Direct, dependency or module association"
T0329,CHG008,0,"Scenario CHG008: Direct, dependency or module association"
T0330,CHG008,1,"Scenario CHG008: Direct, dependency or module association"
T0331,CHG008,0,"Scenario CHG008: Direct, dependency or module association"
T0332,CHG008,1,"Scenario CHG008: Direct, dependency or module association"
T0333,CHG008,0,"Scenario CHG008: Direct, dependency or module association"
T0334,CHG008,0,"Scenario CHG008: Direct, dependency or module association"
T0335,CHG008,1,"Scenario CHG008: Direct, dependency or module association"
T0336,CHG008,1,"Scenario CHG008: Direct, dependency or module association"
T0337,CHG008,0,"Scenario CHG008: Direct, dependency or module association"
T0338,CHG008,1,"Scenario CHG008: Direct, dependency or module association"
T0339,CHG008,0,"Scenario CHG008: Direct, dependency or module association"
T0340,CHG008,0,"Scenario CHG008: Direct, dependency or module association"
T0341,CHG008,0,"Scenario CHG008: Direct, dependency or module association"
T0342,CHG008,0,"Scenario CHG008: Direct, dependency or module association"
T0343,CHG008,0,"Scenario CHG008: Direct, dependency or module association"
T0344,CHG008,0,"Scenario CHG008: Direct, dependency or module association"
T0345,CHG008,0,"Scenario CHG008: Direct, dependency or module association"
T0346,CHG008,1,"Scenario CHG008: Direct, dependency or module association"
T0347,CHG008,0,"Scenario CHG008: Direct, dependency or module association"
T0348,CHG008,0,"Scenario CHG008: Direct, dependency or module association"
T0349,CHG008,0,"Scenario CHG008: Direct, dependency or module association"
T0350,CHG008,0,"Scenario CHG008: Direct, dependency or module association"
T0351,CHG008,0,"Scenario CHG008: Direct, dependency or module association"
T0352,CHG008,0,"Scenario CHG008: Direct, dependency or module association"
T0353,CHG008,0,"Scenario CHG008: Direct, dependency or module association"
T0354,CHG008,0,"Scenario CHG008: Direct, dependency or module association"
T0355,CHG008,0,"Scenario CHG008: Direct, dependency or module association"
T0356,CHG008,0,"Scenario CHG008: Direct, dependency or module association"
T0357,CHG008,0,"Scenario CHG008: Direct, dependency or module association"
T0358,CHG008,0,"Scenario CHG008: Direct, dependency or module association"
T0359,CHG008,0,"Scenario CHG008: Direct, dependency or module association"
T0360,CHG008,0,"Scenario CHG008: Direct, dependency or module association"
T0361,CHG008,0,"Scenario CHG008: Direct, dependency or module association"
T0362,CHG008,0,"Scenario CHG008: Direct, dependency or module association"
T0363,CHG008,0,"Scenario CHG008: Direct, dependency or module association"
T0364,CHG008,0,"Scenario CHG008: Direct, dependency or module association"
T0365,CHG008,0,"Scenario CHG008: Direct, dependency or module association"
T0366,CHG008,0,"Scenario CHG008: Direct, dependency or module association"
T0367,CHG008,0,"Scenario CHG008: Direct, dependency or module association"
T0368,CHG008,0,"Scenario CHG008: Direct, dependency or module association"
T0369,CHG008,0,"Scenario CHG008: Direct, dependency or module association"
T0370,CHG008,0,"Scenario CHG008: Direct, dependency or module association"
T0371,CHG008,0,"Scenario CHG008: Direct, dependency or module association"
T0372,CHG008,1,"Scenario CHG008: Direct, dependency or module association"
T0373,CHG008,0,"Scenario CHG008: Direct, dependency or module association"
T0374,CHG008,0,"Scenario CHG008: Direct, dependency or module association"
T0375,CHG008,0,"Scenario CHG008: Direct, dependency or module association"
T0376,CHG008,1,"Scenario CHG008: Direct, dependency or module association"
T0377,CHG008,1,"Scenario CHG008: Direct, dependency or module association"
T0378,CHG008,0,"Scenario CHG008: Direct, dependency or module association"
T0379,CHG008,0,"Scenario CHG008: Direct, dependency or module association"
T0380,CHG008,0,"Scenario CHG008: Direct, dependency or module association"
T0381,CHG008,0,"Scenario CHG008: Direct, dependency or module association"
T0382,CHG008,0,"Scenario CHG008: Direct, dependency or module association"
T0383,CHG008,0,"Scenario CHG008: Direct, dependency or module association"
T0384,CHG008,0,"Scenario CHG008: Direct, dependency or module association"
T0385,CHG008,0,"Scenario CHG008: Direct, dependency or module association"
T0386,CHG008,0,"Scenario CHG008: Direct, dependency or module association"
T0387,CHG008,0,"Scenario CHG008: Direct, dependency or module association"
T0388,CHG008,0,"Scenario CHG008: Direct, dependency or module association"
T0389,CHG008,0,"Scenario CHG008: Direct, dependency or module association"
T0390,CHG008,0,"Scenario CHG008: Direct, dependency or module association"
T0391,CHG008,0,"Scenario CHG008: Direct, dependency or module association"
T0392,CHG008,0,"Scenario CHG008: Direct, dependency or module association"
T0393,CHG008,0,"Scenario CHG008: Direct, dependency or module association"
T0394,CHG008,1,"Scenario CHG008: Direct, dependency or module association"
T0395,CHG008,0,"Scenario CHG008: Direct, dependency or module association"
T0396,CHG008,0,"Scenario CHG008: Direct, dependency or module association"
T0397,CHG008,0,"Scenario CHG008: Direct, dependency or module association"
T0398,CHG008,0,"Scenario CHG008: Direct, dependency or module association"
T0399,CHG008,0,"Scenario CHG008: Direct, dependency or module association"
T0400,CHG008,0,"Scenario CHG008: Direct, dependency or module association"
T0401,CHG008,0,"Scenario CHG008: Direct, dependency or module association"
T0402,CHG008,1,"Scenario CHG008: Direct, dependency or module association"
T0403,CHG008,1,"Scenario CHG008: Direct, dependency or module association"
T0404,CHG008,0,"Scenario CHG008: Direct, dependency or module association"
T0405,CHG008,0,"Scenario CHG008: Direct, dependency or module association"
T0406,CHG008,0,"Scenario CHG008: Direct, dependency or module association"
T0407,CHG008,0,"Scenario CHG008: Direct, dependency or module association"
T0408,CHG008,0,"Scenario CHG008: Direct, dependency or module association"
T0409,CHG008,1,"Scenario CHG008: Direct, dependency or module association"
T0410,CHG008,0,"Scenario CHG008: Direct, dependency or module association"
T0411,CHG008,0,"Scenario CHG008: Direct, dependency or module association"
T0412,CHG008,0,"Scenario CHG008: Direct, dependency or module association"
T0413,CHG008,0,"Scenario CHG008: Direct, dependency or module association"
T0414,CHG008,0,"Scenario CHG008: Direct, dependency or module association"
T0415,CHG008,0,"Scenario CHG008: Direct, dependency or module association"
T0416,CHG008,0,"Scenario CHG008: Direct, dependency or module association"
T0417,CHG008,0,"Scenario CHG008: Direct, dependency or module association"
T0418,CHG008,0,"Scenario CHG008: Direct, dependency or module association"
T0419,CHG008,0,"Scenario CHG008: Direct, dependency or module association"
T0420,CHG008,0,"Scenario CHG008: Direct, dependency or module association"
T0421,CHG008,0,"Scenario CHG008: Direct, dependency or module association"
T0422,CHG008,0,"Scenario CHG008: Direct, dependency or module association"
T0423,CHG008,0,"Scenario CHG008: Direct, dependency or module association"
T0424,CHG008,0,"Scenario CHG008: Direct, dependency or module association"
T0425,CHG008,0,"Scenario CHG008: Direct, dependency or module association"
T0426,CHG008,0,"Scenario CHG008: Direct, dependency or module association"
T0427,CHG008,0,"Scenario CHG008: Direct, dependency or module association"
T0428,CHG008,0,"Scenario CHG008: Direct, dependency or module association"
T0429,CHG008,0,"Scenario CHG008: Direct, dependency or module association"
T0430,CHG008,0,"Scenario CHG008: Direct, dependency or module association"
T0431,CHG008,1,"Scenario CHG008: Direct, dependency or module association"
T0432,CHG008,0,"Scenario CHG008: Direct, dependency or module association"
T0433,CHG008,0,"Scenario CHG008: Direct, dependency or module association"
T0434,CHG008,0,"Scenario CHG008: Direct, dependency or module association"
T0435,CHG008,0,"Scenario CHG008: Direct, dependency or module association"
T0436,CHG008,0,"Scenario CHG008: Direct, dependency or module association"
T0437,CHG008,0,"Scenario CHG008: Direct, dependency or module association"
T0438,CHG008,0,"Scenario CHG008: Direct, dependency or module association"
T0439,CHG008,0,"Scenario CHG008: Direct, dependency or module association"
T0440,CHG008,1,"Scenario CHG008: Direct, dependency or module association"
T0441,CHG008,0,"Scenario CHG008: Direct, dependency or module association"
T0442,CHG008,0,"Scenario CHG008: Direct, dependency or module association"
T0443,CHG008,0,"Scenario CHG008: Direct, dependency or module association"
T0444,CHG008,0,"Scenario CHG008: Direct, dependency or module association"
T0445,CHG008,0,"Scenario CHG008: Direct, dependency or module association"
T0446,CHG008,0,"Scenario CHG008: Direct, dependency or module association"
T0447,CHG008,0,"Scenario CHG008: Direct, dependency or module association"
T0448,CHG008,1,"Scenario CHG008: Direct, dependency or module association"
T0449,CHG008,0,"Scenario CHG008: Direct, dependency or module association"
T0450,CHG008,0,"Scenario CHG008: Direct, dependency or module association"
T0451,CHG008,0,"Scenario CHG008: Direct, dependency or module association"
T0452,CHG008,0,"Scenario CHG008: Direct, dependency or module association"
T0453,CHG008,0,"Scenario CHG008: Direct, dependency or module association"
T0454,CHG008,0,"Scenario CHG008: Direct, dependency or module association"
T0455,CHG008,0,"Scenario CHG008: Direct, dependency or module association"
T0456,CHG008,0,"Scenario CHG008: Direct, dependency or module association"
T0457,CHG008,0,"Scenario CHG008: Direct, dependency or module association"
T0458,CHG008,0,"Scenario CHG008: Direct, dependency or module association"
T0459,CHG008,0,"Scenario CHG008: Direct, dependency or module association"
T0460,CHG008,0,"Scenario CHG008: Direct, dependency or module association"
T0461,CHG008,1,"Scenario CHG008: Direct, dependency or module association"
T0462,CHG008,0,"Scenario CHG008: Direct, dependency or module association"
T0463,CHG008,0,"Scenario CHG008: Direct, dependency or module association"
T0464,CHG008,0,"Scenario CHG008: Direct, dependency or module association"
T0465,CHG008,0,"Scenario CHG008: Direct, dependency or module association"
T0466,CHG008,0,"Scenario CHG008: Direct, dependency or module association"
T0467,CHG008,0,"Scenario CHG008: Direct, dependency or module association"
T0468,CHG008,0,"Scenario CHG008: Direct, dependency or module association"
T0469,CHG008,1,"Scenario CHG008: Direct, dependency or module association"
T0470,CHG008,0,"Scenario CHG008: Direct, dependency or module association"
T0471,CHG008,0,"Scenario CHG008: Direct, dependency or module association"
T0472,CHG008,0,"Scenario CHG008: Direct, dependency or module association"
T0473,CHG008,0,"Scenario CHG008: Direct, dependency or module association"
T0474,CHG008,1,"Scenario CHG008: Direct, dependency or module association"
T0475,CHG008,0,"Scenario CHG008: Direct, dependency or module association"
T0476,CHG008,0,"Scenario CHG008: Direct, dependency or module association"
T0477,CHG008,0,"Scenario CHG008: Direct, dependency or module association"
T0478,CHG008,0,"Scenario CHG008: Direct, dependency or module association"
T0479,CHG008,0,"Scenario CHG008: Direct, dependency or module association"
T0480,CHG008,0,"Scenario CHG008: Direct, dependency or module association"
T0481,CHG008,0,"Scenario CHG008: Direct, dependency or module association"
T0482,CHG008,1,"Scenario CHG008: Direct, dependency or module association"
T0483,CHG008,1,"Scenario CHG008: Direct, dependency or module association"
T0484,CHG008,0,"Scenario CHG008: Direct, dependency or module association"
T0485,CHG008,1,"Scenario CHG008: Direct, dependency or module association"
T0486,CHG008,0,"Scenario CHG008: Direct, dependency or module association"
T0487,CHG008,0,"Scenario CHG008: Direct, dependency or module association"
T0488,CHG008,0,"Scenario CHG008: Direct, dependency or module association"
T0489,CHG008,0,"Scenario CHG008: Direct, dependency or module association"
T0490,CHG008,0,"Scenario CHG008: Direct, dependency or module association"
T0491,CHG008,0,"Scenario CHG008: Direct, dependency or module association"
T0492,CHG008,0,"Scenario CHG008: Direct, dependency or module association"
T0493,CHG008,0,"Scenario CHG008: Direct, dependency or module association"
T0494,CHG008,0,"Scenario CHG008: Direct, dependency or module association"
T0495,CHG008,0,"Scenario CHG008: Direct, dependency or module association"
T0496,CHG008,1,"Scenario CHG008: Direct, dependency or module association"
T0497,CHG008,0,"Scenario CHG008: Direct, dependency or module association"
T0498,CHG008,1,"Scenario CHG008: Direct, dependency or module association"
T0499,CHG008,0,"Scenario CHG008: Direct, dependency or module association"
T0500,CHG008,1,"Scenario CHG008: Direct, dependency or module association"
T0501,CHG008,0,"Scenario CHG008: Direct, dependency or module association"
T0502,CHG008,0,"Scenario CHG008: Direct, dependency or module association"
T0503,CHG008,0,"Scenario CHG008: Direct, dependency or module association"
T0504,CHG008,0,"Scenario CHG008: Direct, dependency or module association"
T0505,CHG008,0,"Scenario CHG008: Direct, dependency or module association"
T0506,CHG008,0,"Scenario CHG008: Direct, dependency or module association"
T0507,CHG008,0,"Scenario CHG008: Direct, dependency or module association"
T0508,CHG008,0,"Scenario CHG008: Direct, dependency or module association"
T0509,CHG008,0,"Scenario CHG008: Direct, dependency or module association"
T0510,CHG008,0,"Scenario CHG008: Direct, dependency or module association"
T0511,CHG008,0,"Scenario CHG008: Direct, dependency or module association"
T0512,CHG008,0,"Scenario CHG008: Direct, dependency or module association"
T0513,CHG008,0,"Scenario CHG008: Direct, dependency or module association"
T0514,CHG008,0,"Scenario CHG008: Direct, dependency or module association"
T0515,CHG008,0,"Scenario CHG008: Direct, dependency or module association"
T0516,CHG008,0,"Scenario CHG008: Direct, dependency or module association"
T0517,CHG008,0,"Scenario CHG008: Direct, dependency or module association"
T0518,CHG008,0,"Scenario CHG008: Direct, dependency or module association"
T0519,CHG008,0,"Scenario CHG008: Direct, dependency or module association"
T0520,CHG008,0,"Scenario CHG008: Direct, dependency or module association"
T0521,CHG008,0,"Scenario CHG008: Direct, dependency or module association"
T0522,CHG008,0,"Scenario CHG008: Direct, dependency or module association"
T0523,CHG008,1,"Scenario CHG008: Direct, dependency or module association"
T0524,CHG008,0,"Scenario CHG008: Direct, dependency or module association"
T0525,CHG008,0,"Scenario CHG008: Direct, dependency or module association"
T0526,CHG008,1,"Scenario CHG008: Direct, dependency or module association"
T0527,CHG008,0,"Scenario CHG008: Direct, dependency or module association"
T0528,CHG008,1,"Scenario CHG008: Direct, dependency or module association"
T0529,CHG008,1,"Scenario CHG008: Direct, dependency or module association"
T0530,CHG008,0,"Scenario CHG008: Direct, dependency or module association"
T0531,CHG008,0,"Scenario CHG008: Direct, dependency or module association"
T0532,CHG008,0,"Scenario CHG008: Direct, dependency or module association"
T0533,CHG008,0,"Scenario CHG008: Direct, dependency or module association"
T0534,CHG008,0,"Scenario CHG008: Direct, dependency or module association"
T0535,CHG008,0,"Scenario CHG008: Direct, dependency or module association"
T0536,CHG008,0,"Scenario CHG008: Direct, dependency or module association"
T0537,CHG008,0,"Scenario CHG008: Direct, dependency or module association"
T0538,CHG008,0,"Scenario CHG008: Direct, dependency or module association"
T0539,CHG008,0,"Scenario CHG008: Direct, dependency or module association"
T0540,CHG008,0,"Scenario CHG008: Direct, dependency or module association"
T0541,CHG008,1,"Scenario CHG008: Direct, dependency or module association"
T0542,CHG008,0,"Scenario CHG008: Direct, dependency or module association"
T0543,CHG008,0,"Scenario CHG008: Direct, dependency or module association"
T0544,CHG008,0,"Scenario CHG008: Direct, dependency or module association"
T0545,CHG008,0,"Scenario CHG008: Direct, dependency or module association"
T0546,CHG008,0,"Scenario CHG008: Direct, dependency or module association"
T0547,CHG008,0,"Scenario CHG008: Direct, dependency or module association"
T0548,CHG008,0,"Scenario CHG008: Direct, dependency or module association"
T0549,CHG008,0,"Scenario CHG008: Direct, dependency or module association"
T0550,CHG008,0,"Scenario CHG008: Direct, dependency or module association"
T0551,CHG008,0,"Scenario CHG008: Direct, dependency or module association"
T0552,CHG008,0,"Scenario CHG008: Direct, dependency or module association"
T0553,CHG008,0,"Scenario CHG008: Direct, dependency or module association"
T0554,CHG008,0,"Scenario CHG008: Direct, dependency or module association"
T0555,CHG008,0,"Scenario CHG008: Direct, dependency or module association"
T0556,CHG008,1,"Scenario CHG008: Direct, dependency or module association"
T0557,CHG008,0,"Scenario CHG008: Direct, dependency or module association"
T0558,CHG008,0,"Scenario CHG008: Direct, dependency or module association"
T0559,CHG008,0,"Scenario CHG008: Direct, dependency or module association"
T0560,CHG008,1,"Scenario CHG008: Direct, dependency or module association"
T0561,CHG008,0,"Scenario CHG008: Direct, dependency or module association"
T0562,CHG008,0,"Scenario CHG008: Direct, dependency or module association"
T0563,CHG008,0,"Scenario CHG008: Direct, dependency or module association"
T0564,CHG008,0,"Scenario CHG008: Direct, dependency or module association"
T0565,CHG008,0,"Scenario CHG008: Direct, dependency or module association"
T0566,CHG008,0,"Scenario CHG008: Direct, dependency or module association"
T0567,CHG008,0,"Scenario CHG008: Direct, dependency or module association"
T0568,CHG008,0,"Scenario CHG008: Direct, dependency or module association"
T0569,CHG008,0,"Scenario CHG008: Direct, dependency or module association"
T0570,CHG008,0,"Scenario CHG008: Direct, dependency or module association"
T0571,CHG008,1,"Scenario CHG008: Direct, dependency or module association"
T0572,CHG008,0,"Scenario CHG008: Direct, dependency or module association"
T0573,CHG008,0,"Scenario CHG008: Direct, dependency or module association"
T0574,CHG008,0,"Scenario CHG008: Direct, dependency or module association"
T0575,CHG008,0,"Scenario CHG008: Direct, dependency or module association"
T0576,CHG008,0,"Scenario CHG008: Direct, dependency or module association"
T0577,CHG008,1,"Scenario CHG008: Direct, dependency or module association"
T0578,CHG008,1,"Scenario CHG008: Direct, dependency or module association"
T0579,CHG008,0,"Scenario CHG008: Direct, dependency or module association"
T0580,CHG008,0,"Scenario CHG008: Direct, dependency or module association"
T0581,CHG008,0,"Scenario CHG008: Direct, dependency or module association"
T0582,CHG008,0,"Scenario CHG008: Direct, dependency or module association"
T0583,CHG008,0,"Scenario CHG008: Direct, dependency or module association"
T0584,CHG008,0,"Scenario CHG008: Direct, dependency or module association"
T0585,CHG008,0,"Scenario CHG008: Direct, dependency or module association"
T0586,CHG008,0,"Scenario CHG008: Direct, dependency or module association"
T0587,CHG008,0,"Scenario CHG008: Direct, dependency or module association"
T0588,CHG008,0,"Scenario CHG008: Direct, dependency or module association"
T0589,CHG008,1,"Scenario CHG008: Direct, dependency or module association"
T0590,CHG008,0,"Scenario CHG008: Direct, dependency or module association"
T0591,CHG008,0,"Scenario CHG008: Direct, dependency or module association"
T0592,CHG008,0,"Scenario CHG008: Direct, dependency or module association"
T0593,CHG008,0,"Scenario CHG008: Direct, dependency or module association"
T0594,CHG008,1,"Scenario CHG008: Direct, dependency or module association"
T0595,CHG008,0,"Scenario CHG008: Direct, dependency or module association"
T0596,CHG008,0,"Scenario CHG008: Direct, dependency or module association"
T0597,CHG008,0,"Scenario CHG008: Direct, dependency or module association"
T0598,CHG008,0,"Scenario CHG008: Direct, dependency or module association"
T0599,CHG008,1,"Scenario CHG008: Direct, dependency or module association"
T0600,CHG008,0,"Scenario CHG008: Direct, dependency or module association"
T0601,CHG008,0,"Scenario CHG008: Direct, dependency or module association"
T0602,CHG008,0,"Scenario CHG008: Direct, dependency or module association"
T0603,CHG008,0,"Scenario CHG008: Direct, dependency or module association"
T0604,CHG008,1,"Scenario CHG008: Direct, dependency or module association"
T0605,CHG008,0,"Scenario CHG008: Direct, dependency or module association"
T0606,CHG008,0,"Scenario CHG008: Direct, dependency or module association"
T0607,CHG008,0,"Scenario CHG008: Direct, dependency or module association"
T0608,CHG008,0,"Scenario CHG008: Direct, dependency or module association"
T0609,CHG008,0,"Scenario CHG008: Direct, dependency or module association"
T0610,CHG008,0,"Scenario CHG008: Direct, dependency or module association"
T0611,CHG008,0,"Scenario CHG008: Direct, dependency or module association"
T0612,CHG008,0,"Scenario CHG008: Direct, dependency or module association"
T0613,CHG008,0,"Scenario CHG008: Direct, dependency or module association"
T0614,CHG008,0,"Scenario CHG008: Direct, dependency or module association"
T0615,CHG008,0,"Scenario CHG008: Direct, dependency or module association"
T0616,CHG008,0,"Scenario CHG008: Direct, dependency or module association"
T0617,CHG008,0,"Scenario CHG008: Direct, dependency or module association"
T0618,CHG008,0,"Scenario CHG008: Direct, dependency or module association"
T0619,CHG008,0,"Scenario CHG008: Direct, dependency or module association"
T0620,CHG008,0,"Scenario CHG008: Direct, dependency or module association"
T0621,CHG008,0,"Scenario CHG008: Direct, dependency or module association"
T0622,CHG008,0,"Scenario CHG008: Direct, dependency or module association"
T0623,CHG008,0,"Scenario CHG008: Direct, dependency or module association"
T0624,CHG008,0,"Scenario CHG008: Direct, dependency or module association"
T0625,CHG008,0,"Scenario CHG008: Direct, dependency or module association"
T0626,CHG008,0,"Scenario CHG008: Direct, dependency or module association"
T0627,CHG008,0,"Scenario CHG008: Direct, dependency or module association"
T0628,CHG008,0,"Scenario CHG008: Direct, dependency or module association"
T0629,CHG008,0,"Scenario CHG008: Direct, dependency or module association"
T0630,CHG008,0,"Scenario CHG008: Direct, dependency or module association"
T0631,CHG008,0,"Scenario CHG008: Direct, dependency or module association"
T0632,CHG008,0,"Scenario CHG008: Direct, dependency or module association"
T0633,CHG008,0,"Scenario CHG008: Direct, dependency or module association"
T0634,CHG008,1,"Scenario CHG008: Direct, dependency or module association"
T0635,CHG008,0,"Scenario CHG008: Direct, dependency or module association"
T0636,CHG008,0,"Scenario CHG008: Direct, dependency or module association"
T0637,CHG008,0,"Scenario CHG008: Direct, dependency or module association"
T0638,CHG008,0,"Scenario CHG008: Direct, dependency or module association"
T0639,CHG008,0,"Scenario CHG008: Direct, dependency or module association"
T0640,CHG008,0,"Scenario CHG008: Direct, dependency or module association"
T0641,CHG008,0,"Scenario CHG008: Direct, dependency or module association"
T0642,CHG008,0,"Scenario CHG008: Direct, dependency or module association"
T0643,CHG008,0,"Scenario CHG008: Direct, dependency or module association"
T0644,CHG008,0,"Scenario CHG008: Direct, dependency or module association"
T0645,CHG008,0,"Scenario CHG008: Direct, dependency or module association"
T0646,CHG008,1,"Scenario CHG008: Direct, dependency or module association"
T0647,CHG008,0,"Scenario CHG008: Direct, dependency or module association"
T0648,CHG008,0,"Scenario CHG008: Direct, dependency or module association"
T0649,CHG008,0,"Scenario CHG008: Direct, dependency or module association"
T0650,CHG008,0,"Scenario CHG008: Direct, dependency or module association"
T0651,CHG008,0,"Scenario CHG008: Direct, dependency or module association"
T0652,CHG008,0,"Scenario CHG008: Direct, dependency or module association"
T0653,CHG008,0,"Scenario CHG008: Direct, dependency or module association"
T0654,CHG008,0,"Scenario CHG008: Direct, dependency or module association"
T0655,CHG008,0,"Scenario CHG008: Direct, dependency or module association"
T0656,CHG008,0,"Scenario CHG008: Direct, dependency or module association"
T0657,CHG008,0,"Scenario CHG008: Direct, dependency or module association"
T0658,CHG008,0,"Scenario CHG008: Direct, dependency or module association"
T0659,CHG008,0,"Scenario CHG008: Direct, dependency or module association"
T0660,CHG008,0,"Scenario CHG008: Direct, dependency or module association"
T0661,CHG008,0,"Scenario CHG008: Direct, dependency or module association"
T0662,CHG008,0,"Scenario CHG008: Direct, dependency or module association"
T0663,CHG008,0,"Scenario CHG008: Direct, dependency or module association"
T0664,CHG008,0,"Scenario CHG008: Direct, dependency or module association"
T0665,CHG008,0,"Scenario CHG008: Direct, dependency or module association"
T0666,CHG008,0,"Scenario CHG008: Direct, dependency or module association"
T0667,CHG008,0,"Scenario CHG008: Direct, dependency or module association"
T0668,CHG008,0,"Scenario CHG008: Direct, dependency or module association"
T0669,CHG008,0,"Scenario CHG008: Direct, dependency or module association"
T0670,CHG008,0,"Scenario CHG008: Direct, dependency or module association"
T0671,CHG008,0,"Scenario CHG008: Direct, dependency or module association"
T0672,CHG008,0,"Scenario CHG008: Direct, dependency or module association"
T0673,CHG008,0,"Scenario CHG008: Direct, dependency or module association"
T0674,CHG008,0,"Scenario CHG008: Direct, dependency or module association"
T0675,CHG008,0,"Scenario CHG008: Direct, dependency or module association"
T0676,CHG008,0,"Scenario CHG008: Direct, dependency or module association"
T0677,CHG008,0,"Scenario CHG008: Direct, dependency or module association"
T0678,CHG008,0,"Scenario CHG008: Direct, dependency or module association"
T0679,CHG008,1,"Scenario CHG008: Direct, dependency or module association"
T0680,CHG008,0,"Scenario CHG008: Direct, dependency or module association"
T0681,CHG008,0,"Scenario CHG008: Direct, dependency or module association"
T0682,CHG008,0,"Scenario CHG008: Direct, dependency or module association"
T0683,CHG008,0,"Scenario CHG008: Direct, dependency or module association"
T0684,CHG008,0,"Scenario CHG008: Direct, dependency or module association"
T0685,CHG008,0,"Scenario CHG008: Direct, dependency or module association"
T0686,CHG008,0,"Scenario CHG008: Direct, dependency or module association"
T0687,CHG008,0,"Scenario CHG008: Direct, dependency or module association"
T0688,CHG008,0,"Scenario CHG008: Direct, dependency or module association"
T0689,CHG008,0,"Scenario CHG008: Direct, dependency or module association"
T0690,CHG008,0,"Scenario CHG008: Direct, dependency or module association"
T0691,CHG008,0,"Scenario CHG008: Direct, dependency or module association"
T0692,CHG008,1,"Scenario CHG008: Direct, dependency or module association"
T0693,CHG008,0,"Scenario CHG008: Direct, dependency or module association"
T0694,CHG008,0,"Scenario CHG008: Direct, dependency or module association"
T0695,CHG008,0,"Scenario CHG008: Direct, dependency or module association"
T0696,CHG008,0,"Scenario CHG008: Direct, dependency or module association"
T0697,CHG008,0,"Scenario CHG008: Direct, dependency or module association"
T0698,CHG008,0,"Scenario CHG008: Direct, dependency or module association"
T0699,CHG008,0,"Scenario CHG008: Direct, dependency or module association"
T0700,CHG008,0,"Scenario CHG008: Direct, dependency or module association"
T0701,CHG008,0,"Scenario CHG008: Direct, dependency or module association"
T0702,CHG008,0,"Scenario CHG008: Direct, dependency or module association"
T0703,CHG008,0,"Scenario CHG008: Direct, dependency or module association"
T0704,CHG008,0,"Scenario CHG008: Direct, dependency or module association"
T0705,CHG008,0,"Scenario CHG008: Direct, dependency or module association"
T0706,CHG008,0,"Scenario CHG008: Direct, dependency or module association"
T0707,CHG008,0,"Scenario CHG008: Direct, dependency or module association"
T0708,CHG008,1,"Scenario CHG008: Direct, dependency or module association"
T0709,CHG008,0,"Scenario CHG008: Direct, dependency or module association"
T0710,CHG008,0,"Scenario CHG008: Direct, dependency or module association"
T0711,CHG008,0,"Scenario CHG008: Direct, dependency or module association"
T0712,CHG008,1,"Scenario CHG008: Direct, dependency or module association"
T0713,CHG008,0,"Scenario CHG008: Direct, dependency or module association"
T0714,CHG008,0,"Scenario CHG008: Direct, dependency or module association"
T0715,CHG008,0,"Scenario CHG008: Direct, dependency or module association"
T0716,CHG008,1,"Scenario CHG008: Direct, dependency or module association"
T0717,CHG008,0,"Scenario CHG008: Direct, dependency or module association"
T0718,CHG008,0,"Scenario CHG008: Direct, dependency or module association"
T0719,CHG008,0,"Scenario CHG008: Direct, dependency or module association"
T0720,CHG008,1,"Scenario CHG008: Direct, dependency or module association"
T0721,CHG008,0,"Scenario CHG008: Direct, dependency or module association"
T0722,CHG008,0,"Scenario CHG008: Direct, dependency or module association"
T0723,CHG008,0,"Scenario CHG008: Direct, dependency or module association"
T0724,CHG008,0,"Scenario CHG008: Direct, dependency or module association"
T0725,CHG008,0,"Scenario CHG008: Direct, dependency or module association"
T0726,CHG008,0,"Scenario CHG008: Direct, dependency or module association"
T0727,CHG008,1,"Scenario CHG008: Direct, dependency or module association"
T0728,CHG008,0,"Scenario CHG008: Direct, dependency or module association"
T0729,CHG008,0,"Scenario CHG008: Direct, dependency or module association"
T0730,CHG008,0,"Scenario CHG008: Direct, dependency or module association"
T0731,CHG008,0,"Scenario CHG008: Direct, dependency or module association"
T0732,CHG008,1,"Scenario CHG008: Direct, dependency or module association"
T0733,CHG008,0,"Scenario CHG008: Direct, dependency or module association"
T0734,CHG008,1,"Scenario CHG008: Direct, dependency or module association"
T0735,CHG008,0,"Scenario CHG008: Direct, dependency or module association"
T0736,CHG008,0,"Scenario CHG008: Direct, dependency or module association"
T0737,CHG008,0,"Scenario CHG008: Direct, dependency or module association"
T0738,CHG008,0,"Scenario CHG008: Direct, dependency or module association"
T0739,CHG008,0,"Scenario CHG008: Direct, dependency or module association"
T0740,CHG008,0,"Scenario CHG008: Direct, dependency or module association"
T0741,CHG008,0,"Scenario CHG008: Direct, dependency or module association"
T0742,CHG008,0,"Scenario CHG008: Direct, dependency or module association"
T0743,CHG008,1,"Scenario CHG008: Direct, dependency or module association"
T0744,CHG008,0,"Scenario CHG008: Direct, dependency or module association"
T0745,CHG008,0,"Scenario CHG008: Direct, dependency or module association"
T0746,CHG008,0,"Scenario CHG008: Direct, dependency or module association"
T0747,CHG008,0,"Scenario CHG008: Direct, dependency or module association"
T0748,CHG008,1,"Scenario CHG008: Direct, dependency or module association"
T0749,CHG008,0,"Scenario CHG008: Direct, dependency or module association"
T0750,CHG008,0,"Scenario CHG008: Direct, dependency or module association"
T0751,CHG008,0,"Scenario CHG008: Direct, dependency or module association"
T0752,CHG008,1,"Scenario CHG008: Direct, dependency or module association"
T0753,CHG008,0,"Scenario CHG008: Direct, dependency or module association"
T0754,CHG008,0,"Scenario CHG008: Direct, dependency or module association"
T0755,CHG008,0,"Scenario CHG008: Direct, dependency or module association"
T0756,CHG008,0,"Scenario CHG008: Direct, dependency or module association"
T0757,CHG008,0,"Scenario CHG008: Direct, dependency or module association"
T0758,CHG008,0,"Scenario CHG008: Direct, dependency or module association"
T0759,CHG008,0,"Scenario CHG008: Direct, dependency or module association"
T0760,CHG008,0,"Scenario CHG008: Direct, dependency or module association"
T0761,CHG008,1,"Scenario CHG008: Direct, dependency or module association"
T0762,CHG008,0,"Scenario CHG008: Direct, dependency or module association"
T0763,CHG008,0,"Scenario CHG008: Direct, dependency or module association"
T0764,CHG008,0,"Scenario CHG008: Direct, dependency or module association"
T0765,CHG008,0,"Scenario CHG008: Direct, dependency or module association"
T0766,CHG008,1,"Scenario CHG008: Direct, dependency or module association"
T0767,CHG008,0,"Scenario CHG008: Direct, dependency or module association"
T0768,CHG008,1,"Scenario CHG008: Direct, dependency or module association"
T0769,CHG008,0,"Scenario CHG008: Direct, dependency or module association"
T0770,CHG008,0,"Scenario CHG008: Direct, dependency or module association"
T0771,CHG008,0,"Scenario CHG008: Direct, dependency or module association"
T0772,CHG008,0,"Scenario CHG008: Direct, dependency or module association"
T0773,CHG008,0,"Scenario CHG008: Direct, dependency or module association"
T0774,CHG008,0,"Scenario CHG008: Direct, dependency or module association"
T0775,CHG008,0,"Scenario CHG008: Direct, dependency or module association"
T0776,CHG008,0,"Scenario CHG008: Direct, dependency or module association"
T0777,CHG008,0,"Scenario CHG008: Direct, dependency or module association"
T0778,CHG008,0,"Scenario CHG008: Direct, dependency or module association"
T0779,CHG008,0,"Scenario CHG008: Direct, dependency or module association"
T0780,CHG008,1,"Scenario CHG008: Direct, dependency or module association"
T0781,CHG008,0,"Scenario CHG008: Direct, dependency or module association"
T0782,CHG008,0,"Scenario CHG008: Direct, dependency or module association"
T0783,CHG008,0,"Scenario CHG008: Direct, dependency or module association"
T0784,CHG008,0,"Scenario CHG008: Direct, dependency or module association"
T0785,CHG008,0,"Scenario CHG008: Direct, dependency or module association"
T0786,CHG008,0,"Scenario CHG008: Direct, dependency or module association"
T0787,CHG008,1,"Scenario CHG008: Direct, dependency or module association"
T0788,CHG008,0,"Scenario CHG008: Direct, dependency or module association"
T0789,CHG008,0,"Scenario CHG008: Direct, dependency or module association"
T0790,CHG008,1,"Scenario CHG008: Direct, dependency or module association"
T0791,CHG008,0,"Scenario CHG008: Direct, dependency or module association"
T0792,CHG008,0,"Scenario CHG008: Direct, dependency or module association"
T0793,CHG008,0,"Scenario CHG008: Direct, dependency or module association"
T0794,CHG008,0,"Scenario CHG008: Direct, dependency or module association"
T0795,CHG008,0,"Scenario CHG008: Direct, dependency or module association"
T0796,CHG008,1,"Scenario CHG008: Direct, dependency or module association"
T0797,CHG008,0,"Scenario CHG008: Direct, dependency or module association"
T0798,CHG008,0,"Scenario CHG008: Direct, dependency or module association"
T0799,CHG008,0,"Scenario CHG008: Direct, dependency or module association"
T0800,CHG008,0,"Scenario CHG008: Direct, dependency or module association"
T0801,CHG008,1,"Scenario CHG008: Direct, dependency or module association"
T0802,CHG008,0,"Scenario CHG008: Direct, dependency or module association"
T0803,CHG008,0,"Scenario CHG008: Direct, dependency or module association"
T0804,CHG008,0,"Scenario CHG008: Direct, dependency or module association"
T0805,CHG008,0,"Scenario CHG008: Direct, dependency or module association"
T0806,CHG008,0,"Scenario CHG008: Direct, dependency or module association"
T0807,CHG008,0,"Scenario CHG008: Direct, dependency or module association"
T0808,CHG008,0,"Scenario CHG008: Direct, dependency or module association"
T0809,CHG008,0,"Scenario CHG008: Direct, dependency or module association"
T0810,CHG008,0,"Scenario CHG008: Direct, dependency or module association"
T0811,CHG008,0,"Scenario CHG008: Direct, dependency or module association"
T0812,CHG008,0,"Scenario CHG008: Direct, dependency or module association"
T0813,CHG008,0,"Scenario CHG008: Direct, dependency or module association"
T0814,CHG008,1,"Scenario CHG008: Direct, dependency or module association"
T0815,CHG008,0,"Scenario CHG008: Direct, dependency or module association"
T0816,CHG008,0,"Scenario CHG008: Direct, dependency or module association"
T0817,CHG008,1,"Scenario CHG008: Direct, dependency or module association"
T0818,CHG008,0,"Scenario CHG008: Direct, dependency or module association"
T0819,CHG008,0,"Scenario CHG008: Direct, dependency or module association"
T0820,CHG008,0,"Scenario CHG008: Direct, dependency or module association"
T0821,CHG008,0,"Scenario CHG008: Direct, dependency or module association"
T0822,CHG008,0,"Scenario CHG008: Direct, dependency or module association"
T0823,CHG008,0,"Scenario CHG008: Direct, dependency or module association"
T0824,CHG008,0,"Scenario CHG008: Direct, dependency or module association"
T0825,CHG008,0,"Scenario CHG008: Direct, dependency or module association"
T0826,CHG008,1,"Scenario CHG008: Direct, dependency or module association"
T0827,CHG008,0,"Scenario CHG008: Direct, dependency or module association"
T0828,CHG008,0,"Scenario CHG008: Direct, dependency or module association"
T0829,CHG008,0,"Scenario CHG008: Direct, dependency or module association"
T0830,CHG008,0,"Scenario CHG008: Direct, dependency or module association"
T0831,CHG008,0,"Scenario CHG008: Direct, dependency or module association"
T0832,CHG008,0,"Scenario CHG008: Direct, dependency or module association"
T0833,CHG008,0,"Scenario CHG008: Direct, dependency or module association"
T0834,CHG008,0,"Scenario CHG008: Direct, dependency or module association"
T0835,CHG008,0,"Scenario CHG008: Direct, dependency or module association"
T0836,CHG008,0,"Scenario CHG008: Direct, dependency or module association"
T0837,CHG008,0,"Scenario CHG008: Direct, dependency or module association"
T0838,CHG008,0,"Scenario CHG008: Direct, dependency or module association"
T0839,CHG008,0,"Scenario CHG008: Direct, dependency or module association"
T0840,CHG008,1,"Scenario CHG008: Direct, dependency or module association"
T0841,CHG008,0,"Scenario CHG008: Direct, dependency or module association"
T0842,CHG008,0,"Scenario CHG008: Direct, dependency or module association"
T0843,CHG008,1,"Scenario CHG008: Direct, dependency or module association"
T0844,CHG008,0,"Scenario CHG008: Direct, dependency or module association"
T0845,CHG008,0,"Scenario CHG008: Direct, dependency or module association"
T0846,CHG008,0,"Scenario CHG008: Direct, dependency or module association"
T0847,CHG008,0,"Scenario CHG008: Direct, dependency or module association"
T0848,CHG008,1,"Scenario CHG008: Direct, dependency or module association"
T0849,CHG008,0,"Scenario CHG008: Direct, dependency or module association"
T0850,CHG008,0,"Scenario CHG008: Direct, dependency or module association"
T0851,CHG008,0,"Scenario CHG008: Direct, dependency or module association"
T0852,CHG008,1,"Scenario CHG008: Direct, dependency or module association"
T0853,CHG008,0,"Scenario CHG008: Direct, dependency or module association"
T0854,CHG008,0,"Scenario CHG008: Direct, dependency or module association"
T0855,CHG008,1,"Scenario CHG008: Direct, dependency or module association"
T0856,CHG008,1,"Scenario CHG008: Direct, dependency or module association"
T0857,CHG008,1,"Scenario CHG008: Direct, dependency or module association"
T0858,CHG008,0,"Scenario CHG008: Direct, dependency or module association"
T0859,CHG008,0,"Scenario CHG008: Direct, dependency or module association"
T0860,CHG008,0,"Scenario CHG008: Direct, dependency or module association"
T0861,CHG008,0,"Scenario CHG008: Direct, dependency or module association"
T0862,CHG008,1,"Scenario CHG008: Direct, dependency or module association"
T0863,CHG008,0,"Scenario CHG008: Direct, dependency or module association"
T0864,CHG008,0,"Scenario CHG008: Direct, dependency or module association"
T0865,CHG008,1,"Scenario CHG008: Direct, dependency or module association"
T0866,CHG008,0,"Scenario CHG008: Direct, dependency or module association"
T0867,CHG008,0,"Scenario CHG008: Direct, dependency or module association"
T0868,CHG008,0,"Scenario CHG008: Direct, dependency or module association"
T0869,CHG008,0,"Scenario CHG008: Direct, dependency or module association"
T0870,CHG008,0,"Scenario CHG008: Direct, dependency or module association"
T0871,CHG008,0,"Scenario CHG008: Direct, dependency or module association"
T0872,CHG008,0,"Scenario CHG008: Direct, dependency or module association"
T0873,CHG008,0,"Scenario CHG008: Direct, dependency or module association"
T0874,CHG008,1,"Scenario CHG008: Direct, dependency or module association"
T0875,CHG008,0,"Scenario CHG008: Direct, dependency or module association"
T0876,CHG008,1,"Scenario CHG008: Direct, dependency or module association"
T0877,CHG008,0,"Scenario CHG008: Direct, dependency or module association"
T0878,CHG008,1,"Scenario CHG008: Direct, dependency or module association"
T0879,CHG008,0,"Scenario CHG008: Direct, dependency or module association"
T0880,CHG008,0,"Scenario CHG008: Direct, dependency or module association"
T0881,CHG008,0,"Scenario CHG008: Direct, dependency or module association"
T0882,CHG008,1,"Scenario CHG008: Direct, dependency or module association"
T0883,CHG008,0,"Scenario CHG008: Direct, dependency or module association"
T0884,CHG008,0,"Scenario CHG008: Direct, dependency or module association"
T0885,CHG008,0,"Scenario CHG008: Direct, dependency or module association"
T0886,CHG008,0,"Scenario CHG008: Direct, dependency or module association"
T0887,CHG008,0,"Scenario CHG008: Direct, dependency or module association"
T0888,CHG008,0,"Scenario CHG008: Direct, dependency or module association"
T0889,CHG008,0,"Scenario CHG008: Direct, dependency or module association"
T0890,CHG008,0,"Scenario CHG008: Direct, dependency or module association"
T0891,CHG008,1,"Scenario CHG008: Direct, dependency or module association"
T0892,CHG008,0,"Scenario CHG008: Direct, dependency or module association"
T0893,CHG008,0,"Scenario CHG008: Direct, dependency or module association"
T0894,CHG008,0,"Scenario CHG008: Direct, dependency or module association"
T0895,CHG008,0,"Scenario CHG008: Direct, dependency or module association"
T0896,CHG008,0,"Scenario CHG008: Direct, dependency or module association"
T0897,CHG008,1,"Scenario CHG008: Direct, dependency or module association"
T0898,CHG008,0,"Scenario CHG008: Direct, dependency or module association"
T0899,CHG008,0,"Scenario CHG008: Direct, dependency or module association"
T0900,CHG008,0,"Scenario CHG008: Direct, dependency or module association"
T0901,CHG008,0,"Scenario CHG008: Direct, dependency or module association"
T0902,CHG008,0,"Scenario CHG008: Direct, dependency or module association"
T0903,CHG008,0,"Scenario CHG008: Direct, dependency or module association"
T0904,CHG008,0,"Scenario CHG008: Direct, dependency or module association"
T0905,CHG008,1,"Scenario CHG008: Direct, dependency or module association"
T0906,CHG008,0,"Scenario CHG008: Direct, dependency or module association"
T0907,CHG008,0,"Scenario CHG008: Direct, dependency or module association"
T0908,CHG008,0,"Scenario CHG008: Direct, dependency or module association"
T0909,CHG008,0,"Scenario CHG008: Direct, dependency or module association"
T0910,CHG008,0,"Scenario CHG008: Direct, dependency or module association"
T0911,CHG008,0,"Scenario CHG008: Direct, dependency or module association"
T0912,CHG008,0,"Scenario CHG008: Direct, dependency or module association"
T0913,CHG008,0,"Scenario CHG008: Direct, dependency or module association"
T0914,CHG008,0,"Scenario CHG008: Direct, dependency or module association"
T0915,CHG008,0,"Scenario CHG008: Direct, dependency or module association"
T0916,CHG008,0,"Scenario CHG008: Direct, dependency or module association"
T0917,CHG008,1,"Scenario CHG008: Direct, dependency or module association"
T0918,CHG008,0,"Scenario CHG008: Direct, dependency or module association"
T0919,CHG008,0,"Scenario CHG008: Direct, dependency or module association"
T0920,CHG008,0,"Scenario CHG008: Direct, dependency or module association"
T0921,CHG008,0,"Scenario CHG008: Direct, dependency or module association"
T0922,CHG008,1,"Scenario CHG008: Direct, dependency or module association"
T0923,CHG008,0,"Scenario CHG008: Direct, dependency or module association"
T0924,CHG008,0,"Scenario CHG008: Direct, dependency or module association"
T0925,CHG008,0,"Scenario CHG008: Direct, dependency or module association"
T0926,CHG008,1,"Scenario CHG008: Direct, dependency or module association"
T0927,CHG008,0,"Scenario CHG008: Direct, dependency or module association"
T0928,CHG008,1,"Scenario CHG008: Direct, dependency or module association"
T0929,CHG008,0,"Scenario CHG008: Direct, dependency or module association"
T0930,CHG008,0,"Scenario CHG008: Direct, dependency or module association"
T0931,CHG008,0,"Scenario CHG008: Direct, dependency or module association"
T0932,CHG008,0,"Scenario CHG008: Direct, dependency or module association"
T0933,CHG008,0,"Scenario CHG008: Direct, dependency or module association"
T0934,CHG008,0,"Scenario CHG008: Direct, dependency or module association"
T0935,CHG008,0,"Scenario CHG008: Direct, dependency or module association"
T0936,CHG008,0,"Scenario CHG008: Direct, dependency or module association"
T0937,CHG008,0,"Scenario CHG008: Direct, dependency or module association"
T0938,CHG008,0,"Scenario CHG008: Direct, dependency or module association"
T0939,CHG008,0,"Scenario CHG008: Direct, dependency or module association"
T0940,CHG008,0,"Scenario CHG008: Direct, dependency or module association"
T0941,CHG008,0,"Scenario CHG008: Direct, dependency or module association"
T0942,CHG008,0,"Scenario CHG008: Direct, dependency or module association"
T0943,CHG008,0,"Scenario CHG008: Direct, dependency or module association"
T0944,CHG008,0,"Scenario CHG008: Direct, dependency or module association"
T0945,CHG008,1,"Scenario CHG008: Direct, dependency or module association"
T0946,CHG008,0,"Scenario CHG008: Direct, dependency or module association"
T0947,CHG008,0,"Scenario CHG008: Direct, dependency or module association"
T0948,CHG008,1,"Scenario CHG008: Direct, dependency or module association"
T0949,CHG008,0,"Scenario CHG008: Direct, dependency or module association"
T0950,CHG008,0,"Scenario CHG008: Direct, dependency or module association"
T0951,CHG008,1,"Scenario CHG008: Direct, dependency or module association"
T0952,CHG008,0,"Scenario CHG008: Direct, dependency or module association"
T0953,CHG008,0,"Scenario CHG008: Direct, dependency or module association"
T0954,CHG008,0,"Scenario CHG008: Direct, dependency or module association"
T0955,CHG008,0,"Scenario CHG008: Direct, dependency or module association"
T0956,CHG008,0,"Scenario CHG008: Direct, dependency or module association"
T0957,CHG008,0,"Scenario CHG008: Direct, dependency or module association"
T0958,CHG008,0,"Scenario CHG008: Direct, dependency or module association"
T0959,CHG008,0,"Scenario CHG008: Direct, dependency or module association"
T0960,CHG008,0,"Scenario CHG008: Direct, dependency or module association"
T0961,CHG008,0,"Scenario CHG008: Direct, dependency or module association"
T0962,CHG008,0,"Scenario CHG008: Direct, dependency or module association"
T0963,CHG008,1,"Scenario CHG008: Direct, dependency or module association"
T0964,CHG008,1,"Scenario CHG008: Direct, dependency or module association"
T0965,CHG008,0,"Scenario CHG008: Direct, dependency or module association"
T0966,CHG008,0,"Scenario CHG008: Direct, dependency or module association"
T0967,CHG008,1,"Scenario CHG008: Direct, dependency or module association"
T0968,CHG008,0,"Scenario CHG008: Direct, dependency or module association"
T0969,CHG008,0,"Scenario CHG008: Direct, dependency or module association"
T0970,CHG008,0,"Scenario CHG008: Direct, dependency or module association"
T0971,CHG008,0,"Scenario CHG008: Direct, dependency or module association"
T0972,CHG008,0,"Scenario CHG008: Direct, dependency or module association"
T0973,CHG008,0,"Scenario CHG008: Direct, dependency or module association"
T0974,CHG008,0,"Scenario CHG008: Direct, dependency or module association"
T0975,CHG008,0,"Scenario CHG008: Direct, dependency or module association"
T0976,CHG008,0,"Scenario CHG008: Direct, dependency or module association"
T0977,CHG008,0,"Scenario CHG008: Direct, dependency or module association"
T0978,CHG008,0,"Scenario CHG008: Direct, dependency or module association"
T0979,CHG008,0,"Scenario CHG008: Direct, dependency or module association"
T0980,CHG008,0,"Scenario CHG008: Direct, dependency or module association"
T0981,CHG008,0,"Scenario CHG008: Direct, dependency or module association"
T0982,CHG008,0,"Scenario CHG008: Direct, dependency or module association"
T0983,CHG008,0,"Scenario CHG008: Direct, dependency or module association"
T0984,CHG008,0,"Scenario CHG008: Direct, dependency or module association"
T0985,CHG008,0,"Scenario CHG008: Direct, dependency or module association"
T0986,CHG008,0,"Scenario CHG008: Direct, dependency or module association"
T0987,CHG008,0,"Scenario CHG008: Direct, dependency or module association"
T0988,CHG008,0,"Scenario CHG008: Direct, dependency or module association"
T0989,CHG008,1,"Scenario CHG008: Direct, dependency or module association"
T0990,CHG008,1,"Scenario CHG008: Direct, dependency or module association"
T0991,CHG008,0,"Scenario CHG008: Direct, dependency or module association"
T0992,CHG008,0,"Scenario CHG008: Direct, dependency or module association"
T0993,CHG008,0,"Scenario CHG008: Direct, dependency or module association"
T0994,CHG008,0,"Scenario CHG008: Direct, dependency or module association"
T0995,CHG008,0,"Scenario CHG008: Direct, dependency or module association"
T0996,CHG008,0,"Scenario CHG008: Direct, dependency or module association"
T0997,CHG008,0,"Scenario CHG008: Direct, dependency or module association"
T0998,CHG008,0,"Scenario CHG008: Direct, dependency or module association"
T0999,CHG008,0,"Scenario CHG008: Direct, dependency or module association"
T1000,CHG008,0,"Scenario CHG008: Direct, dependency or module association"
T0001,CHG011,0,"Scenario CHG011: Direct, dependency or module association"
T0002,CHG011,0,"Scenario CHG011: Direct, dependency or module association"
T0003,CHG011,1,"Scenario CHG011: Direct, dependency or module association"
T0004,CHG011,0,"Scenario CHG011: Direct, dependency or module association"
T0005,CHG011,0,"Scenario CHG011: Direct, dependency or module association"
T0006,CHG011,0,"Scenario CHG011: Direct, dependency or module association"
T0007,CHG011,0,"Scenario CHG011: Direct, dependency or module association"
T0008,CHG011,1,"Scenario CHG011: Direct, dependency or module association"
T0009,CHG011,0,"Scenario CHG011: Direct, dependency or module association"
T0010,CHG011,0,"Scenario CHG011: Direct, dependency or module association"
T0011,CHG011,0,"Scenario CHG011: Direct, dependency or module association"
T0012,CHG011,0,"Scenario CHG011: Direct, dependency or module association"
T0013,CHG011,0,"Scenario CHG011: Direct, dependency or module association"
T0014,CHG011,0,"Scenario CHG011: Direct, dependency or module association"
T0015,CHG011,0,"Scenario CHG011: Direct, dependency or module association"
T0016,CHG011,0,"Scenario CHG011: Direct, dependency or module association"
T0017,CHG011,0,"Scenario CHG011: Direct, dependency or module association"
T0018,CHG011,0,"Scenario CHG011: Direct, dependency or module association"
T0019,CHG011,0,"Scenario CHG011: Direct, dependency or module association"
T0020,CHG011,0,"Scenario CHG011: Direct, dependency or module association"
T0021,CHG011,0,"Scenario CHG011: Direct, dependency or module association"
T0022,CHG011,0,"Scenario CHG011: Direct, dependency or module association"
T0023,CHG011,0,"Scenario CHG011: Direct, dependency or module association"
T0024,CHG011,0,"Scenario CHG011: Direct, dependency or module association"
T0025,CHG011,0,"Scenario CHG011: Direct, dependency or module association"
T0026,CHG011,1,"Scenario CHG011: Direct, dependency or module association"
T0027,CHG011,0,"Scenario CHG011: Direct, dependency or module association"
T0028,CHG011,0,"Scenario CHG011: Direct, dependency or module association"
T0029,CHG011,1,"Scenario CHG011: Direct, dependency or module association"
T0030,CHG011,0,"Scenario CHG011: Direct, dependency or module association"
T0031,CHG011,0,"Scenario CHG011: Direct, dependency or module association"
T0032,CHG011,0,"Scenario CHG011: Direct, dependency or module association"
T0033,CHG011,0,"Scenario CHG011: Direct, dependency or module association"
T0034,CHG011,0,"Scenario CHG011: Direct, dependency or module association"
T0035,CHG011,0,"Scenario CHG011: Direct, dependency or module association"
T0036,CHG011,0,"Scenario CHG011: Direct, dependency or module association"
T0037,CHG011,0,"Scenario CHG011: Direct, dependency or module association"
T0038,CHG011,0,"Scenario CHG011: Direct, dependency or module association"
T0039,CHG011,0,"Scenario CHG011: Direct, dependency or module association"
T0040,CHG011,0,"Scenario CHG011: Direct, dependency or module association"
T0041,CHG011,0,"Scenario CHG011: Direct, dependency or module association"
T0042,CHG011,0,"Scenario CHG011: Direct, dependency or module association"
T0043,CHG011,0,"Scenario CHG011: Direct, dependency or module association"
T0044,CHG011,0,"Scenario CHG011: Direct, dependency or module association"
T0045,CHG011,0,"Scenario CHG011: Direct, dependency or module association"
T0046,CHG011,0,"Scenario CHG011: Direct, dependency or module association"
T0047,CHG011,0,"Scenario CHG011: Direct, dependency or module association"
T0048,CHG011,0,"Scenario CHG011: Direct, dependency or module association"
T0049,CHG011,0,"Scenario CHG011: Direct, dependency or module association"
T0050,CHG011,0,"Scenario CHG011: Direct, dependency or module association"
T0051,CHG011,0,"Scenario CHG011: Direct, dependency or module association"
T0052,CHG011,0,"Scenario CHG011: Direct, dependency or module association"
T0053,CHG011,0,"Scenario CHG011: Direct, dependency or module association"
T0054,CHG011,0,"Scenario CHG011: Direct, dependency or module association"
T0055,CHG011,0,"Scenario CHG011: Direct, dependency or module association"
T0056,CHG011,0,"Scenario CHG011: Direct, dependency or module association"
T0057,CHG011,0,"Scenario CHG011: Direct, dependency or module association"
T0058,CHG011,0,"Scenario CHG011: Direct, dependency or module association"
T0059,CHG011,0,"Scenario CHG011: Direct, dependency or module association"
T0060,CHG011,0,"Scenario CHG011: Direct, dependency or module association"
T0061,CHG011,0,"Scenario CHG011: Direct, dependency or module association"
T0062,CHG011,0,"Scenario CHG011: Direct, dependency or module association"
T0063,CHG011,0,"Scenario CHG011: Direct, dependency or module association"
T0064,CHG011,0,"Scenario CHG011: Direct, dependency or module association"
T0065,CHG011,0,"Scenario CHG011: Direct, dependency or module association"
T0066,CHG011,0,"Scenario CHG011: Direct, dependency or module association"
T0067,CHG011,0,"Scenario CHG011: Direct, dependency or module association"
T0068,CHG011,0,"Scenario CHG011: Direct, dependency or module association"
T0069,CHG011,1,"Scenario CHG011: Direct, dependency or module association"
T0070,CHG011,0,"Scenario CHG011: Direct, dependency or module association"
T0071,CHG011,0,"Scenario CHG011: Direct, dependency or module association"
T0072,CHG011,0,"Scenario CHG011: Direct, dependency or module association"
T0073,CHG011,0,"Scenario CHG011: Direct, dependency or module association"
T0074,CHG011,1,"Scenario CHG011: Direct, dependency or module association"
T0075,CHG011,0,"Scenario CHG011: Direct, dependency or module association"
T0076,CHG011,0,"Scenario CHG011: Direct, dependency or module association"
T0077,CHG011,0,"Scenario CHG011: Direct, dependency or module association"
T0078,CHG011,0,"Scenario CHG011: Direct, dependency or module association"
T0079,CHG011,0,"Scenario CHG011: Direct, dependency or module association"
T0080,CHG011,0,"Scenario CHG011: Direct, dependency or module association"
T0081,CHG011,0,"Scenario CHG011: Direct, dependency or module association"
T0082,CHG011,0,"Scenario CHG011: Direct, dependency or module association"
T0083,CHG011,0,"Scenario CHG011: Direct, dependency or module association"
T0084,CHG011,0,"Scenario CHG011: Direct, dependency or module association"
T0085,CHG011,0,"Scenario CHG011: Direct, dependency or module association"
T0086,CHG011,0,"Scenario CHG011: Direct, dependency or module association"
T0087,CHG011,0,"Scenario CHG011: Direct, dependency or module association"
T0088,CHG011,0,"Scenario CHG011: Direct, dependency or module association"
T0089,CHG011,0,"Scenario CHG011: Direct, dependency or module association"
T0090,CHG011,0,"Scenario CHG011: Direct, dependency or module association"
T0091,CHG011,0,"Scenario CHG011: Direct, dependency or module association"
T0092,CHG011,0,"Scenario CHG011: Direct, dependency or module association"
T0093,CHG011,0,"Scenario CHG011: Direct, dependency or module association"
T0094,CHG011,0,"Scenario CHG011: Direct, dependency or module association"
T0095,CHG011,0,"Scenario CHG011: Direct, dependency or module association"
T0096,CHG011,0,"Scenario CHG011: Direct, dependency or module association"
T0097,CHG011,1,"Scenario CHG011: Direct, dependency or module association"
T0098,CHG011,0,"Scenario CHG011: Direct, dependency or module association"
T0099,CHG011,0,"Scenario CHG011: Direct, dependency or module association"
T0100,CHG011,0,"Scenario CHG011: Direct, dependency or module association"
T0101,CHG011,0,"Scenario CHG011: Direct, dependency or module association"
T0102,CHG011,0,"Scenario CHG011: Direct, dependency or module association"
T0103,CHG011,0,"Scenario CHG011: Direct, dependency or module association"
T0104,CHG011,0,"Scenario CHG011: Direct, dependency or module association"
T0105,CHG011,0,"Scenario CHG011: Direct, dependency or module association"
T0106,CHG011,1,"Scenario CHG011: Direct, dependency or module association"
T0107,CHG011,0,"Scenario CHG011: Direct, dependency or module association"
T0108,CHG011,0,"Scenario CHG011: Direct, dependency or module association"
T0109,CHG011,0,"Scenario CHG011: Direct, dependency or module association"
T0110,CHG011,0,"Scenario CHG011: Direct, dependency or module association"
T0111,CHG011,0,"Scenario CHG011: Direct, dependency or module association"
T0112,CHG011,1,"Scenario CHG011: Direct, dependency or module association"
T0113,CHG011,0,"Scenario CHG011: Direct, dependency or module association"
T0114,CHG011,0,"Scenario CHG011: Direct, dependency or module association"
T0115,CHG011,0,"Scenario CHG011: Direct, dependency or module association"
T0116,CHG011,0,"Scenario CHG011: Direct, dependency or module association"
T0117,CHG011,1,"Scenario CHG011: Direct, dependency or module association"
T0118,CHG011,0,"Scenario CHG011: Direct, dependency or module association"
T0119,CHG011,0,"Scenario CHG011: Direct, dependency or module association"
T0120,CHG011,0,"Scenario CHG011: Direct, dependency or module association"
T0121,CHG011,0,"Scenario CHG011: Direct, dependency or module association"
T0122,CHG011,0,"Scenario CHG011: Direct, dependency or module association"
T0123,CHG011,1,"Scenario CHG011: Direct, dependency or module association"
T0124,CHG011,0,"Scenario CHG011: Direct, dependency or module association"
T0125,CHG011,0,"Scenario CHG011: Direct, dependency or module association"
T0126,CHG011,0,"Scenario CHG011: Direct, dependency or module association"
T0127,CHG011,1,"Scenario CHG011: Direct, dependency or module association"
T0128,CHG011,1,"Scenario CHG011: Direct, dependency or module association"
T0129,CHG011,0,"Scenario CHG011: Direct, dependency or module association"
T0130,CHG011,0,"Scenario CHG011: Direct, dependency or module association"
T0131,CHG011,0,"Scenario CHG011: Direct, dependency or module association"
T0132,CHG011,0,"Scenario CHG011: Direct, dependency or module association"
T0133,CHG011,0,"Scenario CHG011: Direct, dependency or module association"
T0134,CHG011,0,"Scenario CHG011: Direct, dependency or module association"
T0135,CHG011,0,"Scenario CHG011: Direct, dependency or module association"
T0136,CHG011,0,"Scenario CHG011: Direct, dependency or module association"
T0137,CHG011,1,"Scenario CHG011: Direct, dependency or module association"
T0138,CHG011,0,"Scenario CHG011: Direct, dependency or module association"
T0139,CHG011,0,"Scenario CHG011: Direct, dependency or module association"
T0140,CHG011,0,"Scenario CHG011: Direct, dependency or module association"
T0141,CHG011,0,"Scenario CHG011: Direct, dependency or module association"
T0142,CHG011,1,"Scenario CHG011: Direct, dependency or module association"
T0143,CHG011,0,"Scenario CHG011: Direct, dependency or module association"
T0144,CHG011,0,"Scenario CHG011: Direct, dependency or module association"
T0145,CHG011,0,"Scenario CHG011: Direct, dependency or module association"
T0146,CHG011,0,"Scenario CHG011: Direct, dependency or module association"
T0147,CHG011,0,"Scenario CHG011: Direct, dependency or module association"
T0148,CHG011,0,"Scenario CHG011: Direct, dependency or module association"
T0149,CHG011,1,"Scenario CHG011: Direct, dependency or module association"
T0150,CHG011,0,"Scenario CHG011: Direct, dependency or module association"
T0151,CHG011,0,"Scenario CHG011: Direct, dependency or module association"
T0152,CHG011,0,"Scenario CHG011: Direct, dependency or module association"
T0153,CHG011,0,"Scenario CHG011: Direct, dependency or module association"
T0154,CHG011,0,"Scenario CHG011: Direct, dependency or module association"
T0155,CHG011,0,"Scenario CHG011: Direct, dependency or module association"
T0156,CHG011,0,"Scenario CHG011: Direct, dependency or module association"
T0157,CHG011,0,"Scenario CHG011: Direct, dependency or module association"
T0158,CHG011,0,"Scenario CHG011: Direct, dependency or module association"
T0159,CHG011,0,"Scenario CHG011: Direct, dependency or module association"
T0160,CHG011,0,"Scenario CHG011: Direct, dependency or module association"
T0161,CHG011,1,"Scenario CHG011: Direct, dependency or module association"
T0162,CHG011,0,"Scenario CHG011: Direct, dependency or module association"
T0163,CHG011,0,"Scenario CHG011: Direct, dependency or module association"
T0164,CHG011,0,"Scenario CHG011: Direct, dependency or module association"
T0165,CHG011,0,"Scenario CHG011: Direct, dependency or module association"
T0166,CHG011,0,"Scenario CHG011: Direct, dependency or module association"
T0167,CHG011,0,"Scenario CHG011: Direct, dependency or module association"
T0168,CHG011,0,"Scenario CHG011: Direct, dependency or module association"
T0169,CHG011,0,"Scenario CHG011: Direct, dependency or module association"
T0170,CHG011,0,"Scenario CHG011: Direct, dependency or module association"
T0171,CHG011,0,"Scenario CHG011: Direct, dependency or module association"
T0172,CHG011,0,"Scenario CHG011: Direct, dependency or module association"
T0173,CHG011,1,"Scenario CHG011: Direct, dependency or module association"
T0174,CHG011,0,"Scenario CHG011: Direct, dependency or module association"
T0175,CHG011,0,"Scenario CHG011: Direct, dependency or module association"
T0176,CHG011,0,"Scenario CHG011: Direct, dependency or module association"
T0177,CHG011,1,"Scenario CHG011: Direct, dependency or module association"
T0178,CHG011,0,"Scenario CHG011: Direct, dependency or module association"
T0179,CHG011,0,"Scenario CHG011: Direct, dependency or module association"
T0180,CHG011,0,"Scenario CHG011: Direct, dependency or module association"
T0181,CHG011,0,"Scenario CHG011: Direct, dependency or module association"
T0182,CHG011,0,"Scenario CHG011: Direct, dependency or module association"
T0183,CHG011,0,"Scenario CHG011: Direct, dependency or module association"
T0184,CHG011,0,"Scenario CHG011: Direct, dependency or module association"
T0185,CHG011,0,"Scenario CHG011: Direct, dependency or module association"
T0186,CHG011,0,"Scenario CHG011: Direct, dependency or module association"
T0187,CHG011,0,"Scenario CHG011: Direct, dependency or module association"
T0188,CHG011,0,"Scenario CHG011: Direct, dependency or module association"
T0189,CHG011,0,"Scenario CHG011: Direct, dependency or module association"
T0190,CHG011,0,"Scenario CHG011: Direct, dependency or module association"
T0191,CHG011,0,"Scenario CHG011: Direct, dependency or module association"
T0192,CHG011,0,"Scenario CHG011: Direct, dependency or module association"
T0193,CHG011,0,"Scenario CHG011: Direct, dependency or module association"
T0194,CHG011,0,"Scenario CHG011: Direct, dependency or module association"
T0195,CHG011,0,"Scenario CHG011: Direct, dependency or module association"
T0196,CHG011,0,"Scenario CHG011: Direct, dependency or module association"
T0197,CHG011,0,"Scenario CHG011: Direct, dependency or module association"
T0198,CHG011,1,"Scenario CHG011: Direct, dependency or module association"
T0199,CHG011,0,"Scenario CHG011: Direct, dependency or module association"
T0200,CHG011,0,"Scenario CHG011: Direct, dependency or module association"
T0201,CHG011,0,"Scenario CHG011: Direct, dependency or module association"
T0202,CHG011,0,"Scenario CHG011: Direct, dependency or module association"
T0203,CHG011,0,"Scenario CHG011: Direct, dependency or module association"
T0204,CHG011,0,"Scenario CHG011: Direct, dependency or module association"
T0205,CHG011,0,"Scenario CHG011: Direct, dependency or module association"
T0206,CHG011,0,"Scenario CHG011: Direct, dependency or module association"
T0207,CHG011,0,"Scenario CHG011: Direct, dependency or module association"
T0208,CHG011,0,"Scenario CHG011: Direct, dependency or module association"
T0209,CHG011,0,"Scenario CHG011: Direct, dependency or module association"
T0210,CHG011,0,"Scenario CHG011: Direct, dependency or module association"
T0211,CHG011,0,"Scenario CHG011: Direct, dependency or module association"
T0212,CHG011,0,"Scenario CHG011: Direct, dependency or module association"
T0213,CHG011,0,"Scenario CHG011: Direct, dependency or module association"
T0214,CHG011,0,"Scenario CHG011: Direct, dependency or module association"
T0215,CHG011,0,"Scenario CHG011: Direct, dependency or module association"
T0216,CHG011,1,"Scenario CHG011: Direct, dependency or module association"
T0217,CHG011,0,"Scenario CHG011: Direct, dependency or module association"
T0218,CHG011,0,"Scenario CHG011: Direct, dependency or module association"
T0219,CHG011,0,"Scenario CHG011: Direct, dependency or module association"
T0220,CHG011,1,"Scenario CHG011: Direct, dependency or module association"
T0221,CHG011,0,"Scenario CHG011: Direct, dependency or module association"
T0222,CHG011,0,"Scenario CHG011: Direct, dependency or module association"
T0223,CHG011,0,"Scenario CHG011: Direct, dependency or module association"
T0224,CHG011,0,"Scenario CHG011: Direct, dependency or module association"
T0225,CHG011,0,"Scenario CHG011: Direct, dependency or module association"
T0226,CHG011,0,"Scenario CHG011: Direct, dependency or module association"
T0227,CHG011,1,"Scenario CHG011: Direct, dependency or module association"
T0228,CHG011,0,"Scenario CHG011: Direct, dependency or module association"
T0229,CHG011,0,"Scenario CHG011: Direct, dependency or module association"
T0230,CHG011,0,"Scenario CHG011: Direct, dependency or module association"
T0231,CHG011,0,"Scenario CHG011: Direct, dependency or module association"
T0232,CHG011,0,"Scenario CHG011: Direct, dependency or module association"
T0233,CHG011,0,"Scenario CHG011: Direct, dependency or module association"
T0234,CHG011,0,"Scenario CHG011: Direct, dependency or module association"
T0235,CHG011,1,"Scenario CHG011: Direct, dependency or module association"
T0236,CHG011,0,"Scenario CHG011: Direct, dependency or module association"
T0237,CHG011,0,"Scenario CHG011: Direct, dependency or module association"
T0238,CHG011,0,"Scenario CHG011: Direct, dependency or module association"
T0239,CHG011,0,"Scenario CHG011: Direct, dependency or module association"
T0240,CHG011,0,"Scenario CHG011: Direct, dependency or module association"
T0241,CHG011,0,"Scenario CHG011: Direct, dependency or module association"
T0242,CHG011,0,"Scenario CHG011: Direct, dependency or module association"
T0243,CHG011,0,"Scenario CHG011: Direct, dependency or module association"
T0244,CHG011,0,"Scenario CHG011: Direct, dependency or module association"
T0245,CHG011,0,"Scenario CHG011: Direct, dependency or module association"
T0246,CHG011,0,"Scenario CHG011: Direct, dependency or module association"
T0247,CHG011,0,"Scenario CHG011: Direct, dependency or module association"
T0248,CHG011,0,"Scenario CHG011: Direct, dependency or module association"
T0249,CHG011,0,"Scenario CHG011: Direct, dependency or module association"
T0250,CHG011,0,"Scenario CHG011: Direct, dependency or module association"
T0251,CHG011,0,"Scenario CHG011: Direct, dependency or module association"
T0252,CHG011,0,"Scenario CHG011: Direct, dependency or module association"
T0253,CHG011,0,"Scenario CHG011: Direct, dependency or module association"
T0254,CHG011,0,"Scenario CHG011: Direct, dependency or module association"
T0255,CHG011,0,"Scenario CHG011: Direct, dependency or module association"
T0256,CHG011,0,"Scenario CHG011: Direct, dependency or module association"
T0257,CHG011,0,"Scenario CHG011: Direct, dependency or module association"
T0258,CHG011,0,"Scenario CHG011: Direct, dependency or module association"
T0259,CHG011,0,"Scenario CHG011: Direct, dependency or module association"
T0260,CHG011,0,"Scenario CHG011: Direct, dependency or module association"
T0261,CHG011,0,"Scenario CHG011: Direct, dependency or module association"
T0262,CHG011,0,"Scenario CHG011: Direct, dependency or module association"
T0263,CHG011,1,"Scenario CHG011: Direct, dependency or module association"
T0264,CHG011,0,"Scenario CHG011: Direct, dependency or module association"
T0265,CHG011,0,"Scenario CHG011: Direct, dependency or module association"
T0266,CHG011,0,"Scenario CHG011: Direct, dependency or module association"
T0267,CHG011,0,"Scenario CHG011: Direct, dependency or module association"
T0268,CHG011,0,"Scenario CHG011: Direct, dependency or module association"
T0269,CHG011,0,"Scenario CHG011: Direct, dependency or module association"
T0270,CHG011,1,"Scenario CHG011: Direct, dependency or module association"
T0271,CHG011,0,"Scenario CHG011: Direct, dependency or module association"
T0272,CHG011,0,"Scenario CHG011: Direct, dependency or module association"
T0273,CHG011,1,"Scenario CHG011: Direct, dependency or module association"
T0274,CHG011,0,"Scenario CHG011: Direct, dependency or module association"
T0275,CHG011,0,"Scenario CHG011: Direct, dependency or module association"
T0276,CHG011,0,"Scenario CHG011: Direct, dependency or module association"
T0277,CHG011,0,"Scenario CHG011: Direct, dependency or module association"
T0278,CHG011,0,"Scenario CHG011: Direct, dependency or module association"
T0279,CHG011,0,"Scenario CHG011: Direct, dependency or module association"
T0280,CHG011,0,"Scenario CHG011: Direct, dependency or module association"
T0281,CHG011,0,"Scenario CHG011: Direct, dependency or module association"
T0282,CHG011,0,"Scenario CHG011: Direct, dependency or module association"
T0283,CHG011,0,"Scenario CHG011: Direct, dependency or module association"
T0284,CHG011,0,"Scenario CHG011: Direct, dependency or module association"
T0285,CHG011,0,"Scenario CHG011: Direct, dependency or module association"
T0286,CHG011,0,"Scenario CHG011: Direct, dependency or module association"
T0287,CHG011,0,"Scenario CHG011: Direct, dependency or module association"
T0288,CHG011,0,"Scenario CHG011: Direct, dependency or module association"
T0289,CHG011,0,"Scenario CHG011: Direct, dependency or module association"
T0290,CHG011,0,"Scenario CHG011: Direct, dependency or module association"
T0291,CHG011,0,"Scenario CHG011: Direct, dependency or module association"
T0292,CHG011,0,"Scenario CHG011: Direct, dependency or module association"
T0293,CHG011,0,"Scenario CHG011: Direct, dependency or module association"
T0294,CHG011,0,"Scenario CHG011: Direct, dependency or module association"
T0295,CHG011,0,"Scenario CHG011: Direct, dependency or module association"
T0296,CHG011,0,"Scenario CHG011: Direct, dependency or module association"
T0297,CHG011,0,"Scenario CHG011: Direct, dependency or module association"
T0298,CHG011,0,"Scenario CHG011: Direct, dependency or module association"
T0299,CHG011,0,"Scenario CHG011: Direct, dependency or module association"
T0300,CHG011,0,"Scenario CHG011: Direct, dependency or module association"
T0301,CHG011,0,"Scenario CHG011: Direct, dependency or module association"
T0302,CHG011,0,"Scenario CHG011: Direct, dependency or module association"
T0303,CHG011,0,"Scenario CHG011: Direct, dependency or module association"
T0304,CHG011,0,"Scenario CHG011: Direct, dependency or module association"
T0305,CHG011,0,"Scenario CHG011: Direct, dependency or module association"
T0306,CHG011,0,"Scenario CHG011: Direct, dependency or module association"
T0307,CHG011,0,"Scenario CHG011: Direct, dependency or module association"
T0308,CHG011,0,"Scenario CHG011: Direct, dependency or module association"
T0309,CHG011,0,"Scenario CHG011: Direct, dependency or module association"
T0310,CHG011,0,"Scenario CHG011: Direct, dependency or module association"
T0311,CHG011,0,"Scenario CHG011: Direct, dependency or module association"
T0312,CHG011,0,"Scenario CHG011: Direct, dependency or module association"
T0313,CHG011,0,"Scenario CHG011: Direct, dependency or module association"
T0314,CHG011,0,"Scenario CHG011: Direct, dependency or module association"
T0315,CHG011,0,"Scenario CHG011: Direct, dependency or module association"
T0316,CHG011,0,"Scenario CHG011: Direct, dependency or module association"
T0317,CHG011,0,"Scenario CHG011: Direct, dependency or module association"
T0318,CHG011,0,"Scenario CHG011: Direct, dependency or module association"
T0319,CHG011,0,"Scenario CHG011: Direct, dependency or module association"
T0320,CHG011,0,"Scenario CHG011: Direct, dependency or module association"
T0321,CHG011,0,"Scenario CHG011: Direct, dependency or module association"
T0322,CHG011,0,"Scenario CHG011: Direct, dependency or module association"
T0323,CHG011,1,"Scenario CHG011: Direct, dependency or module association"
T0324,CHG011,0,"Scenario CHG011: Direct, dependency or module association"
T0325,CHG011,0,"Scenario CHG011: Direct, dependency or module association"
T0326,CHG011,0,"Scenario CHG011: Direct, dependency or module association"
T0327,CHG011,0,"Scenario CHG011: Direct, dependency or module association"
T0328,CHG011,0,"Scenario CHG011: Direct, dependency or module association"
T0329,CHG011,0,"Scenario CHG011: Direct, dependency or module association"
T0330,CHG011,0,"Scenario CHG011: Direct, dependency or module association"
T0331,CHG011,0,"Scenario CHG011: Direct, dependency or module association"
T0332,CHG011,0,"Scenario CHG011: Direct, dependency or module association"
T0333,CHG011,0,"Scenario CHG011: Direct, dependency or module association"
T0334,CHG011,0,"Scenario CHG011: Direct, dependency or module association"
T0335,CHG011,0,"Scenario CHG011: Direct, dependency or module association"
T0336,CHG011,0,"Scenario CHG011: Direct, dependency or module association"
T0337,CHG011,0,"Scenario CHG011: Direct, dependency or module association"
T0338,CHG011,0,"Scenario CHG011: Direct, dependency or module association"
T0339,CHG011,0,"Scenario CHG011: Direct, dependency or module association"
T0340,CHG011,1,"Scenario CHG011: Direct, dependency or module association"
T0341,CHG011,0,"Scenario CHG011: Direct, dependency or module association"
T0342,CHG011,0,"Scenario CHG011: Direct, dependency or module association"
T0343,CHG011,0,"Scenario CHG011: Direct, dependency or module association"
T0344,CHG011,0,"Scenario CHG011: Direct, dependency or module association"
T0345,CHG011,0,"Scenario CHG011: Direct, dependency or module association"
T0346,CHG011,0,"Scenario CHG011: Direct, dependency or module association"
T0347,CHG011,0,"Scenario CHG011: Direct, dependency or module association"
T0348,CHG011,0,"Scenario CHG011: Direct, dependency or module association"
T0349,CHG011,1,"Scenario CHG011: Direct, dependency or module association"
T0350,CHG011,0,"Scenario CHG011: Direct, dependency or module association"
T0351,CHG011,0,"Scenario CHG011: Direct, dependency or module association"
T0352,CHG011,0,"Scenario CHG011: Direct, dependency or module association"
T0353,CHG011,0,"Scenario CHG011: Direct, dependency or module association"
T0354,CHG011,0,"Scenario CHG011: Direct, dependency or module association"
T0355,CHG011,0,"Scenario CHG011: Direct, dependency or module association"
T0356,CHG011,0,"Scenario CHG011: Direct, dependency or module association"
T0357,CHG011,0,"Scenario CHG011: Direct, dependency or module association"
T0358,CHG011,0,"Scenario CHG011: Direct, dependency or module association"
T0359,CHG011,0,"Scenario CHG011: Direct, dependency or module association"
T0360,CHG011,1,"Scenario CHG011: Direct, dependency or module association"
T0361,CHG011,0,"Scenario CHG011: Direct, dependency or module association"
T0362,CHG011,0,"Scenario CHG011: Direct, dependency or module association"
T0363,CHG011,0,"Scenario CHG011: Direct, dependency or module association"
T0364,CHG011,0,"Scenario CHG011: Direct, dependency or module association"
T0365,CHG011,0,"Scenario CHG011: Direct, dependency or module association"
T0366,CHG011,0,"Scenario CHG011: Direct, dependency or module association"
T0367,CHG011,0,"Scenario CHG011: Direct, dependency or module association"
T0368,CHG011,0,"Scenario CHG011: Direct, dependency or module association"
T0369,CHG011,0,"Scenario CHG011: Direct, dependency or module association"
T0370,CHG011,0,"Scenario CHG011: Direct, dependency or module association"
T0371,CHG011,0,"Scenario CHG011: Direct, dependency or module association"
T0372,CHG011,0,"Scenario CHG011: Direct, dependency or module association"
T0373,CHG011,0,"Scenario CHG011: Direct, dependency or module association"
T0374,CHG011,0,"Scenario CHG011: Direct, dependency or module association"
T0375,CHG011,0,"Scenario CHG011: Direct, dependency or module association"
T0376,CHG011,0,"Scenario CHG011: Direct, dependency or module association"
T0377,CHG011,0,"Scenario CHG011: Direct, dependency or module association"
T0378,CHG011,0,"Scenario CHG011: Direct, dependency or module association"
T0379,CHG011,0,"Scenario CHG011: Direct, dependency or module association"
T0380,CHG011,1,"Scenario CHG011: Direct, dependency or module association"
T0381,CHG011,0,"Scenario CHG011: Direct, dependency or module association"
T0382,CHG011,0,"Scenario CHG011: Direct, dependency or module association"
T0383,CHG011,0,"Scenario CHG011: Direct, dependency or module association"
T0384,CHG011,1,"Scenario CHG011: Direct, dependency or module association"
T0385,CHG011,0,"Scenario CHG011: Direct, dependency or module association"
T0386,CHG011,0,"Scenario CHG011: Direct, dependency or module association"
T0387,CHG011,0,"Scenario CHG011: Direct, dependency or module association"
T0388,CHG011,0,"Scenario CHG011: Direct, dependency or module association"
T0389,CHG011,0,"Scenario CHG011: Direct, dependency or module association"
T0390,CHG011,1,"Scenario CHG011: Direct, dependency or module association"
T0391,CHG011,0,"Scenario CHG011: Direct, dependency or module association"
T0392,CHG011,0,"Scenario CHG011: Direct, dependency or module association"
T0393,CHG011,0,"Scenario CHG011: Direct, dependency or module association"
T0394,CHG011,0,"Scenario CHG011: Direct, dependency or module association"
T0395,CHG011,0,"Scenario CHG011: Direct, dependency or module association"
T0396,CHG011,1,"Scenario CHG011: Direct, dependency or module association"
T0397,CHG011,0,"Scenario CHG011: Direct, dependency or module association"
T0398,CHG011,0,"Scenario CHG011: Direct, dependency or module association"
T0399,CHG011,0,"Scenario CHG011: Direct, dependency or module association"
T0400,CHG011,0,"Scenario CHG011: Direct, dependency or module association"
T0401,CHG011,0,"Scenario CHG011: Direct, dependency or module association"
T0402,CHG011,0,"Scenario CHG011: Direct, dependency or module association"
T0403,CHG011,0,"Scenario CHG011: Direct, dependency or module association"
T0404,CHG011,1,"Scenario CHG011: Direct, dependency or module association"
T0405,CHG011,0,"Scenario CHG011: Direct, dependency or module association"
T0406,CHG011,0,"Scenario CHG011: Direct, dependency or module association"
T0407,CHG011,0,"Scenario CHG011: Direct, dependency or module association"
T0408,CHG011,0,"Scenario CHG011: Direct, dependency or module association"
T0409,CHG011,0,"Scenario CHG011: Direct, dependency or module association"
T0410,CHG011,0,"Scenario CHG011: Direct, dependency or module association"
T0411,CHG011,0,"Scenario CHG011: Direct, dependency or module association"
T0412,CHG011,0,"Scenario CHG011: Direct, dependency or module association"
T0413,CHG011,0,"Scenario CHG011: Direct, dependency or module association"
T0414,CHG011,0,"Scenario CHG011: Direct, dependency or module association"
T0415,CHG011,1,"Scenario CHG011: Direct, dependency or module association"
T0416,CHG011,1,"Scenario CHG011: Direct, dependency or module association"
T0417,CHG011,0,"Scenario CHG011: Direct, dependency or module association"
T0418,CHG011,0,"Scenario CHG011: Direct, dependency or module association"
T0419,CHG011,0,"Scenario CHG011: Direct, dependency or module association"
T0420,CHG011,0,"Scenario CHG011: Direct, dependency or module association"
T0421,CHG011,0,"Scenario CHG011: Direct, dependency or module association"
T0422,CHG011,0,"Scenario CHG011: Direct, dependency or module association"
T0423,CHG011,0,"Scenario CHG011: Direct, dependency or module association"
T0424,CHG011,0,"Scenario CHG011: Direct, dependency or module association"
T0425,CHG011,1,"Scenario CHG011: Direct, dependency or module association"
T0426,CHG011,0,"Scenario CHG011: Direct, dependency or module association"
T0427,CHG011,0,"Scenario CHG011: Direct, dependency or module association"
T0428,CHG011,1,"Scenario CHG011: Direct, dependency or module association"
T0429,CHG011,0,"Scenario CHG011: Direct, dependency or module association"
T0430,CHG011,0,"Scenario CHG011: Direct, dependency or module association"
T0431,CHG011,0,"Scenario CHG011: Direct, dependency or module association"
T0432,CHG011,0,"Scenario CHG011: Direct, dependency or module association"
T0433,CHG011,0,"Scenario CHG011: Direct, dependency or module association"
T0434,CHG011,0,"Scenario CHG011: Direct, dependency or module association"
T0435,CHG011,0,"Scenario CHG011: Direct, dependency or module association"
T0436,CHG011,0,"Scenario CHG011: Direct, dependency or module association"
T0437,CHG011,0,"Scenario CHG011: Direct, dependency or module association"
T0438,CHG011,0,"Scenario CHG011: Direct, dependency or module association"
T0439,CHG011,0,"Scenario CHG011: Direct, dependency or module association"
T0440,CHG011,0,"Scenario CHG011: Direct, dependency or module association"
T0441,CHG011,0,"Scenario CHG011: Direct, dependency or module association"
T0442,CHG011,0,"Scenario CHG011: Direct, dependency or module association"
T0443,CHG011,0,"Scenario CHG011: Direct, dependency or module association"
T0444,CHG011,0,"Scenario CHG011: Direct, dependency or module association"
T0445,CHG011,0,"Scenario CHG011: Direct, dependency or module association"
T0446,CHG011,1,"Scenario CHG011: Direct, dependency or module association"
T0447,CHG011,0,"Scenario CHG011: Direct, dependency or module association"
T0448,CHG011,0,"Scenario CHG011: Direct, dependency or module association"
T0449,CHG011,0,"Scenario CHG011: Direct, dependency or module association"
T0450,CHG011,0,"Scenario CHG011: Direct, dependency or module association"
T0451,CHG011,0,"Scenario CHG011: Direct, dependency or module association"
T0452,CHG011,0,"Scenario CHG011: Direct, dependency or module association"
T0453,CHG011,0,"Scenario CHG011: Direct, dependency or module association"
T0454,CHG011,0,"Scenario CHG011: Direct, dependency or module association"
T0455,CHG011,0,"Scenario CHG011: Direct, dependency or module association"
T0456,CHG011,0,"Scenario CHG011: Direct, dependency or module association"
T0457,CHG011,0,"Scenario CHG011: Direct, dependency or module association"
T0458,CHG011,0,"Scenario CHG011: Direct, dependency or module association"
T0459,CHG011,0,"Scenario CHG011: Direct, dependency or module association"
T0460,CHG011,0,"Scenario CHG011: Direct, dependency or module association"
T0461,CHG011,0,"Scenario CHG011: Direct, dependency or module association"
T0462,CHG011,0,"Scenario CHG011: Direct, dependency or module association"
T0463,CHG011,0,"Scenario CHG011: Direct, dependency or module association"
T0464,CHG011,0,"Scenario CHG011: Direct, dependency or module association"
T0465,CHG011,0,"Scenario CHG011: Direct, dependency or module association"
T0466,CHG011,0,"Scenario CHG011: Direct, dependency or module association"
T0467,CHG011,0,"Scenario CHG011: Direct, dependency or module association"
T0468,CHG011,0,"Scenario CHG011: Direct, dependency or module association"
T0469,CHG011,0,"Scenario CHG011: Direct, dependency or module association"
T0470,CHG011,0,"Scenario CHG011: Direct, dependency or module association"
T0471,CHG011,0,"Scenario CHG011: Direct, dependency or module association"
T0472,CHG011,0,"Scenario CHG011: Direct, dependency or module association"
T0473,CHG011,0,"Scenario CHG011: Direct, dependency or module association"
T0474,CHG011,0,"Scenario CHG011: Direct, dependency or module association"
T0475,CHG011,0,"Scenario CHG011: Direct, dependency or module association"
T0476,CHG011,0,"Scenario CHG011: Direct, dependency or module association"
T0477,CHG011,0,"Scenario CHG011: Direct, dependency or module association"
T0478,CHG011,1,"Scenario CHG011: Direct, dependency or module association"
T0479,CHG011,0,"Scenario CHG011: Direct, dependency or module association"
T0480,CHG011,0,"Scenario CHG011: Direct, dependency or module association"
T0481,CHG011,0,"Scenario CHG011: Direct, dependency or module association"
T0482,CHG011,0,"Scenario CHG011: Direct, dependency or module association"
T0483,CHG011,0,"Scenario CHG011: Direct, dependency or module association"
T0484,CHG011,0,"Scenario CHG011: Direct, dependency or module association"
T0485,CHG011,0,"Scenario CHG011: Direct, dependency or module association"
T0486,CHG011,0,"Scenario CHG011: Direct, dependency or module association"
T0487,CHG011,0,"Scenario CHG011: Direct, dependency or module association"
T0488,CHG011,0,"Scenario CHG011: Direct, dependency or module association"
T0489,CHG011,0,"Scenario CHG011: Direct, dependency or module association"
T0490,CHG011,1,"Scenario CHG011: Direct, dependency or module association"
T0491,CHG011,0,"Scenario CHG011: Direct, dependency or module association"
T0492,CHG011,0,"Scenario CHG011: Direct, dependency or module association"
T0493,CHG011,0,"Scenario CHG011: Direct, dependency or module association"
T0494,CHG011,0,"Scenario CHG011: Direct, dependency or module association"
T0495,CHG011,0,"Scenario CHG011: Direct, dependency or module association"
T0496,CHG011,0,"Scenario CHG011: Direct, dependency or module association"
T0497,CHG011,0,"Scenario CHG011: Direct, dependency or module association"
T0498,CHG011,0,"Scenario CHG011: Direct, dependency or module association"
T0499,CHG011,0,"Scenario CHG011: Direct, dependency or module association"
T0500,CHG011,0,"Scenario CHG011: Direct, dependency or module association"
T0501,CHG011,0,"Scenario CHG011: Direct, dependency or module association"
T0502,CHG011,0,"Scenario CHG011: Direct, dependency or module association"
T0503,CHG011,0,"Scenario CHG011: Direct, dependency or module association"
T0504,CHG011,0,"Scenario CHG011: Direct, dependency or module association"
T0505,CHG011,0,"Scenario CHG011: Direct, dependency or module association"
T0506,CHG011,0,"Scenario CHG011: Direct, dependency or module association"
T0507,CHG011,0,"Scenario CHG011: Direct, dependency or module association"
T0508,CHG011,0,"Scenario CHG011: Direct, dependency or module association"
T0509,CHG011,0,"Scenario CHG011: Direct, dependency or module association"
T0510,CHG011,0,"Scenario CHG011: Direct, dependency or module association"
T0511,CHG011,0,"Scenario CHG011: Direct, dependency or module association"
T0512,CHG011,0,"Scenario CHG011: Direct, dependency or module association"
T0513,CHG011,0,"Scenario CHG011: Direct, dependency or module association"
T0514,CHG011,0,"Scenario CHG011: Direct, dependency or module association"
T0515,CHG011,0,"Scenario CHG011: Direct, dependency or module association"
T0516,CHG011,0,"Scenario CHG011: Direct, dependency or module association"
T0517,CHG011,0,"Scenario CHG011: Direct, dependency or module association"
T0518,CHG011,0,"Scenario CHG011: Direct, dependency or module association"
T0519,CHG011,1,"Scenario CHG011: Direct, dependency or module association"
T0520,CHG011,0,"Scenario CHG011: Direct, dependency or module association"
T0521,CHG011,1,"Scenario CHG011: Direct, dependency or module association"
T0522,CHG011,1,"Scenario CHG011: Direct, dependency or module association"
T0523,CHG011,0,"Scenario CHG011: Direct, dependency or module association"
T0524,CHG011,0,"Scenario CHG011: Direct, dependency or module association"
T0525,CHG011,0,"Scenario CHG011: Direct, dependency or module association"
T0526,CHG011,0,"Scenario CHG011: Direct, dependency or module association"
T0527,CHG011,0,"Scenario CHG011: Direct, dependency or module association"
T0528,CHG011,0,"Scenario CHG011: Direct, dependency or module association"
T0529,CHG011,0,"Scenario CHG011: Direct, dependency or module association"
T0530,CHG011,0,"Scenario CHG011: Direct, dependency or module association"
T0531,CHG011,0,"Scenario CHG011: Direct, dependency or module association"
T0532,CHG011,1,"Scenario CHG011: Direct, dependency or module association"
T0533,CHG011,0,"Scenario CHG011: Direct, dependency or module association"
T0534,CHG011,0,"Scenario CHG011: Direct, dependency or module association"
T0535,CHG011,0,"Scenario CHG011: Direct, dependency or module association"
T0536,CHG011,0,"Scenario CHG011: Direct, dependency or module association"
T0537,CHG011,0,"Scenario CHG011: Direct, dependency or module association"
T0538,CHG011,0,"Scenario CHG011: Direct, dependency or module association"
T0539,CHG011,0,"Scenario CHG011: Direct, dependency or module association"
T0540,CHG011,0,"Scenario CHG011: Direct, dependency or module association"
T0541,CHG011,0,"Scenario CHG011: Direct, dependency or module association"
T0542,CHG011,0,"Scenario CHG011: Direct, dependency or module association"
T0543,CHG011,1,"Scenario CHG011: Direct, dependency or module association"
T0544,CHG011,1,"Scenario CHG011: Direct, dependency or module association"
T0545,CHG011,0,"Scenario CHG011: Direct, dependency or module association"
T0546,CHG011,0,"Scenario CHG011: Direct, dependency or module association"
T0547,CHG011,1,"Scenario CHG011: Direct, dependency or module association"
T0548,CHG011,0,"Scenario CHG011: Direct, dependency or module association"
T0549,CHG011,0,"Scenario CHG011: Direct, dependency or module association"
T0550,CHG011,0,"Scenario CHG011: Direct, dependency or module association"
T0551,CHG011,0,"Scenario CHG011: Direct, dependency or module association"
T0552,CHG011,0,"Scenario CHG011: Direct, dependency or module association"
T0553,CHG011,0,"Scenario CHG011: Direct, dependency or module association"
T0554,CHG011,1,"Scenario CHG011: Direct, dependency or module association"
T0555,CHG011,0,"Scenario CHG011: Direct, dependency or module association"
T0556,CHG011,0,"Scenario CHG011: Direct, dependency or module association"
T0557,CHG011,1,"Scenario CHG011: Direct, dependency or module association"
T0558,CHG011,0,"Scenario CHG011: Direct, dependency or module association"
T0559,CHG011,0,"Scenario CHG011: Direct, dependency or module association"
T0560,CHG011,0,"Scenario CHG011: Direct, dependency or module association"
T0561,CHG011,0,"Scenario CHG011: Direct, dependency or module association"
T0562,CHG011,0,"Scenario CHG011: Direct, dependency or module association"
T0563,CHG011,0,"Scenario CHG011: Direct, dependency or module association"
T0564,CHG011,0,"Scenario CHG011: Direct, dependency or module association"
T0565,CHG011,0,"Scenario CHG011: Direct, dependency or module association"
T0566,CHG011,0,"Scenario CHG011: Direct, dependency or module association"
T0567,CHG011,0,"Scenario CHG011: Direct, dependency or module association"
T0568,CHG011,0,"Scenario CHG011: Direct, dependency or module association"
T0569,CHG011,0,"Scenario CHG011: Direct, dependency or module association"
T0570,CHG011,0,"Scenario CHG011: Direct, dependency or module association"
T0571,CHG011,0,"Scenario CHG011: Direct, dependency or module association"
T0572,CHG011,0,"Scenario CHG011: Direct, dependency or module association"
T0573,CHG011,0,"Scenario CHG011: Direct, dependency or module association"
T0574,CHG011,0,"Scenario CHG011: Direct, dependency or module association"
T0575,CHG011,0,"Scenario CHG011: Direct, dependency or module association"
T0576,CHG011,0,"Scenario CHG011: Direct, dependency or module association"
T0577,CHG011,0,"Scenario CHG011: Direct, dependency or module association"
T0578,CHG011,0,"Scenario CHG011: Direct, dependency or module association"
T0579,CHG011,0,"Scenario CHG011: Direct, dependency or module association"
T0580,CHG011,0,"Scenario CHG011: Direct, dependency or module association"
T0581,CHG011,1,"Scenario CHG011: Direct, dependency or module association"
T0582,CHG011,1,"Scenario CHG011: Direct, dependency or module association"
T0583,CHG011,0,"Scenario CHG011: Direct, dependency or module association"
T0584,CHG011,1,"Scenario CHG011: Direct, dependency or module association"
T0585,CHG011,0,"Scenario CHG011: Direct, dependency or module association"
T0586,CHG011,0,"Scenario CHG011: Direct, dependency or module association"
T0587,CHG011,0,"Scenario CHG011: Direct, dependency or module association"
T0588,CHG011,0,"Scenario CHG011: Direct, dependency or module association"
T0589,CHG011,0,"Scenario CHG011: Direct, dependency or module association"
T0590,CHG011,0,"Scenario CHG011: Direct, dependency or module association"
T0591,CHG011,0,"Scenario CHG011: Direct, dependency or module association"
T0592,CHG011,0,"Scenario CHG011: Direct, dependency or module association"
T0593,CHG011,0,"Scenario CHG011: Direct, dependency or module association"
T0594,CHG011,0,"Scenario CHG011: Direct, dependency or module association"
T0595,CHG011,0,"Scenario CHG011: Direct, dependency or module association"
T0596,CHG011,0,"Scenario CHG011: Direct, dependency or module association"
T0597,CHG011,0,"Scenario CHG011: Direct, dependency or module association"
T0598,CHG011,0,"Scenario CHG011: Direct, dependency or module association"
T0599,CHG011,0,"Scenario CHG011: Direct, dependency or module association"
T0600,CHG011,0,"Scenario CHG011: Direct, dependency or module association"
T0601,CHG011,0,"Scenario CHG011: Direct, dependency or module association"
T0602,CHG011,0,"Scenario CHG011: Direct, dependency or module association"
T0603,CHG011,0,"Scenario CHG011: Direct, dependency or module association"
T0604,CHG011,0,"Scenario CHG011: Direct, dependency or module association"
T0605,CHG011,0,"Scenario CHG011: Direct, dependency or module association"
T0606,CHG011,0,"Scenario CHG011: Direct, dependency or module association"
T0607,CHG011,0,"Scenario CHG011: Direct, dependency or module association"
T0608,CHG011,0,"Scenario CHG011: Direct, dependency or module association"
T0609,CHG011,0,"Scenario CHG011: Direct, dependency or module association"
T0610,CHG011,0,"Scenario CHG011: Direct, dependency or module association"
T0611,CHG011,0,"Scenario CHG011: Direct, dependency or module association"
T0612,CHG011,0,"Scenario CHG011: Direct, dependency or module association"
T0613,CHG011,0,"Scenario CHG011: Direct, dependency or module association"
T0614,CHG011,0,"Scenario CHG011: Direct, dependency or module association"
T0615,CHG011,0,"Scenario CHG011: Direct, dependency or module association"
T0616,CHG011,0,"Scenario CHG011: Direct, dependency or module association"
T0617,CHG011,0,"Scenario CHG011: Direct, dependency or module association"
T0618,CHG011,0,"Scenario CHG011: Direct, dependency or module association"
T0619,CHG011,0,"Scenario CHG011: Direct, dependency or module association"
T0620,CHG011,0,"Scenario CHG011: Direct, dependency or module association"
T0621,CHG011,0,"Scenario CHG011: Direct, dependency or module association"
T0622,CHG011,0,"Scenario CHG011: Direct, dependency or module association"
T0623,CHG011,0,"Scenario CHG011: Direct, dependency or module association"
T0624,CHG011,0,"Scenario CHG011: Direct, dependency or module association"
T0625,CHG011,0,"Scenario CHG011: Direct, dependency or module association"
T0626,CHG011,0,"Scenario CHG011: Direct, dependency or module association"
T0627,CHG011,0,"Scenario CHG011: Direct, dependency or module association"
T0628,CHG011,0,"Scenario CHG011: Direct, dependency or module association"
T0629,CHG011,0,"Scenario CHG011: Direct, dependency or module association"
T0630,CHG011,0,"Scenario CHG011: Direct, dependency or module association"
T0631,CHG011,0,"Scenario CHG011: Direct, dependency or module association"
T0632,CHG011,0,"Scenario CHG011: Direct, dependency or module association"
T0633,CHG011,0,"Scenario CHG011: Direct, dependency or module association"
T0634,CHG011,0,"Scenario CHG011: Direct, dependency or module association"
T0635,CHG011,0,"Scenario CHG011: Direct, dependency or module association"
T0636,CHG011,1,"Scenario CHG011: Direct, dependency or module association"
T0637,CHG011,0,"Scenario CHG011: Direct, dependency or module association"
T0638,CHG011,0,"Scenario CHG011: Direct, dependency or module association"
T0639,CHG011,0,"Scenario CHG011: Direct, dependency or module association"
T0640,CHG011,0,"Scenario CHG011: Direct, dependency or module association"
T0641,CHG011,0,"Scenario CHG011: Direct, dependency or module association"
T0642,CHG011,0,"Scenario CHG011: Direct, dependency or module association"
T0643,CHG011,1,"Scenario CHG011: Direct, dependency or module association"
T0644,CHG011,0,"Scenario CHG011: Direct, dependency or module association"
T0645,CHG011,0,"Scenario CHG011: Direct, dependency or module association"
T0646,CHG011,0,"Scenario CHG011: Direct, dependency or module association"
T0647,CHG011,0,"Scenario CHG011: Direct, dependency or module association"
T0648,CHG011,0,"Scenario CHG011: Direct, dependency or module association"
T0649,CHG011,0,"Scenario CHG011: Direct, dependency or module association"
T0650,CHG011,0,"Scenario CHG011: Direct, dependency or module association"
T0651,CHG011,0,"Scenario CHG011: Direct, dependency or module association"
T0652,CHG011,0,"Scenario CHG011: Direct, dependency or module association"
T0653,CHG011,1,"Scenario CHG011: Direct, dependency or module association"
T0654,CHG011,0,"Scenario CHG011: Direct, dependency or module association"
T0655,CHG011,0,"Scenario CHG011: Direct, dependency or module association"
T0656,CHG011,0,"Scenario CHG011: Direct, dependency or module association"
T0657,CHG011,0,"Scenario CHG011: Direct, dependency or module association"
T0658,CHG011,0,"Scenario CHG011: Direct, dependency or module association"
T0659,CHG011,0,"Scenario CHG011: Direct, dependency or module association"
T0660,CHG011,0,"Scenario CHG011: Direct, dependency or module association"
T0661,CHG011,0,"Scenario CHG011: Direct, dependency or module association"
T0662,CHG011,1,"Scenario CHG011: Direct, dependency or module association"
T0663,CHG011,0,"Scenario CHG011: Direct, dependency or module association"
T0664,CHG011,0,"Scenario CHG011: Direct, dependency or module association"
T0665,CHG011,0,"Scenario CHG011: Direct, dependency or module association"
T0666,CHG011,0,"Scenario CHG011: Direct, dependency or module association"
T0667,CHG011,0,"Scenario CHG011: Direct, dependency or module association"
T0668,CHG011,0,"Scenario CHG011: Direct, dependency or module association"
T0669,CHG011,0,"Scenario CHG011: Direct, dependency or module association"
T0670,CHG011,0,"Scenario CHG011: Direct, dependency or module association"
T0671,CHG011,1,"Scenario CHG011: Direct, dependency or module association"
T0672,CHG011,0,"Scenario CHG011: Direct, dependency or module association"
T0673,CHG011,0,"Scenario CHG011: Direct, dependency or module association"
T0674,CHG011,0,"Scenario CHG011: Direct, dependency or module association"
T0675,CHG011,0,"Scenario CHG011: Direct, dependency or module association"
T0676,CHG011,0,"Scenario CHG011: Direct, dependency or module association"
T0677,CHG011,0,"Scenario CHG011: Direct, dependency or module association"
T0678,CHG011,0,"Scenario CHG011: Direct, dependency or module association"
T0679,CHG011,0,"Scenario CHG011: Direct, dependency or module association"
T0680,CHG011,0,"Scenario CHG011: Direct, dependency or module association"
T0681,CHG011,0,"Scenario CHG011: Direct, dependency or module association"
T0682,CHG011,0,"Scenario CHG011: Direct, dependency or module association"
T0683,CHG011,0,"Scenario CHG011: Direct, dependency or module association"
T0684,CHG011,0,"Scenario CHG011: Direct, dependency or module association"
T0685,CHG011,0,"Scenario CHG011: Direct, dependency or module association"
T0686,CHG011,0,"Scenario CHG011: Direct, dependency or module association"
T0687,CHG011,1,"Scenario CHG011: Direct, dependency or module association"
T0688,CHG011,0,"Scenario CHG011: Direct, dependency or module association"
T0689,CHG011,0,"Scenario CHG011: Direct, dependency or module association"
T0690,CHG011,0,"Scenario CHG011: Direct, dependency or module association"
T0691,CHG011,0,"Scenario CHG011: Direct, dependency or module association"
T0692,CHG011,0,"Scenario CHG011: Direct, dependency or module association"
T0693,CHG011,0,"Scenario CHG011: Direct, dependency or module association"
T0694,CHG011,0,"Scenario CHG011: Direct, dependency or module association"
T0695,CHG011,0,"Scenario CHG011: Direct, dependency or module association"
T0696,CHG011,0,"Scenario CHG011: Direct, dependency or module association"
T0697,CHG011,0,"Scenario CHG011: Direct, dependency or module association"
T0698,CHG011,0,"Scenario CHG011: Direct, dependency or module association"
T0699,CHG011,0,"Scenario CHG011: Direct, dependency or module association"
T0700,CHG011,1,"Scenario CHG011: Direct, dependency or module association"
T0701,CHG011,0,"Scenario CHG011: Direct, dependency or module association"
T0702,CHG011,0,"Scenario CHG011: Direct, dependency or module association"
T0703,CHG011,0,"Scenario CHG011: Direct, dependency or module association"
T0704,CHG011,0,"Scenario CHG011: Direct, dependency or module association"
T0705,CHG011,0,"Scenario CHG011: Direct, dependency or module association"
T0706,CHG011,0,"Scenario CHG011: Direct, dependency or module association"
T0707,CHG011,0,"Scenario CHG011: Direct, dependency or module association"
T0708,CHG011,0,"Scenario CHG011: Direct, dependency or module association"
T0709,CHG011,0,"Scenario CHG011: Direct, dependency or module association"
T0710,CHG011,0,"Scenario CHG011: Direct, dependency or module association"
T0711,CHG011,0,"Scenario CHG011: Direct, dependency or module association"
T0712,CHG011,0,"Scenario CHG011: Direct, dependency or module association"
T0713,CHG011,0,"Scenario CHG011: Direct, dependency or module association"
T0714,CHG011,0,"Scenario CHG011: Direct, dependency or module association"
T0715,CHG011,0,"Scenario CHG011: Direct, dependency or module association"
T0716,CHG011,0,"Scenario CHG011: Direct, dependency or module association"
T0717,CHG011,1,"Scenario CHG011: Direct, dependency or module association"
T0718,CHG011,1,"Scenario CHG011: Direct, dependency or module association"
T0719,CHG011,0,"Scenario CHG011: Direct, dependency or module association"
T0720,CHG011,0,"Scenario CHG011: Direct, dependency or module association"
T0721,CHG011,0,"Scenario CHG011: Direct, dependency or module association"
T0722,CHG011,0,"Scenario CHG011: Direct, dependency or module association"
T0723,CHG011,0,"Scenario CHG011: Direct, dependency or module association"
T0724,CHG011,0,"Scenario CHG011: Direct, dependency or module association"
T0725,CHG011,0,"Scenario CHG011: Direct, dependency or module association"
T0726,CHG011,0,"Scenario CHG011: Direct, dependency or module association"
T0727,CHG011,0,"Scenario CHG011: Direct, dependency or module association"
T0728,CHG011,0,"Scenario CHG011: Direct, dependency or module association"
T0729,CHG011,0,"Scenario CHG011: Direct, dependency or module association"
T0730,CHG011,0,"Scenario CHG011: Direct, dependency or module association"
T0731,CHG011,0,"Scenario CHG011: Direct, dependency or module association"
T0732,CHG011,0,"Scenario CHG011: Direct, dependency or module association"
T0733,CHG011,0,"Scenario CHG011: Direct, dependency or module association"
T0734,CHG011,0,"Scenario CHG011: Direct, dependency or module association"
T0735,CHG011,0,"Scenario CHG011: Direct, dependency or module association"
T0736,CHG011,0,"Scenario CHG011: Direct, dependency or module association"
T0737,CHG011,0,"Scenario CHG011: Direct, dependency or module association"
T0738,CHG011,1,"Scenario CHG011: Direct, dependency or module association"
T0739,CHG011,0,"Scenario CHG011: Direct, dependency or module association"
T0740,CHG011,0,"Scenario CHG011: Direct, dependency or module association"
T0741,CHG011,0,"Scenario CHG011: Direct, dependency or module association"
T0742,CHG011,0,"Scenario CHG011: Direct, dependency or module association"
T0743,CHG011,0,"Scenario CHG011: Direct, dependency or module association"
T0744,CHG011,0,"Scenario CHG011: Direct, dependency or module association"
T0745,CHG011,0,"Scenario CHG011: Direct, dependency or module association"
T0746,CHG011,0,"Scenario CHG011: Direct, dependency or module association"
T0747,CHG011,0,"Scenario CHG011: Direct, dependency or module association"
T0748,CHG011,0,"Scenario CHG011: Direct, dependency or module association"
T0749,CHG011,0,"Scenario CHG011: Direct, dependency or module association"
T0750,CHG011,1,"Scenario CHG011: Direct, dependency or module association"
T0751,CHG011,0,"Scenario CHG011: Direct, dependency or module association"
T0752,CHG011,0,"Scenario CHG011: Direct, dependency or module association"
T0753,CHG011,0,"Scenario CHG011: Direct, dependency or module association"
T0754,CHG011,0,"Scenario CHG011: Direct, dependency or module association"
T0755,CHG011,0,"Scenario CHG011: Direct, dependency or module association"
T0756,CHG011,0,"Scenario CHG011: Direct, dependency or module association"
T0757,CHG011,0,"Scenario CHG011: Direct, dependency or module association"
T0758,CHG011,0,"Scenario CHG011: Direct, dependency or module association"
T0759,CHG011,0,"Scenario CHG011: Direct, dependency or module association"
T0760,CHG011,0,"Scenario CHG011: Direct, dependency or module association"
T0761,CHG011,0,"Scenario CHG011: Direct, dependency or module association"
T0762,CHG011,0,"Scenario CHG011: Direct, dependency or module association"
T0763,CHG011,0,"Scenario CHG011: Direct, dependency or module association"
T0764,CHG011,0,"Scenario CHG011: Direct, dependency or module association"
T0765,CHG011,0,"Scenario CHG011: Direct, dependency or module association"
T0766,CHG011,0,"Scenario CHG011: Direct, dependency or module association"
T0767,CHG011,0,"Scenario CHG011: Direct, dependency or module association"
T0768,CHG011,0,"Scenario CHG011: Direct, dependency or module association"
T0769,CHG011,0,"Scenario CHG011: Direct, dependency or module association"
T0770,CHG011,0,"Scenario CHG011: Direct, dependency or module association"
T0771,CHG011,0,"Scenario CHG011: Direct, dependency or module association"
T0772,CHG011,0,"Scenario CHG011: Direct, dependency or module association"
T0773,CHG011,0,"Scenario CHG011: Direct, dependency or module association"
T0774,CHG011,0,"Scenario CHG011: Direct, dependency or module association"
T0775,CHG011,1,"Scenario CHG011: Direct, dependency or module association"
T0776,CHG011,0,"Scenario CHG011: Direct, dependency or module association"
T0777,CHG011,0,"Scenario CHG011: Direct, dependency or module association"
T0778,CHG011,0,"Scenario CHG011: Direct, dependency or module association"
T0779,CHG011,1,"Scenario CHG011: Direct, dependency or module association"
T0780,CHG011,0,"Scenario CHG011: Direct, dependency or module association"
T0781,CHG011,0,"Scenario CHG011: Direct, dependency or module association"
T0782,CHG011,0,"Scenario CHG011: Direct, dependency or module association"
T0783,CHG011,1,"Scenario CHG011: Direct, dependency or module association"
T0784,CHG011,0,"Scenario CHG011: Direct, dependency or module association"
T0785,CHG011,0,"Scenario CHG011: Direct, dependency or module association"
T0786,CHG011,0,"Scenario CHG011: Direct, dependency or module association"
T0787,CHG011,0,"Scenario CHG011: Direct, dependency or module association"
T0788,CHG011,0,"Scenario CHG011: Direct, dependency or module association"
T0789,CHG011,0,"Scenario CHG011: Direct, dependency or module association"
T0790,CHG011,0,"Scenario CHG011: Direct, dependency or module association"
T0791,CHG011,0,"Scenario CHG011: Direct, dependency or module association"
T0792,CHG011,0,"Scenario CHG011: Direct, dependency or module association"
T0793,CHG011,0,"Scenario CHG011: Direct, dependency or module association"
T0794,CHG011,0,"Scenario CHG011: Direct, dependency or module association"
T0795,CHG011,0,"Scenario CHG011: Direct, dependency or module association"
T0796,CHG011,0,"Scenario CHG011: Direct, dependency or module association"
T0797,CHG011,0,"Scenario CHG011: Direct, dependency or module association"
T0798,CHG011,0,"Scenario CHG011: Direct, dependency or module association"
T0799,CHG011,0,"Scenario CHG011: Direct, dependency or module association"
T0800,CHG011,0,"Scenario CHG011: Direct, dependency or module association"
T0801,CHG011,0,"Scenario CHG011: Direct, dependency or module association"
T0802,CHG011,0,"Scenario CHG011: Direct, dependency or module association"
T0803,CHG011,0,"Scenario CHG011: Direct, dependency or module association"
T0804,CHG011,0,"Scenario CHG011: Direct, dependency or module association"
T0805,CHG011,0,"Scenario CHG011: Direct, dependency or module association"
T0806,CHG011,0,"Scenario CHG011: Direct, dependency or module association"
T0807,CHG011,0,"Scenario CHG011: Direct, dependency or module association"
T0808,CHG011,1,"Scenario CHG011: Direct, dependency or module association"
T0809,CHG011,0,"Scenario CHG011: Direct, dependency or module association"
T0810,CHG011,0,"Scenario CHG011: Direct, dependency or module association"
T0811,CHG011,0,"Scenario CHG011: Direct, dependency or module association"
T0812,CHG011,1,"Scenario CHG011: Direct, dependency or module association"
T0813,CHG011,0,"Scenario CHG011: Direct, dependency or module association"
T0814,CHG011,0,"Scenario CHG011: Direct, dependency or module association"
T0815,CHG011,0,"Scenario CHG011: Direct, dependency or module association"
T0816,CHG011,0,"Scenario CHG011: Direct, dependency or module association"
T0817,CHG011,0,"Scenario CHG011: Direct, dependency or module association"
T0818,CHG011,0,"Scenario CHG011: Direct, dependency or module association"
T0819,CHG011,0,"Scenario CHG011: Direct, dependency or module association"
T0820,CHG011,0,"Scenario CHG011: Direct, dependency or module association"
T0821,CHG011,0,"Scenario CHG011: Direct, dependency or module association"
T0822,CHG011,1,"Scenario CHG011: Direct, dependency or module association"
T0823,CHG011,0,"Scenario CHG011: Direct, dependency or module association"
T0824,CHG011,0,"Scenario CHG011: Direct, dependency or module association"
T0825,CHG011,0,"Scenario CHG011: Direct, dependency or module association"
T0826,CHG011,0,"Scenario CHG011: Direct, dependency or module association"
T0827,CHG011,0,"Scenario CHG011: Direct, dependency or module association"
T0828,CHG011,0,"Scenario CHG011: Direct, dependency or module association"
T0829,CHG011,0,"Scenario CHG011: Direct, dependency or module association"
T0830,CHG011,0,"Scenario CHG011: Direct, dependency or module association"
T0831,CHG011,0,"Scenario CHG011: Direct, dependency or module association"
T0832,CHG011,0,"Scenario CHG011: Direct, dependency or module association"
T0833,CHG011,0,"Scenario CHG011: Direct, dependency or module association"
T0834,CHG011,0,"Scenario CHG011: Direct, dependency or module association"
T0835,CHG011,0,"Scenario CHG011: Direct, dependency or module association"
T0836,CHG011,0,"Scenario CHG011: Direct, dependency or module association"
T0837,CHG011,0,"Scenario CHG011: Direct, dependency or module association"
T0838,CHG011,0,"Scenario CHG011: Direct, dependency or module association"
T0839,CHG011,0,"Scenario CHG011: Direct, dependency or module association"
T0840,CHG011,0,"Scenario CHG011: Direct, dependency or module association"
T0841,CHG011,0,"Scenario CHG011: Direct, dependency or module association"
T0842,CHG011,0,"Scenario CHG011: Direct, dependency or module association"
T0843,CHG011,0,"Scenario CHG011: Direct, dependency or module association"
T0844,CHG011,0,"Scenario CHG011: Direct, dependency or module association"
T0845,CHG011,0,"Scenario CHG011: Direct, dependency or module association"
T0846,CHG011,0,"Scenario CHG011: Direct, dependency or module association"
T0847,CHG011,0,"Scenario CHG011: Direct, dependency or module association"
T0848,CHG011,0,"Scenario CHG011: Direct, dependency or module association"
T0849,CHG011,0,"Scenario CHG011: Direct, dependency or module association"
T0850,CHG011,0,"Scenario CHG011: Direct, dependency or module association"
T0851,CHG011,0,"Scenario CHG011: Direct, dependency or module association"
T0852,CHG011,0,"Scenario CHG011: Direct, dependency or module association"
T0853,CHG011,0,"Scenario CHG011: Direct, dependency or module association"
T0854,CHG011,0,"Scenario CHG011: Direct, dependency or module association"
T0855,CHG011,0,"Scenario CHG011: Direct, dependency or module association"
T0856,CHG011,0,"Scenario CHG011: Direct, dependency or module association"
T0857,CHG011,0,"Scenario CHG011: Direct, dependency or module association"
T0858,CHG011,1,"Scenario CHG011: Direct, dependency or module association"
T0859,CHG011,0,"Scenario CHG011: Direct, dependency or module association"
T0860,CHG011,0,"Scenario CHG011: Direct, dependency or module association"
T0861,CHG011,0,"Scenario CHG011: Direct, dependency or module association"
T0862,CHG011,0,"Scenario CHG011: Direct, dependency or module association"
T0863,CHG011,0,"Scenario CHG011: Direct, dependency or module association"
T0864,CHG011,0,"Scenario CHG011: Direct, dependency or module association"
T0865,CHG011,0,"Scenario CHG011: Direct, dependency or module association"
T0866,CHG011,0,"Scenario CHG011: Direct, dependency or module association"
T0867,CHG011,0,"Scenario CHG011: Direct, dependency or module association"
T0868,CHG011,0,"Scenario CHG011: Direct, dependency or module association"
T0869,CHG011,0,"Scenario CHG011: Direct, dependency or module association"
T0870,CHG011,0,"Scenario CHG011: Direct, dependency or module association"
T0871,CHG011,0,"Scenario CHG011: Direct, dependency or module association"
T0872,CHG011,0,"Scenario CHG011: Direct, dependency or module association"
T0873,CHG011,0,"Scenario CHG011: Direct, dependency or module association"
T0874,CHG011,0,"Scenario CHG011: Direct, dependency or module association"
T0875,CHG011,0,"Scenario CHG011: Direct, dependency or module association"
T0876,CHG011,0,"Scenario CHG011: Direct, dependency or module association"
T0877,CHG011,0,"Scenario CHG011: Direct, dependency or module association"
T0878,CHG011,0,"Scenario CHG011: Direct, dependency or module association"
T0879,CHG011,0,"Scenario CHG011: Direct, dependency or module association"
T0880,CHG011,0,"Scenario CHG011: Direct, dependency or module association"
T0881,CHG011,0,"Scenario CHG011: Direct, dependency or module association"
T0882,CHG011,0,"Scenario CHG011: Direct, dependency or module association"
T0883,CHG011,0,"Scenario CHG011: Direct, dependency or module association"
T0884,CHG011,0,"Scenario CHG011: Direct, dependency or module association"
T0885,CHG011,0,"Scenario CHG011: Direct, dependency or module association"
T0886,CHG011,1,"Scenario CHG011: Direct, dependency or module association"
T0887,CHG011,0,"Scenario CHG011: Direct, dependency or module association"
T0888,CHG011,0,"Scenario CHG011: Direct, dependency or module association"
T0889,CHG011,0,"Scenario CHG011: Direct, dependency or module association"
T0890,CHG011,0,"Scenario CHG011: Direct, dependency or module association"
T0891,CHG011,0,"Scenario CHG011: Direct, dependency or module association"
T0892,CHG011,0,"Scenario CHG011: Direct, dependency or module association"
T0893,CHG011,0,"Scenario CHG011: Direct, dependency or module association"
T0894,CHG011,0,"Scenario CHG011: Direct, dependency or module association"
T0895,CHG011,0,"Scenario CHG011: Direct, dependency or module association"
T0896,CHG011,1,"Scenario CHG011: Direct, dependency or module association"
T0897,CHG011,0,"Scenario CHG011: Direct, dependency or module association"
T0898,CHG011,0,"Scenario CHG011: Direct, dependency or module association"
T0899,CHG011,0,"Scenario CHG011: Direct, dependency or module association"
T0900,CHG011,0,"Scenario CHG011: Direct, dependency or module association"
T0901,CHG011,0,"Scenario CHG011: Direct, dependency or module association"
T0902,CHG011,0,"Scenario CHG011: Direct, dependency or module association"
T0903,CHG011,0,"Scenario CHG011: Direct, dependency or module association"
T0904,CHG011,0,"Scenario CHG011: Direct, dependency or module association"
T0905,CHG011,0,"Scenario CHG011: Direct, dependency or module association"
T0906,CHG011,0,"Scenario CHG011: Direct, dependency or module association"
T0907,CHG011,0,"Scenario CHG011: Direct, dependency or module association"
T0908,CHG011,0,"Scenario CHG011: Direct, dependency or module association"
T0909,CHG011,0,"Scenario CHG011: Direct, dependency or module association"
T0910,CHG011,0,"Scenario CHG011: Direct, dependency or module association"
T0911,CHG011,0,"Scenario CHG011: Direct, dependency or module association"
T0912,CHG011,0,"Scenario CHG011: Direct, dependency or module association"
T0913,CHG011,0,"Scenario CHG011: Direct, dependency or module association"
T0914,CHG011,0,"Scenario CHG011: Direct, dependency or module association"
T0915,CHG011,0,"Scenario CHG011: Direct, dependency or module association"
T0916,CHG011,0,"Scenario CHG011: Direct, dependency or module association"
T0917,CHG011,0,"Scenario CHG011: Direct, dependency or module association"
T0918,CHG011,0,"Scenario CHG011: Direct, dependency or module association"
T0919,CHG011,0,"Scenario CHG011: Direct, dependency or module association"
T0920,CHG011,0,"Scenario CHG011: Direct, dependency or module association"
T0921,CHG011,0,"Scenario CHG011: Direct, dependency or module association"
T0922,CHG011,0,"Scenario CHG011: Direct, dependency or module association"
T0923,CHG011,0,"Scenario CHG011: Direct, dependency or module association"
T0924,CHG011,1,"Scenario CHG011: Direct, dependency or module association"
T0925,CHG011,0,"Scenario CHG011: Direct, dependency or module association"
T0926,CHG011,0,"Scenario CHG011: Direct, dependency or module association"
T0927,CHG011,0,"Scenario CHG011: Direct, dependency or module association"
T0928,CHG011,0,"Scenario CHG011: Direct, dependency or module association"
T0929,CHG011,0,"Scenario CHG011: Direct, dependency or module association"
T0930,CHG011,1,"Scenario CHG011: Direct, dependency or module association"
T0931,CHG011,0,"Scenario CHG011: Direct, dependency or module association"
T0932,CHG011,0,"Scenario CHG011: Direct, dependency or module association"
T0933,CHG011,0,"Scenario CHG011: Direct, dependency or module association"
T0934,CHG011,0,"Scenario CHG011: Direct, dependency or module association"
T0935,CHG011,0,"Scenario CHG011: Direct, dependency or module association"
T0936,CHG011,1,"Scenario CHG011: Direct, dependency or module association"
T0937,CHG011,0,"Scenario CHG011: Direct, dependency or module association"
T0938,CHG011,0,"Scenario CHG011: Direct, dependency or module association"
T0939,CHG011,0,"Scenario CHG011: Direct, dependency or module association"
T0940,CHG011,0,"Scenario CHG011: Direct, dependency or module association"
T0941,CHG011,1,"Scenario CHG011: Direct, dependency or module association"
T0942,CHG011,0,"Scenario CHG011: Direct, dependency or module association"
T0943,CHG011,0,"Scenario CHG011: Direct, dependency or module association"
T0944,CHG011,0,"Scenario CHG011: Direct, dependency or module association"
T0945,CHG011,0,"Scenario CHG011: Direct, dependency or module association"
T0946,CHG011,0,"Scenario CHG011: Direct, dependency or module association"
T0947,CHG011,0,"Scenario CHG011: Direct, dependency or module association"
T0948,CHG011,0,"Scenario CHG011: Direct, dependency or module association"
T0949,CHG011,0,"Scenario CHG011: Direct, dependency or module association"
T0950,CHG011,1,"Scenario CHG011: Direct, dependency or module association"
T0951,CHG011,0,"Scenario CHG011: Direct, dependency or module association"
T0952,CHG011,0,"Scenario CHG011: Direct, dependency or module association"
T0953,CHG011,0,"Scenario CHG011: Direct, dependency or module association"
T0954,CHG011,0,"Scenario CHG011: Direct, dependency or module association"
T0955,CHG011,0,"Scenario CHG011: Direct, dependency or module association"
T0956,CHG011,0,"Scenario CHG011: Direct, dependency or module association"
T0957,CHG011,1,"Scenario CHG011: Direct, dependency or module association"
T0958,CHG011,0,"Scenario CHG011: Direct, dependency or module association"
T0959,CHG011,0,"Scenario CHG011: Direct, dependency or module association"
T0960,CHG011,0,"Scenario CHG011: Direct, dependency or module association"
T0961,CHG011,0,"Scenario CHG011: Direct, dependency or module association"
T0962,CHG011,0,"Scenario CHG011: Direct, dependency or module association"
T0963,CHG011,0,"Scenario CHG011: Direct, dependency or module association"
T0964,CHG011,0,"Scenario CHG011: Direct, dependency or module association"
T0965,CHG011,0,"Scenario CHG011: Direct, dependency or module association"
T0966,CHG011,1,"Scenario CHG011: Direct, dependency or module association"
T0967,CHG011,0,"Scenario CHG011: Direct, dependency or module association"
T0968,CHG011,0,"Scenario CHG011: Direct, dependency or module association"
T0969,CHG011,0,"Scenario CHG011: Direct, dependency or module association"
T0970,CHG011,0,"Scenario CHG011: Direct, dependency or module association"
T0971,CHG011,0,"Scenario CHG011: Direct, dependency or module association"
T0972,CHG011,0,"Scenario CHG011: Direct, dependency or module association"
T0973,CHG011,0,"Scenario CHG011: Direct, dependency or module association"
T0974,CHG011,0,"Scenario CHG011: Direct, dependency or module association"
T0975,CHG011,1,"Scenario CHG011: Direct, dependency or module association"
T0976,CHG011,0,"Scenario CHG011: Direct, dependency or module association"
T0977,CHG011,0,"Scenario CHG011: Direct, dependency or module association"
T0978,CHG011,0,"Scenario CHG011: Direct, dependency or module association"
T0979,CHG011,0,"Scenario CHG011: Direct, dependency or module association"
T0980,CHG011,0,"Scenario CHG011: Direct, dependency or module association"
T0981,CHG011,0,"Scenario CHG011: Direct, dependency or module association"
T0982,CHG011,0,"Scenario CHG011: Direct, dependency or module association"
T0983,CHG011,0,"Scenario CHG011: Direct, dependency or module association"
T0984,CHG011,0,"Scenario CHG011: Direct, dependency or module association"
T0985,CHG011,0,"Scenario CHG011: Direct, dependency or module association"
T0986,CHG011,0,"Scenario CHG011: Direct, dependency or module association"
T0987,CHG011,0,"Scenario CHG011: Direct, dependency or module association"
T0988,CHG011,0,"Scenario CHG011: Direct, dependency or module association"
T0989,CHG011,0,"Scenario CHG011: Direct, dependency or module association"
T0990,CHG011,0,"Scenario CHG011: Direct, dependency or module association"
T0991,CHG011,0,"Scenario CHG011: Direct, dependency or module association"
T0992,CHG011,0,"Scenario CHG011: Direct, dependency or module association"
T0993,CHG011,0,"Scenario CHG011: Direct, dependency or module association"
T0994,CHG011,0,"Scenario CHG011: Direct, dependency or module association"
T0995,CHG011,0,"Scenario CHG011: Direct, dependency or module association"
T0996,CHG011,0,"Scenario CHG011: Direct, dependency or module association"
T0997,CHG011,0,"Scenario CHG011: Direct, dependency or module association"
T0998,CHG011,0,"Scenario CHG011: Direct, dependency or module association"
T0999,CHG011,0,"Scenario CHG011: Direct, dependency or module association"
T1000,CHG011,0,"Scenario CHG011: Direct, dependency or module association"
T0001,CHG_MULTI,0,"Scenario CHG_MULTI: Direct, dependency or module association"
T0002,CHG_MULTI,1,"Scenario CHG_MULTI: Direct, dependency or module association"
T0003,CHG_MULTI,0,"Scenario CHG_MULTI: Direct, dependency or module association"
T0004,CHG_MULTI,0,"Scenario CHG_MULTI: Direct, dependency or module association"
T0005,CHG_MULTI,0,"Scenario CHG_MULTI: Direct, dependency or module association"
T0006,CHG_MULTI,0,"Scenario CHG_MULTI: Direct, dependency or module association"
T0007,CHG_MULTI,1,"Scenario CHG_MULTI: Direct, dependency or module association"
T0008,CHG_MULTI,0,"Scenario CHG_MULTI: Direct, dependency or module association"
T0009,CHG_MULTI,0,"Scenario CHG_MULTI: Direct, dependency or module association"
T0010,CHG_MULTI,0,"Scenario CHG_MULTI: Direct, dependency or module association"
T0011,CHG_MULTI,1,"Scenario CHG_MULTI: Direct, dependency or module association"
T0012,CHG_MULTI,0,"Scenario CHG_MULTI: Direct, dependency or module association"
T0013,CHG_MULTI,0,"Scenario CHG_MULTI: Direct, dependency or module association"
T0014,CHG_MULTI,0,"Scenario CHG_MULTI: Direct, dependency or module association"
T0015,CHG_MULTI,0,"Scenario CHG_MULTI: Direct, dependency or module association"
T0016,CHG_MULTI,1,"Scenario CHG_MULTI: Direct, dependency or module association"
T0017,CHG_MULTI,0,"Scenario CHG_MULTI: Direct, dependency or module association"
T0018,CHG_MULTI,0,"Scenario CHG_MULTI: Direct, dependency or module association"
T0019,CHG_MULTI,0,"Scenario CHG_MULTI: Direct, dependency or module association"
T0020,CHG_MULTI,0,"Scenario CHG_MULTI: Direct, dependency or module association"
T0021,CHG_MULTI,1,"Scenario CHG_MULTI: Direct, dependency or module association"
T0022,CHG_MULTI,0,"Scenario CHG_MULTI: Direct, dependency or module association"
T0023,CHG_MULTI,0,"Scenario CHG_MULTI: Direct, dependency or module association"
T0024,CHG_MULTI,0,"Scenario CHG_MULTI: Direct, dependency or module association"
T0025,CHG_MULTI,1,"Scenario CHG_MULTI: Direct, dependency or module association"
T0026,CHG_MULTI,0,"Scenario CHG_MULTI: Direct, dependency or module association"
T0027,CHG_MULTI,0,"Scenario CHG_MULTI: Direct, dependency or module association"
T0028,CHG_MULTI,0,"Scenario CHG_MULTI: Direct, dependency or module association"
T0029,CHG_MULTI,0,"Scenario CHG_MULTI: Direct, dependency or module association"
T0030,CHG_MULTI,1,"Scenario CHG_MULTI: Direct, dependency or module association"
T0031,CHG_MULTI,0,"Scenario CHG_MULTI: Direct, dependency or module association"
T0032,CHG_MULTI,0,"Scenario CHG_MULTI: Direct, dependency or module association"
T0033,CHG_MULTI,0,"Scenario CHG_MULTI: Direct, dependency or module association"
T0034,CHG_MULTI,1,"Scenario CHG_MULTI: Direct, dependency or module association"
T0035,CHG_MULTI,0,"Scenario CHG_MULTI: Direct, dependency or module association"
T0036,CHG_MULTI,0,"Scenario CHG_MULTI: Direct, dependency or module association"
T0037,CHG_MULTI,1,"Scenario CHG_MULTI: Direct, dependency or module association"
T0038,CHG_MULTI,1,"Scenario CHG_MULTI: Direct, dependency or module association"
T0039,CHG_MULTI,0,"Scenario CHG_MULTI: Direct, dependency or module association"
T0040,CHG_MULTI,0,"Scenario CHG_MULTI: Direct, dependency or module association"
T0041,CHG_MULTI,0,"Scenario CHG_MULTI: Direct, dependency or module association"
T0042,CHG_MULTI,0,"Scenario CHG_MULTI: Direct, dependency or module association"
T0043,CHG_MULTI,1,"Scenario CHG_MULTI: Direct, dependency or module association"
T0044,CHG_MULTI,1,"Scenario CHG_MULTI: Direct, dependency or module association"
T0045,CHG_MULTI,0,"Scenario CHG_MULTI: Direct, dependency or module association"
T0046,CHG_MULTI,0,"Scenario CHG_MULTI: Direct, dependency or module association"
T0047,CHG_MULTI,0,"Scenario CHG_MULTI: Direct, dependency or module association"
T0048,CHG_MULTI,0,"Scenario CHG_MULTI: Direct, dependency or module association"
T0049,CHG_MULTI,1,"Scenario CHG_MULTI: Direct, dependency or module association"
T0050,CHG_MULTI,1,"Scenario CHG_MULTI: Direct, dependency or module association"
T0051,CHG_MULTI,0,"Scenario CHG_MULTI: Direct, dependency or module association"
T0052,CHG_MULTI,0,"Scenario CHG_MULTI: Direct, dependency or module association"
T0053,CHG_MULTI,0,"Scenario CHG_MULTI: Direct, dependency or module association"
T0054,CHG_MULTI,1,"Scenario CHG_MULTI: Direct, dependency or module association"
T0055,CHG_MULTI,1,"Scenario CHG_MULTI: Direct, dependency or module association"
T0056,CHG_MULTI,0,"Scenario CHG_MULTI: Direct, dependency or module association"
T0057,CHG_MULTI,0,"Scenario CHG_MULTI: Direct, dependency or module association"
T0058,CHG_MULTI,1,"Scenario CHG_MULTI: Direct, dependency or module association"
T0059,CHG_MULTI,1,"Scenario CHG_MULTI: Direct, dependency or module association"
T0060,CHG_MULTI,1,"Scenario CHG_MULTI: Direct, dependency or module association"
T0061,CHG_MULTI,0,"Scenario CHG_MULTI: Direct, dependency or module association"
T0062,CHG_MULTI,0,"Scenario CHG_MULTI: Direct, dependency or module association"
T0063,CHG_MULTI,0,"Scenario CHG_MULTI: Direct, dependency or module association"
T0064,CHG_MULTI,0,"Scenario CHG_MULTI: Direct, dependency or module association"
T0065,CHG_MULTI,0,"Scenario CHG_MULTI: Direct, dependency or module association"
T0066,CHG_MULTI,1,"Scenario CHG_MULTI: Direct, dependency or module association"
T0067,CHG_MULTI,0,"Scenario CHG_MULTI: Direct, dependency or module association"
T0068,CHG_MULTI,0,"Scenario CHG_MULTI: Direct, dependency or module association"
T0069,CHG_MULTI,0,"Scenario CHG_MULTI: Direct, dependency or module association"
T0070,CHG_MULTI,0,"Scenario CHG_MULTI: Direct, dependency or module association"
T0071,CHG_MULTI,0,"Scenario CHG_MULTI: Direct, dependency or module association"
T0072,CHG_MULTI,0,"Scenario CHG_MULTI: Direct, dependency or module association"
T0073,CHG_MULTI,0,"Scenario CHG_MULTI: Direct, dependency or module association"
T0074,CHG_MULTI,0,"Scenario CHG_MULTI: Direct, dependency or module association"
T0075,CHG_MULTI,0,"Scenario CHG_MULTI: Direct, dependency or module association"
T0076,CHG_MULTI,1,"Scenario CHG_MULTI: Direct, dependency or module association"
T0077,CHG_MULTI,1,"Scenario CHG_MULTI: Direct, dependency or module association"
T0078,CHG_MULTI,0,"Scenario CHG_MULTI: Direct, dependency or module association"
T0079,CHG_MULTI,0,"Scenario CHG_MULTI: Direct, dependency or module association"
T0080,CHG_MULTI,0,"Scenario CHG_MULTI: Direct, dependency or module association"
T0081,CHG_MULTI,0,"Scenario CHG_MULTI: Direct, dependency or module association"
T0082,CHG_MULTI,0,"Scenario CHG_MULTI: Direct, dependency or module association"
T0083,CHG_MULTI,0,"Scenario CHG_MULTI: Direct, dependency or module association"
T0084,CHG_MULTI,0,"Scenario CHG_MULTI: Direct, dependency or module association"
T0085,CHG_MULTI,0,"Scenario CHG_MULTI: Direct, dependency or module association"
T0086,CHG_MULTI,0,"Scenario CHG_MULTI: Direct, dependency or module association"
T0087,CHG_MULTI,0,"Scenario CHG_MULTI: Direct, dependency or module association"
T0088,CHG_MULTI,0,"Scenario CHG_MULTI: Direct, dependency or module association"
T0089,CHG_MULTI,1,"Scenario CHG_MULTI: Direct, dependency or module association"
T0090,CHG_MULTI,0,"Scenario CHG_MULTI: Direct, dependency or module association"
T0091,CHG_MULTI,0,"Scenario CHG_MULTI: Direct, dependency or module association"
T0092,CHG_MULTI,0,"Scenario CHG_MULTI: Direct, dependency or module association"
T0093,CHG_MULTI,0,"Scenario CHG_MULTI: Direct, dependency or module association"
T0094,CHG_MULTI,1,"Scenario CHG_MULTI: Direct, dependency or module association"
T0095,CHG_MULTI,0,"Scenario CHG_MULTI: Direct, dependency or module association"
T0096,CHG_MULTI,0,"Scenario CHG_MULTI: Direct, dependency or module association"
T0097,CHG_MULTI,0,"Scenario CHG_MULTI: Direct, dependency or module association"
T0098,CHG_MULTI,1,"Scenario CHG_MULTI: Direct, dependency or module association"
T0099,CHG_MULTI,0,"Scenario CHG_MULTI: Direct, dependency or module association"
T0100,CHG_MULTI,0,"Scenario CHG_MULTI: Direct, dependency or module association"
T0101,CHG_MULTI,0,"Scenario CHG_MULTI: Direct, dependency or module association"
T0102,CHG_MULTI,0,"Scenario CHG_MULTI: Direct, dependency or module association"
T0103,CHG_MULTI,0,"Scenario CHG_MULTI: Direct, dependency or module association"
T0104,CHG_MULTI,1,"Scenario CHG_MULTI: Direct, dependency or module association"
T0105,CHG_MULTI,1,"Scenario CHG_MULTI: Direct, dependency or module association"
T0106,CHG_MULTI,0,"Scenario CHG_MULTI: Direct, dependency or module association"
T0107,CHG_MULTI,0,"Scenario CHG_MULTI: Direct, dependency or module association"
T0108,CHG_MULTI,0,"Scenario CHG_MULTI: Direct, dependency or module association"
T0109,CHG_MULTI,0,"Scenario CHG_MULTI: Direct, dependency or module association"
T0110,CHG_MULTI,1,"Scenario CHG_MULTI: Direct, dependency or module association"
T0111,CHG_MULTI,0,"Scenario CHG_MULTI: Direct, dependency or module association"
T0112,CHG_MULTI,0,"Scenario CHG_MULTI: Direct, dependency or module association"
T0113,CHG_MULTI,0,"Scenario CHG_MULTI: Direct, dependency or module association"
T0114,CHG_MULTI,1,"Scenario CHG_MULTI: Direct, dependency or module association"
T0115,CHG_MULTI,1,"Scenario CHG_MULTI: Direct, dependency or module association"
T0116,CHG_MULTI,0,"Scenario CHG_MULTI: Direct, dependency or module association"
T0117,CHG_MULTI,0,"Scenario CHG_MULTI: Direct, dependency or module association"
T0118,CHG_MULTI,0,"Scenario CHG_MULTI: Direct, dependency or module association"
T0119,CHG_MULTI,0,"Scenario CHG_MULTI: Direct, dependency or module association"
T0120,CHG_MULTI,0,"Scenario CHG_MULTI: Direct, dependency or module association"
T0121,CHG_MULTI,0,"Scenario CHG_MULTI: Direct, dependency or module association"
T0122,CHG_MULTI,0,"Scenario CHG_MULTI: Direct, dependency or module association"
T0123,CHG_MULTI,0,"Scenario CHG_MULTI: Direct, dependency or module association"
T0124,CHG_MULTI,1,"Scenario CHG_MULTI: Direct, dependency or module association"
T0125,CHG_MULTI,0,"Scenario CHG_MULTI: Direct, dependency or module association"
T0126,CHG_MULTI,0,"Scenario CHG_MULTI: Direct, dependency or module association"
T0127,CHG_MULTI,0,"Scenario CHG_MULTI: Direct, dependency or module association"
T0128,CHG_MULTI,0,"Scenario CHG_MULTI: Direct, dependency or module association"
T0129,CHG_MULTI,0,"Scenario CHG_MULTI: Direct, dependency or module association"
T0130,CHG_MULTI,0,"Scenario CHG_MULTI: Direct, dependency or module association"
T0131,CHG_MULTI,1,"Scenario CHG_MULTI: Direct, dependency or module association"
T0132,CHG_MULTI,0,"Scenario CHG_MULTI: Direct, dependency or module association"
T0133,CHG_MULTI,0,"Scenario CHG_MULTI: Direct, dependency or module association"
T0134,CHG_MULTI,0,"Scenario CHG_MULTI: Direct, dependency or module association"
T0135,CHG_MULTI,1,"Scenario CHG_MULTI: Direct, dependency or module association"
T0136,CHG_MULTI,0,"Scenario CHG_MULTI: Direct, dependency or module association"
T0137,CHG_MULTI,0,"Scenario CHG_MULTI: Direct, dependency or module association"
T0138,CHG_MULTI,1,"Scenario CHG_MULTI: Direct, dependency or module association"
T0139,CHG_MULTI,0,"Scenario CHG_MULTI: Direct, dependency or module association"
T0140,CHG_MULTI,0,"Scenario CHG_MULTI: Direct, dependency or module association"
T0141,CHG_MULTI,0,"Scenario CHG_MULTI: Direct, dependency or module association"
T0142,CHG_MULTI,0,"Scenario CHG_MULTI: Direct, dependency or module association"
T0143,CHG_MULTI,0,"Scenario CHG_MULTI: Direct, dependency or module association"
T0144,CHG_MULTI,1,"Scenario CHG_MULTI: Direct, dependency or module association"
T0145,CHG_MULTI,0,"Scenario CHG_MULTI: Direct, dependency or module association"
T0146,CHG_MULTI,0,"Scenario CHG_MULTI: Direct, dependency or module association"
T0147,CHG_MULTI,0,"Scenario CHG_MULTI: Direct, dependency or module association"
T0148,CHG_MULTI,1,"Scenario CHG_MULTI: Direct, dependency or module association"
T0149,CHG_MULTI,0,"Scenario CHG_MULTI: Direct, dependency or module association"
T0150,CHG_MULTI,0,"Scenario CHG_MULTI: Direct, dependency or module association"
T0151,CHG_MULTI,0,"Scenario CHG_MULTI: Direct, dependency or module association"
T0152,CHG_MULTI,0,"Scenario CHG_MULTI: Direct, dependency or module association"
T0153,CHG_MULTI,0,"Scenario CHG_MULTI: Direct, dependency or module association"
T0154,CHG_MULTI,1,"Scenario CHG_MULTI: Direct, dependency or module association"
T0155,CHG_MULTI,0,"Scenario CHG_MULTI: Direct, dependency or module association"
T0156,CHG_MULTI,0,"Scenario CHG_MULTI: Direct, dependency or module association"
T0157,CHG_MULTI,0,"Scenario CHG_MULTI: Direct, dependency or module association"
T0158,CHG_MULTI,0,"Scenario CHG_MULTI: Direct, dependency or module association"
T0159,CHG_MULTI,0,"Scenario CHG_MULTI: Direct, dependency or module association"
T0160,CHG_MULTI,0,"Scenario CHG_MULTI: Direct, dependency or module association"
T0161,CHG_MULTI,0,"Scenario CHG_MULTI: Direct, dependency or module association"
T0162,CHG_MULTI,0,"Scenario CHG_MULTI: Direct, dependency or module association"
T0163,CHG_MULTI,0,"Scenario CHG_MULTI: Direct, dependency or module association"
T0164,CHG_MULTI,0,"Scenario CHG_MULTI: Direct, dependency or module association"
T0165,CHG_MULTI,0,"Scenario CHG_MULTI: Direct, dependency or module association"
T0166,CHG_MULTI,0,"Scenario CHG_MULTI: Direct, dependency or module association"
T0167,CHG_MULTI,0,"Scenario CHG_MULTI: Direct, dependency or module association"
T0168,CHG_MULTI,0,"Scenario CHG_MULTI: Direct, dependency or module association"
T0169,CHG_MULTI,0,"Scenario CHG_MULTI: Direct, dependency or module association"
T0170,CHG_MULTI,0,"Scenario CHG_MULTI: Direct, dependency or module association"
T0171,CHG_MULTI,0,"Scenario CHG_MULTI: Direct, dependency or module association"
T0172,CHG_MULTI,0,"Scenario CHG_MULTI: Direct, dependency or module association"
T0173,CHG_MULTI,0,"Scenario CHG_MULTI: Direct, dependency or module association"
T0174,CHG_MULTI,0,"Scenario CHG_MULTI: Direct, dependency or module association"
T0175,CHG_MULTI,1,"Scenario CHG_MULTI: Direct, dependency or module association"
T0176,CHG_MULTI,0,"Scenario CHG_MULTI: Direct, dependency or module association"
T0177,CHG_MULTI,0,"Scenario CHG_MULTI: Direct, dependency or module association"
T0178,CHG_MULTI,0,"Scenario CHG_MULTI: Direct, dependency or module association"
T0179,CHG_MULTI,0,"Scenario CHG_MULTI: Direct, dependency or module association"
T0180,CHG_MULTI,0,"Scenario CHG_MULTI: Direct, dependency or module association"
T0181,CHG_MULTI,0,"Scenario CHG_MULTI: Direct, dependency or module association"
T0182,CHG_MULTI,0,"Scenario CHG_MULTI: Direct, dependency or module association"
T0183,CHG_MULTI,0,"Scenario CHG_MULTI: Direct, dependency or module association"
T0184,CHG_MULTI,1,"Scenario CHG_MULTI: Direct, dependency or module association"
T0185,CHG_MULTI,0,"Scenario CHG_MULTI: Direct, dependency or module association"
T0186,CHG_MULTI,0,"Scenario CHG_MULTI: Direct, dependency or module association"
T0187,CHG_MULTI,0,"Scenario CHG_MULTI: Direct, dependency or module association"
T0188,CHG_MULTI,0,"Scenario CHG_MULTI: Direct, dependency or module association"
T0189,CHG_MULTI,1,"Scenario CHG_MULTI: Direct, dependency or module association"
T0190,CHG_MULTI,0,"Scenario CHG_MULTI: Direct, dependency or module association"
T0191,CHG_MULTI,0,"Scenario CHG_MULTI: Direct, dependency or module association"
T0192,CHG_MULTI,1,"Scenario CHG_MULTI: Direct, dependency or module association"
T0193,CHG_MULTI,0,"Scenario CHG_MULTI: Direct, dependency or module association"
T0194,CHG_MULTI,0,"Scenario CHG_MULTI: Direct, dependency or module association"
T0195,CHG_MULTI,0,"Scenario CHG_MULTI: Direct, dependency or module association"
T0196,CHG_MULTI,1,"Scenario CHG_MULTI: Direct, dependency or module association"
T0197,CHG_MULTI,0,"Scenario CHG_MULTI: Direct, dependency or module association"
T0198,CHG_MULTI,0,"Scenario CHG_MULTI: Direct, dependency or module association"
T0199,CHG_MULTI,0,"Scenario CHG_MULTI: Direct, dependency or module association"
T0200,CHG_MULTI,0,"Scenario CHG_MULTI: Direct, dependency or module association"
T0201,CHG_MULTI,0,"Scenario CHG_MULTI: Direct, dependency or module association"
T0202,CHG_MULTI,0,"Scenario CHG_MULTI: Direct, dependency or module association"
T0203,CHG_MULTI,0,"Scenario CHG_MULTI: Direct, dependency or module association"
T0204,CHG_MULTI,0,"Scenario CHG_MULTI: Direct, dependency or module association"
T0205,CHG_MULTI,0,"Scenario CHG_MULTI: Direct, dependency or module association"
T0206,CHG_MULTI,1,"Scenario CHG_MULTI: Direct, dependency or module association"
T0207,CHG_MULTI,0,"Scenario CHG_MULTI: Direct, dependency or module association"
T0208,CHG_MULTI,0,"Scenario CHG_MULTI: Direct, dependency or module association"
T0209,CHG_MULTI,0,"Scenario CHG_MULTI: Direct, dependency or module association"
T0210,CHG_MULTI,0,"Scenario CHG_MULTI: Direct, dependency or module association"
T0211,CHG_MULTI,1,"Scenario CHG_MULTI: Direct, dependency or module association"
T0212,CHG_MULTI,0,"Scenario CHG_MULTI: Direct, dependency or module association"
T0213,CHG_MULTI,0,"Scenario CHG_MULTI: Direct, dependency or module association"
T0214,CHG_MULTI,1,"Scenario CHG_MULTI: Direct, dependency or module association"
T0215,CHG_MULTI,0,"Scenario CHG_MULTI: Direct, dependency or module association"
T0216,CHG_MULTI,0,"Scenario CHG_MULTI: Direct, dependency or module association"
T0217,CHG_MULTI,0,"Scenario CHG_MULTI: Direct, dependency or module association"
T0218,CHG_MULTI,0,"Scenario CHG_MULTI: Direct, dependency or module association"
T0219,CHG_MULTI,0,"Scenario CHG_MULTI: Direct, dependency or module association"
T0220,CHG_MULTI,0,"Scenario CHG_MULTI: Direct, dependency or module association"
T0221,CHG_MULTI,0,"Scenario CHG_MULTI: Direct, dependency or module association"
T0222,CHG_MULTI,1,"Scenario CHG_MULTI: Direct, dependency or module association"
T0223,CHG_MULTI,0,"Scenario CHG_MULTI: Direct, dependency or module association"
T0224,CHG_MULTI,1,"Scenario CHG_MULTI: Direct, dependency or module association"
T0225,CHG_MULTI,0,"Scenario CHG_MULTI: Direct, dependency or module association"
T0226,CHG_MULTI,0,"Scenario CHG_MULTI: Direct, dependency or module association"
T0227,CHG_MULTI,0,"Scenario CHG_MULTI: Direct, dependency or module association"
T0228,CHG_MULTI,0,"Scenario CHG_MULTI: Direct, dependency or module association"
T0229,CHG_MULTI,0,"Scenario CHG_MULTI: Direct, dependency or module association"
T0230,CHG_MULTI,0,"Scenario CHG_MULTI: Direct, dependency or module association"
T0231,CHG_MULTI,0,"Scenario CHG_MULTI: Direct, dependency or module association"
T0232,CHG_MULTI,1,"Scenario CHG_MULTI: Direct, dependency or module association"
T0233,CHG_MULTI,0,"Scenario CHG_MULTI: Direct, dependency or module association"
T0234,CHG_MULTI,0,"Scenario CHG_MULTI: Direct, dependency or module association"
T0235,CHG_MULTI,0,"Scenario CHG_MULTI: Direct, dependency or module association"
T0236,CHG_MULTI,0,"Scenario CHG_MULTI: Direct, dependency or module association"
T0237,CHG_MULTI,0,"Scenario CHG_MULTI: Direct, dependency or module association"
T0238,CHG_MULTI,0,"Scenario CHG_MULTI: Direct, dependency or module association"
T0239,CHG_MULTI,1,"Scenario CHG_MULTI: Direct, dependency or module association"
T0240,CHG_MULTI,0,"Scenario CHG_MULTI: Direct, dependency or module association"
T0241,CHG_MULTI,0,"Scenario CHG_MULTI: Direct, dependency or module association"
T0242,CHG_MULTI,0,"Scenario CHG_MULTI: Direct, dependency or module association"
T0243,CHG_MULTI,0,"Scenario CHG_MULTI: Direct, dependency or module association"
T0244,CHG_MULTI,1,"Scenario CHG_MULTI: Direct, dependency or module association"
T0245,CHG_MULTI,0,"Scenario CHG_MULTI: Direct, dependency or module association"
T0246,CHG_MULTI,0,"Scenario CHG_MULTI: Direct, dependency or module association"
T0247,CHG_MULTI,1,"Scenario CHG_MULTI: Direct, dependency or module association"
T0248,CHG_MULTI,0,"Scenario CHG_MULTI: Direct, dependency or module association"
T0249,CHG_MULTI,0,"Scenario CHG_MULTI: Direct, dependency or module association"
T0250,CHG_MULTI,0,"Scenario CHG_MULTI: Direct, dependency or module association"
T0251,CHG_MULTI,0,"Scenario CHG_MULTI: Direct, dependency or module association"
T0252,CHG_MULTI,0,"Scenario CHG_MULTI: Direct, dependency or module association"
T0253,CHG_MULTI,0,"Scenario CHG_MULTI: Direct, dependency or module association"
T0254,CHG_MULTI,0,"Scenario CHG_MULTI: Direct, dependency or module association"
T0255,CHG_MULTI,0,"Scenario CHG_MULTI: Direct, dependency or module association"
T0256,CHG_MULTI,0,"Scenario CHG_MULTI: Direct, dependency or module association"
T0257,CHG_MULTI,0,"Scenario CHG_MULTI: Direct, dependency or module association"
T0258,CHG_MULTI,0,"Scenario CHG_MULTI: Direct, dependency or module association"
T0259,CHG_MULTI,0,"Scenario CHG_MULTI: Direct, dependency or module association"
T0260,CHG_MULTI,0,"Scenario CHG_MULTI: Direct, dependency or module association"
T0261,CHG_MULTI,1,"Scenario CHG_MULTI: Direct, dependency or module association"
T0262,CHG_MULTI,0,"Scenario CHG_MULTI: Direct, dependency or module association"
T0263,CHG_MULTI,0,"Scenario CHG_MULTI: Direct, dependency or module association"
T0264,CHG_MULTI,1,"Scenario CHG_MULTI: Direct, dependency or module association"
T0265,CHG_MULTI,0,"Scenario CHG_MULTI: Direct, dependency or module association"
T0266,CHG_MULTI,0,"Scenario CHG_MULTI: Direct, dependency or module association"
T0267,CHG_MULTI,1,"Scenario CHG_MULTI: Direct, dependency or module association"
T0268,CHG_MULTI,0,"Scenario CHG_MULTI: Direct, dependency or module association"
T0269,CHG_MULTI,0,"Scenario CHG_MULTI: Direct, dependency or module association"
T0270,CHG_MULTI,0,"Scenario CHG_MULTI: Direct, dependency or module association"
T0271,CHG_MULTI,1,"Scenario CHG_MULTI: Direct, dependency or module association"
T0272,CHG_MULTI,1,"Scenario CHG_MULTI: Direct, dependency or module association"
T0273,CHG_MULTI,0,"Scenario CHG_MULTI: Direct, dependency or module association"
T0274,CHG_MULTI,0,"Scenario CHG_MULTI: Direct, dependency or module association"
T0275,CHG_MULTI,1,"Scenario CHG_MULTI: Direct, dependency or module association"
T0276,CHG_MULTI,0,"Scenario CHG_MULTI: Direct, dependency or module association"
T0277,CHG_MULTI,0,"Scenario CHG_MULTI: Direct, dependency or module association"
T0278,CHG_MULTI,1,"Scenario CHG_MULTI: Direct, dependency or module association"
T0279,CHG_MULTI,0,"Scenario CHG_MULTI: Direct, dependency or module association"
T0280,CHG_MULTI,0,"Scenario CHG_MULTI: Direct, dependency or module association"
T0281,CHG_MULTI,0,"Scenario CHG_MULTI: Direct, dependency or module association"
T0282,CHG_MULTI,0,"Scenario CHG_MULTI: Direct, dependency or module association"
T0283,CHG_MULTI,0,"Scenario CHG_MULTI: Direct, dependency or module association"
T0284,CHG_MULTI,1,"Scenario CHG_MULTI: Direct, dependency or module association"
T0285,CHG_MULTI,0,"Scenario CHG_MULTI: Direct, dependency or module association"
T0286,CHG_MULTI,1,"Scenario CHG_MULTI: Direct, dependency or module association"
T0287,CHG_MULTI,1,"Scenario CHG_MULTI: Direct, dependency or module association"
T0288,CHG_MULTI,0,"Scenario CHG_MULTI: Direct, dependency or module association"
T0289,CHG_MULTI,1,"Scenario CHG_MULTI: Direct, dependency or module association"
T0290,CHG_MULTI,0,"Scenario CHG_MULTI: Direct, dependency or module association"
T0291,CHG_MULTI,0,"Scenario CHG_MULTI: Direct, dependency or module association"
T0292,CHG_MULTI,0,"Scenario CHG_MULTI: Direct, dependency or module association"
T0293,CHG_MULTI,1,"Scenario CHG_MULTI: Direct, dependency or module association"
T0294,CHG_MULTI,0,"Scenario CHG_MULTI: Direct, dependency or module association"
T0295,CHG_MULTI,0,"Scenario CHG_MULTI: Direct, dependency or module association"
T0296,CHG_MULTI,0,"Scenario CHG_MULTI: Direct, dependency or module association"
T0297,CHG_MULTI,0,"Scenario CHG_MULTI: Direct, dependency or module association"
T0298,CHG_MULTI,0,"Scenario CHG_MULTI: Direct, dependency or module association"
T0299,CHG_MULTI,0,"Scenario CHG_MULTI: Direct, dependency or module association"
T0300,CHG_MULTI,1,"Scenario CHG_MULTI: Direct, dependency or module association"
T0301,CHG_MULTI,0,"Scenario CHG_MULTI: Direct, dependency or module association"
T0302,CHG_MULTI,0,"Scenario CHG_MULTI: Direct, dependency or module association"
T0303,CHG_MULTI,0,"Scenario CHG_MULTI: Direct, dependency or module association"
T0304,CHG_MULTI,0,"Scenario CHG_MULTI: Direct, dependency or module association"
T0305,CHG_MULTI,0,"Scenario CHG_MULTI: Direct, dependency or module association"
T0306,CHG_MULTI,1,"Scenario CHG_MULTI: Direct, dependency or module association"
T0307,CHG_MULTI,0,"Scenario CHG_MULTI: Direct, dependency or module association"
T0308,CHG_MULTI,0,"Scenario CHG_MULTI: Direct, dependency or module association"
T0309,CHG_MULTI,0,"Scenario CHG_MULTI: Direct, dependency or module association"
T0310,CHG_MULTI,0,"Scenario CHG_MULTI: Direct, dependency or module association"
T0311,CHG_MULTI,0,"Scenario CHG_MULTI: Direct, dependency or module association"
T0312,CHG_MULTI,1,"Scenario CHG_MULTI: Direct, dependency or module association"
T0313,CHG_MULTI,0,"Scenario CHG_MULTI: Direct, dependency or module association"
T0314,CHG_MULTI,0,"Scenario CHG_MULTI: Direct, dependency or module association"
T0315,CHG_MULTI,0,"Scenario CHG_MULTI: Direct, dependency or module association"
T0316,CHG_MULTI,0,"Scenario CHG_MULTI: Direct, dependency or module association"
T0317,CHG_MULTI,0,"Scenario CHG_MULTI: Direct, dependency or module association"
T0318,CHG_MULTI,1,"Scenario CHG_MULTI: Direct, dependency or module association"
T0319,CHG_MULTI,1,"Scenario CHG_MULTI: Direct, dependency or module association"
T0320,CHG_MULTI,0,"Scenario CHG_MULTI: Direct, dependency or module association"
T0321,CHG_MULTI,0,"Scenario CHG_MULTI: Direct, dependency or module association"
T0322,CHG_MULTI,0,"Scenario CHG_MULTI: Direct, dependency or module association"
T0323,CHG_MULTI,0,"Scenario CHG_MULTI: Direct, dependency or module association"
T0324,CHG_MULTI,0,"Scenario CHG_MULTI: Direct, dependency or module association"
T0325,CHG_MULTI,0,"Scenario CHG_MULTI: Direct, dependency or module association"
T0326,CHG_MULTI,0,"Scenario CHG_MULTI: Direct, dependency or module association"
T0327,CHG_MULTI,0,"Scenario CHG_MULTI: Direct, dependency or module association"
T0328,CHG_MULTI,0,"Scenario CHG_MULTI: Direct, dependency or module association"
T0329,CHG_MULTI,0,"Scenario CHG_MULTI: Direct, dependency or module association"
T0330,CHG_MULTI,1,"Scenario CHG_MULTI: Direct, dependency or module association"
T0331,CHG_MULTI,0,"Scenario CHG_MULTI: Direct, dependency or module association"
T0332,CHG_MULTI,0,"Scenario CHG_MULTI: Direct, dependency or module association"
T0333,CHG_MULTI,0,"Scenario CHG_MULTI: Direct, dependency or module association"
T0334,CHG_MULTI,0,"Scenario CHG_MULTI: Direct, dependency or module association"
T0335,CHG_MULTI,0,"Scenario CHG_MULTI: Direct, dependency or module association"
T0336,CHG_MULTI,1,"Scenario CHG_MULTI: Direct, dependency or module association"
T0337,CHG_MULTI,0,"Scenario CHG_MULTI: Direct, dependency or module association"
T0338,CHG_MULTI,1,"Scenario CHG_MULTI: Direct, dependency or module association"
T0339,CHG_MULTI,0,"Scenario CHG_MULTI: Direct, dependency or module association"
T0340,CHG_MULTI,0,"Scenario CHG_MULTI: Direct, dependency or module association"
T0341,CHG_MULTI,1,"Scenario CHG_MULTI: Direct, dependency or module association"
T0342,CHG_MULTI,0,"Scenario CHG_MULTI: Direct, dependency or module association"
T0343,CHG_MULTI,0,"Scenario CHG_MULTI: Direct, dependency or module association"
T0344,CHG_MULTI,1,"Scenario CHG_MULTI: Direct, dependency or module association"
T0345,CHG_MULTI,1,"Scenario CHG_MULTI: Direct, dependency or module association"
T0346,CHG_MULTI,0,"Scenario CHG_MULTI: Direct, dependency or module association"
T0347,CHG_MULTI,0,"Scenario CHG_MULTI: Direct, dependency or module association"
T0348,CHG_MULTI,0,"Scenario CHG_MULTI: Direct, dependency or module association"
T0349,CHG_MULTI,0,"Scenario CHG_MULTI: Direct, dependency or module association"
T0350,CHG_MULTI,1,"Scenario CHG_MULTI: Direct, dependency or module association"
T0351,CHG_MULTI,1,"Scenario CHG_MULTI: Direct, dependency or module association"
T0352,CHG_MULTI,0,"Scenario CHG_MULTI: Direct, dependency or module association"
T0353,CHG_MULTI,0,"Scenario CHG_MULTI: Direct, dependency or module association"
T0354,CHG_MULTI,0,"Scenario CHG_MULTI: Direct, dependency or module association"
T0355,CHG_MULTI,0,"Scenario CHG_MULTI: Direct, dependency or module association"
T0356,CHG_MULTI,0,"Scenario CHG_MULTI: Direct, dependency or module association"
T0357,CHG_MULTI,0,"Scenario CHG_MULTI: Direct, dependency or module association"
T0358,CHG_MULTI,1,"Scenario CHG_MULTI: Direct, dependency or module association"
T0359,CHG_MULTI,0,"Scenario CHG_MULTI: Direct, dependency or module association"
T0360,CHG_MULTI,0,"Scenario CHG_MULTI: Direct, dependency or module association"
T0361,CHG_MULTI,0,"Scenario CHG_MULTI: Direct, dependency or module association"
T0362,CHG_MULTI,0,"Scenario CHG_MULTI: Direct, dependency or module association"
T0363,CHG_MULTI,0,"Scenario CHG_MULTI: Direct, dependency or module association"
T0364,CHG_MULTI,0,"Scenario CHG_MULTI: Direct, dependency or module association"
T0365,CHG_MULTI,0,"Scenario CHG_MULTI: Direct, dependency or module association"
T0366,CHG_MULTI,0,"Scenario CHG_MULTI: Direct, dependency or module association"
T0367,CHG_MULTI,0,"Scenario CHG_MULTI: Direct, dependency or module association"
T0368,CHG_MULTI,0,"Scenario CHG_MULTI: Direct, dependency or module association"
T0369,CHG_MULTI,0,"Scenario CHG_MULTI: Direct, dependency or module association"
T0370,CHG_MULTI,0,"Scenario CHG_MULTI: Direct, dependency or module association"
T0371,CHG_MULTI,1,"Scenario CHG_MULTI: Direct, dependency or module association"
T0372,CHG_MULTI,0,"Scenario CHG_MULTI: Direct, dependency or module association"
T0373,CHG_MULTI,0,"Scenario CHG_MULTI: Direct, dependency or module association"
T0374,CHG_MULTI,1,"Scenario CHG_MULTI: Direct, dependency or module association"
T0375,CHG_MULTI,0,"Scenario CHG_MULTI: Direct, dependency or module association"
T0376,CHG_MULTI,1,"Scenario CHG_MULTI: Direct, dependency or module association"
T0377,CHG_MULTI,0,"Scenario CHG_MULTI: Direct, dependency or module association"
T0378,CHG_MULTI,1,"Scenario CHG_MULTI: Direct, dependency or module association"
T0379,CHG_MULTI,1,"Scenario CHG_MULTI: Direct, dependency or module association"
T0380,CHG_MULTI,0,"Scenario CHG_MULTI: Direct, dependency or module association"
T0381,CHG_MULTI,1,"Scenario CHG_MULTI: Direct, dependency or module association"
T0382,CHG_MULTI,0,"Scenario CHG_MULTI: Direct, dependency or module association"
T0383,CHG_MULTI,0,"Scenario CHG_MULTI: Direct, dependency or module association"
T0384,CHG_MULTI,0,"Scenario CHG_MULTI: Direct, dependency or module association"
T0385,CHG_MULTI,0,"Scenario CHG_MULTI: Direct, dependency or module association"
T0386,CHG_MULTI,0,"Scenario CHG_MULTI: Direct, dependency or module association"
T0387,CHG_MULTI,0,"Scenario CHG_MULTI: Direct, dependency or module association"
T0388,CHG_MULTI,1,"Scenario CHG_MULTI: Direct, dependency or module association"
T0389,CHG_MULTI,0,"Scenario CHG_MULTI: Direct, dependency or module association"
T0390,CHG_MULTI,0,"Scenario CHG_MULTI: Direct, dependency or module association"
T0391,CHG_MULTI,0,"Scenario CHG_MULTI: Direct, dependency or module association"
T0392,CHG_MULTI,0,"Scenario CHG_MULTI: Direct, dependency or module association"
T0393,CHG_MULTI,0,"Scenario CHG_MULTI: Direct, dependency or module association"
T0394,CHG_MULTI,0,"Scenario CHG_MULTI: Direct, dependency or module association"
T0395,CHG_MULTI,0,"Scenario CHG_MULTI: Direct, dependency or module association"
T0396,CHG_MULTI,0,"Scenario CHG_MULTI: Direct, dependency or module association"
T0397,CHG_MULTI,0,"Scenario CHG_MULTI: Direct, dependency or module association"
T0398,CHG_MULTI,0,"Scenario CHG_MULTI: Direct, dependency or module association"
T0399,CHG_MULTI,0,"Scenario CHG_MULTI: Direct, dependency or module association"
T0400,CHG_MULTI,0,"Scenario CHG_MULTI: Direct, dependency or module association"
T0401,CHG_MULTI,0,"Scenario CHG_MULTI: Direct, dependency or module association"
T0402,CHG_MULTI,1,"Scenario CHG_MULTI: Direct, dependency or module association"
T0403,CHG_MULTI,1,"Scenario CHG_MULTI: Direct, dependency or module association"
T0404,CHG_MULTI,0,"Scenario CHG_MULTI: Direct, dependency or module association"
T0405,CHG_MULTI,0,"Scenario CHG_MULTI: Direct, dependency or module association"
T0406,CHG_MULTI,1,"Scenario CHG_MULTI: Direct, dependency or module association"
T0407,CHG_MULTI,0,"Scenario CHG_MULTI: Direct, dependency or module association"
T0408,CHG_MULTI,0,"Scenario CHG_MULTI: Direct, dependency or module association"
T0409,CHG_MULTI,0,"Scenario CHG_MULTI: Direct, dependency or module association"
T0410,CHG_MULTI,0,"Scenario CHG_MULTI: Direct, dependency or module association"
T0411,CHG_MULTI,0,"Scenario CHG_MULTI: Direct, dependency or module association"
T0412,CHG_MULTI,1,"Scenario CHG_MULTI: Direct, dependency or module association"
T0413,CHG_MULTI,0,"Scenario CHG_MULTI: Direct, dependency or module association"
T0414,CHG_MULTI,1,"Scenario CHG_MULTI: Direct, dependency or module association"
T0415,CHG_MULTI,0,"Scenario CHG_MULTI: Direct, dependency or module association"
T0416,CHG_MULTI,0,"Scenario CHG_MULTI: Direct, dependency or module association"
T0417,CHG_MULTI,0,"Scenario CHG_MULTI: Direct, dependency or module association"
T0418,CHG_MULTI,0,"Scenario CHG_MULTI: Direct, dependency or module association"
T0419,CHG_MULTI,0,"Scenario CHG_MULTI: Direct, dependency or module association"
T0420,CHG_MULTI,0,"Scenario CHG_MULTI: Direct, dependency or module association"
T0421,CHG_MULTI,0,"Scenario CHG_MULTI: Direct, dependency or module association"
T0422,CHG_MULTI,0,"Scenario CHG_MULTI: Direct, dependency or module association"
T0423,CHG_MULTI,0,"Scenario CHG_MULTI: Direct, dependency or module association"
T0424,CHG_MULTI,0,"Scenario CHG_MULTI: Direct, dependency or module association"
T0425,CHG_MULTI,0,"Scenario CHG_MULTI: Direct, dependency or module association"
T0426,CHG_MULTI,0,"Scenario CHG_MULTI: Direct, dependency or module association"
T0427,CHG_MULTI,0,"Scenario CHG_MULTI: Direct, dependency or module association"
T0428,CHG_MULTI,0,"Scenario CHG_MULTI: Direct, dependency or module association"
T0429,CHG_MULTI,0,"Scenario CHG_MULTI: Direct, dependency or module association"
T0430,CHG_MULTI,0,"Scenario CHG_MULTI: Direct, dependency or module association"
T0431,CHG_MULTI,1,"Scenario CHG_MULTI: Direct, dependency or module association"
T0432,CHG_MULTI,0,"Scenario CHG_MULTI: Direct, dependency or module association"
T0433,CHG_MULTI,0,"Scenario CHG_MULTI: Direct, dependency or module association"
T0434,CHG_MULTI,0,"Scenario CHG_MULTI: Direct, dependency or module association"
T0435,CHG_MULTI,0,"Scenario CHG_MULTI: Direct, dependency or module association"
T0436,CHG_MULTI,1,"Scenario CHG_MULTI: Direct, dependency or module association"
T0437,CHG_MULTI,0,"Scenario CHG_MULTI: Direct, dependency or module association"
T0438,CHG_MULTI,0,"Scenario CHG_MULTI: Direct, dependency or module association"
T0439,CHG_MULTI,0,"Scenario CHG_MULTI: Direct, dependency or module association"
T0440,CHG_MULTI,0,"Scenario CHG_MULTI: Direct, dependency or module association"
T0441,CHG_MULTI,0,"Scenario CHG_MULTI: Direct, dependency or module association"
T0442,CHG_MULTI,0,"Scenario CHG_MULTI: Direct, dependency or module association"
T0443,CHG_MULTI,0,"Scenario CHG_MULTI: Direct, dependency or module association"
T0444,CHG_MULTI,0,"Scenario CHG_MULTI: Direct, dependency or module association"
T0445,CHG_MULTI,0,"Scenario CHG_MULTI: Direct, dependency or module association"
T0446,CHG_MULTI,0,"Scenario CHG_MULTI: Direct, dependency or module association"
T0447,CHG_MULTI,0,"Scenario CHG_MULTI: Direct, dependency or module association"
T0448,CHG_MULTI,1,"Scenario CHG_MULTI: Direct, dependency or module association"
T0449,CHG_MULTI,0,"Scenario CHG_MULTI: Direct, dependency or module association"
T0450,CHG_MULTI,1,"Scenario CHG_MULTI: Direct, dependency or module association"
T0451,CHG_MULTI,0,"Scenario CHG_MULTI: Direct, dependency or module association"
T0452,CHG_MULTI,0,"Scenario CHG_MULTI: Direct, dependency or module association"
T0453,CHG_MULTI,0,"Scenario CHG_MULTI: Direct, dependency or module association"
T0454,CHG_MULTI,0,"Scenario CHG_MULTI: Direct, dependency or module association"
T0455,CHG_MULTI,1,"Scenario CHG_MULTI: Direct, dependency or module association"
T0456,CHG_MULTI,0,"Scenario CHG_MULTI: Direct, dependency or module association"
T0457,CHG_MULTI,0,"Scenario CHG_MULTI: Direct, dependency or module association"
T0458,CHG_MULTI,0,"Scenario CHG_MULTI: Direct, dependency or module association"
T0459,CHG_MULTI,0,"Scenario CHG_MULTI: Direct, dependency or module association"
T0460,CHG_MULTI,0,"Scenario CHG_MULTI: Direct, dependency or module association"
T0461,CHG_MULTI,1,"Scenario CHG_MULTI: Direct, dependency or module association"
T0462,CHG_MULTI,0,"Scenario CHG_MULTI: Direct, dependency or module association"
T0463,CHG_MULTI,0,"Scenario CHG_MULTI: Direct, dependency or module association"
T0464,CHG_MULTI,0,"Scenario CHG_MULTI: Direct, dependency or module association"
T0465,CHG_MULTI,1,"Scenario CHG_MULTI: Direct, dependency or module association"
T0466,CHG_MULTI,0,"Scenario CHG_MULTI: Direct, dependency or module association"
T0467,CHG_MULTI,0,"Scenario CHG_MULTI: Direct, dependency or module association"
T0468,CHG_MULTI,0,"Scenario CHG_MULTI: Direct, dependency or module association"
T0469,CHG_MULTI,1,"Scenario CHG_MULTI: Direct, dependency or module association"
T0470,CHG_MULTI,0,"Scenario CHG_MULTI: Direct, dependency or module association"
T0471,CHG_MULTI,0,"Scenario CHG_MULTI: Direct, dependency or module association"
T0472,CHG_MULTI,0,"Scenario CHG_MULTI: Direct, dependency or module association"
T0473,CHG_MULTI,0,"Scenario CHG_MULTI: Direct, dependency or module association"
T0474,CHG_MULTI,0,"Scenario CHG_MULTI: Direct, dependency or module association"
T0475,CHG_MULTI,0,"Scenario CHG_MULTI: Direct, dependency or module association"
T0476,CHG_MULTI,0,"Scenario CHG_MULTI: Direct, dependency or module association"
T0477,CHG_MULTI,0,"Scenario CHG_MULTI: Direct, dependency or module association"
T0478,CHG_MULTI,0,"Scenario CHG_MULTI: Direct, dependency or module association"
T0479,CHG_MULTI,0,"Scenario CHG_MULTI: Direct, dependency or module association"
T0480,CHG_MULTI,0,"Scenario CHG_MULTI: Direct, dependency or module association"
T0481,CHG_MULTI,0,"Scenario CHG_MULTI: Direct, dependency or module association"
T0482,CHG_MULTI,1,"Scenario CHG_MULTI: Direct, dependency or module association"
T0483,CHG_MULTI,1,"Scenario CHG_MULTI: Direct, dependency or module association"
T0484,CHG_MULTI,1,"Scenario CHG_MULTI: Direct, dependency or module association"
T0485,CHG_MULTI,0,"Scenario CHG_MULTI: Direct, dependency or module association"
T0486,CHG_MULTI,0,"Scenario CHG_MULTI: Direct, dependency or module association"
T0487,CHG_MULTI,0,"Scenario CHG_MULTI: Direct, dependency or module association"
T0488,CHG_MULTI,0,"Scenario CHG_MULTI: Direct, dependency or module association"
T0489,CHG_MULTI,0,"Scenario CHG_MULTI: Direct, dependency or module association"
T0490,CHG_MULTI,0,"Scenario CHG_MULTI: Direct, dependency or module association"
T0491,CHG_MULTI,0,"Scenario CHG_MULTI: Direct, dependency or module association"
T0492,CHG_MULTI,0,"Scenario CHG_MULTI: Direct, dependency or module association"
T0493,CHG_MULTI,0,"Scenario CHG_MULTI: Direct, dependency or module association"
T0494,CHG_MULTI,0,"Scenario CHG_MULTI: Direct, dependency or module association"
T0495,CHG_MULTI,0,"Scenario CHG_MULTI: Direct, dependency or module association"
T0496,CHG_MULTI,0,"Scenario CHG_MULTI: Direct, dependency or module association"
T0497,CHG_MULTI,1,"Scenario CHG_MULTI: Direct, dependency or module association"
T0498,CHG_MULTI,0,"Scenario CHG_MULTI: Direct, dependency or module association"
T0499,CHG_MULTI,0,"Scenario CHG_MULTI: Direct, dependency or module association"
T0500,CHG_MULTI,0,"Scenario CHG_MULTI: Direct, dependency or module association"
T0501,CHG_MULTI,0,"Scenario CHG_MULTI: Direct, dependency or module association"
T0502,CHG_MULTI,0,"Scenario CHG_MULTI: Direct, dependency or module association"
T0503,CHG_MULTI,0,"Scenario CHG_MULTI: Direct, dependency or module association"
T0504,CHG_MULTI,1,"Scenario CHG_MULTI: Direct, dependency or module association"
T0505,CHG_MULTI,1,"Scenario CHG_MULTI: Direct, dependency or module association"
T0506,CHG_MULTI,0,"Scenario CHG_MULTI: Direct, dependency or module association"
T0507,CHG_MULTI,0,"Scenario CHG_MULTI: Direct, dependency or module association"
T0508,CHG_MULTI,0,"Scenario CHG_MULTI: Direct, dependency or module association"
T0509,CHG_MULTI,0,"Scenario CHG_MULTI: Direct, dependency or module association"
T0510,CHG_MULTI,0,"Scenario CHG_MULTI: Direct, dependency or module association"
T0511,CHG_MULTI,0,"Scenario CHG_MULTI: Direct, dependency or module association"
T0512,CHG_MULTI,0,"Scenario CHG_MULTI: Direct, dependency or module association"
T0513,CHG_MULTI,1,"Scenario CHG_MULTI: Direct, dependency or module association"
T0514,CHG_MULTI,0,"Scenario CHG_MULTI: Direct, dependency or module association"
T0515,CHG_MULTI,1,"Scenario CHG_MULTI: Direct, dependency or module association"
T0516,CHG_MULTI,1,"Scenario CHG_MULTI: Direct, dependency or module association"
T0517,CHG_MULTI,0,"Scenario CHG_MULTI: Direct, dependency or module association"
T0518,CHG_MULTI,1,"Scenario CHG_MULTI: Direct, dependency or module association"
T0519,CHG_MULTI,0,"Scenario CHG_MULTI: Direct, dependency or module association"
T0520,CHG_MULTI,0,"Scenario CHG_MULTI: Direct, dependency or module association"
T0521,CHG_MULTI,0,"Scenario CHG_MULTI: Direct, dependency or module association"
T0522,CHG_MULTI,0,"Scenario CHG_MULTI: Direct, dependency or module association"
T0523,CHG_MULTI,0,"Scenario CHG_MULTI: Direct, dependency or module association"
T0524,CHG_MULTI,0,"Scenario CHG_MULTI: Direct, dependency or module association"
T0525,CHG_MULTI,0,"Scenario CHG_MULTI: Direct, dependency or module association"
T0526,CHG_MULTI,0,"Scenario CHG_MULTI: Direct, dependency or module association"
T0527,CHG_MULTI,0,"Scenario CHG_MULTI: Direct, dependency or module association"
T0528,CHG_MULTI,0,"Scenario CHG_MULTI: Direct, dependency or module association"
T0529,CHG_MULTI,1,"Scenario CHG_MULTI: Direct, dependency or module association"
T0530,CHG_MULTI,0,"Scenario CHG_MULTI: Direct, dependency or module association"
T0531,CHG_MULTI,0,"Scenario CHG_MULTI: Direct, dependency or module association"
T0532,CHG_MULTI,0,"Scenario CHG_MULTI: Direct, dependency or module association"
T0533,CHG_MULTI,0,"Scenario CHG_MULTI: Direct, dependency or module association"
T0534,CHG_MULTI,0,"Scenario CHG_MULTI: Direct, dependency or module association"
T0535,CHG_MULTI,0,"Scenario CHG_MULTI: Direct, dependency or module association"
T0536,CHG_MULTI,0,"Scenario CHG_MULTI: Direct, dependency or module association"
T0537,CHG_MULTI,0,"Scenario CHG_MULTI: Direct, dependency or module association"
T0538,CHG_MULTI,1,"Scenario CHG_MULTI: Direct, dependency or module association"
T0539,CHG_MULTI,1,"Scenario CHG_MULTI: Direct, dependency or module association"
T0540,CHG_MULTI,0,"Scenario CHG_MULTI: Direct, dependency or module association"
T0541,CHG_MULTI,1,"Scenario CHG_MULTI: Direct, dependency or module association"
T0542,CHG_MULTI,0,"Scenario CHG_MULTI: Direct, dependency or module association"
T0543,CHG_MULTI,0,"Scenario CHG_MULTI: Direct, dependency or module association"
T0544,CHG_MULTI,0,"Scenario CHG_MULTI: Direct, dependency or module association"
T0545,CHG_MULTI,0,"Scenario CHG_MULTI: Direct, dependency or module association"
T0546,CHG_MULTI,0,"Scenario CHG_MULTI: Direct, dependency or module association"
T0547,CHG_MULTI,0,"Scenario CHG_MULTI: Direct, dependency or module association"
T0548,CHG_MULTI,1,"Scenario CHG_MULTI: Direct, dependency or module association"
T0549,CHG_MULTI,0,"Scenario CHG_MULTI: Direct, dependency or module association"
T0550,CHG_MULTI,1,"Scenario CHG_MULTI: Direct, dependency or module association"
T0551,CHG_MULTI,0,"Scenario CHG_MULTI: Direct, dependency or module association"
T0552,CHG_MULTI,0,"Scenario CHG_MULTI: Direct, dependency or module association"
T0553,CHG_MULTI,1,"Scenario CHG_MULTI: Direct, dependency or module association"
T0554,CHG_MULTI,0,"Scenario CHG_MULTI: Direct, dependency or module association"
T0555,CHG_MULTI,0,"Scenario CHG_MULTI: Direct, dependency or module association"
T0556,CHG_MULTI,0,"Scenario CHG_MULTI: Direct, dependency or module association"
T0557,CHG_MULTI,0,"Scenario CHG_MULTI: Direct, dependency or module association"
T0558,CHG_MULTI,0,"Scenario CHG_MULTI: Direct, dependency or module association"
T0559,CHG_MULTI,0,"Scenario CHG_MULTI: Direct, dependency or module association"
T0560,CHG_MULTI,1,"Scenario CHG_MULTI: Direct, dependency or module association"
T0561,CHG_MULTI,0,"Scenario CHG_MULTI: Direct, dependency or module association"
T0562,CHG_MULTI,0,"Scenario CHG_MULTI: Direct, dependency or module association"
T0563,CHG_MULTI,0,"Scenario CHG_MULTI: Direct, dependency or module association"
T0564,CHG_MULTI,1,"Scenario CHG_MULTI: Direct, dependency or module association"
T0565,CHG_MULTI,0,"Scenario CHG_MULTI: Direct, dependency or module association"
T0566,CHG_MULTI,0,"Scenario CHG_MULTI: Direct, dependency or module association"
T0567,CHG_MULTI,0,"Scenario CHG_MULTI: Direct, dependency or module association"
T0568,CHG_MULTI,0,"Scenario CHG_MULTI: Direct, dependency or module association"
T0569,CHG_MULTI,0,"Scenario CHG_MULTI: Direct, dependency or module association"
T0570,CHG_MULTI,0,"Scenario CHG_MULTI: Direct, dependency or module association"
T0571,CHG_MULTI,0,"Scenario CHG_MULTI: Direct, dependency or module association"
T0572,CHG_MULTI,0,"Scenario CHG_MULTI: Direct, dependency or module association"
T0573,CHG_MULTI,0,"Scenario CHG_MULTI: Direct, dependency or module association"
T0574,CHG_MULTI,0,"Scenario CHG_MULTI: Direct, dependency or module association"
T0575,CHG_MULTI,1,"Scenario CHG_MULTI: Direct, dependency or module association"
T0576,CHG_MULTI,1,"Scenario CHG_MULTI: Direct, dependency or module association"
T0577,CHG_MULTI,1,"Scenario CHG_MULTI: Direct, dependency or module association"
T0578,CHG_MULTI,1,"Scenario CHG_MULTI: Direct, dependency or module association"
T0579,CHG_MULTI,0,"Scenario CHG_MULTI: Direct, dependency or module association"
T0580,CHG_MULTI,0,"Scenario CHG_MULTI: Direct, dependency or module association"
T0581,CHG_MULTI,0,"Scenario CHG_MULTI: Direct, dependency or module association"
T0582,CHG_MULTI,0,"Scenario CHG_MULTI: Direct, dependency or module association"
T0583,CHG_MULTI,0,"Scenario CHG_MULTI: Direct, dependency or module association"
T0584,CHG_MULTI,0,"Scenario CHG_MULTI: Direct, dependency or module association"
T0585,CHG_MULTI,0,"Scenario CHG_MULTI: Direct, dependency or module association"
T0586,CHG_MULTI,1,"Scenario CHG_MULTI: Direct, dependency or module association"
T0587,CHG_MULTI,1,"Scenario CHG_MULTI: Direct, dependency or module association"
T0588,CHG_MULTI,1,"Scenario CHG_MULTI: Direct, dependency or module association"
T0589,CHG_MULTI,0,"Scenario CHG_MULTI: Direct, dependency or module association"
T0590,CHG_MULTI,0,"Scenario CHG_MULTI: Direct, dependency or module association"
T0591,CHG_MULTI,0,"Scenario CHG_MULTI: Direct, dependency or module association"
T0592,CHG_MULTI,0,"Scenario CHG_MULTI: Direct, dependency or module association"
T0593,CHG_MULTI,1,"Scenario CHG_MULTI: Direct, dependency or module association"
T0594,CHG_MULTI,0,"Scenario CHG_MULTI: Direct, dependency or module association"
T0595,CHG_MULTI,0,"Scenario CHG_MULTI: Direct, dependency or module association"
T0596,CHG_MULTI,1,"Scenario CHG_MULTI: Direct, dependency or module association"
T0597,CHG_MULTI,0,"Scenario CHG_MULTI: Direct, dependency or module association"
T0598,CHG_MULTI,0,"Scenario CHG_MULTI: Direct, dependency or module association"
T0599,CHG_MULTI,0,"Scenario CHG_MULTI: Direct, dependency or module association"
T0600,CHG_MULTI,1,"Scenario CHG_MULTI: Direct, dependency or module association"
T0601,CHG_MULTI,0,"Scenario CHG_MULTI: Direct, dependency or module association"
T0602,CHG_MULTI,0,"Scenario CHG_MULTI: Direct, dependency or module association"
T0603,CHG_MULTI,0,"Scenario CHG_MULTI: Direct, dependency or module association"
T0604,CHG_MULTI,1,"Scenario CHG_MULTI: Direct, dependency or module association"
T0605,CHG_MULTI,1,"Scenario CHG_MULTI: Direct, dependency or module association"
T0606,CHG_MULTI,0,"Scenario CHG_MULTI: Direct, dependency or module association"
T0607,CHG_MULTI,0,"Scenario CHG_MULTI: Direct, dependency or module association"
T0608,CHG_MULTI,0,"Scenario CHG_MULTI: Direct, dependency or module association"
T0609,CHG_MULTI,0,"Scenario CHG_MULTI: Direct, dependency or module association"
T0610,CHG_MULTI,0,"Scenario CHG_MULTI: Direct, dependency or module association"
T0611,CHG_MULTI,0,"Scenario CHG_MULTI: Direct, dependency or module association"
T0612,CHG_MULTI,0,"Scenario CHG_MULTI: Direct, dependency or module association"
T0613,CHG_MULTI,0,"Scenario CHG_MULTI: Direct, dependency or module association"
T0614,CHG_MULTI,0,"Scenario CHG_MULTI: Direct, dependency or module association"
T0615,CHG_MULTI,0,"Scenario CHG_MULTI: Direct, dependency or module association"
T0616,CHG_MULTI,0,"Scenario CHG_MULTI: Direct, dependency or module association"
T0617,CHG_MULTI,0,"Scenario CHG_MULTI: Direct, dependency or module association"
T0618,CHG_MULTI,1,"Scenario CHG_MULTI: Direct, dependency or module association"
T0619,CHG_MULTI,1,"Scenario CHG_MULTI: Direct, dependency or module association"
T0620,CHG_MULTI,0,"Scenario CHG_MULTI: Direct, dependency or module association"
T0621,CHG_MULTI,0,"Scenario CHG_MULTI: Direct, dependency or module association"
T0622,CHG_MULTI,0,"Scenario CHG_MULTI: Direct, dependency or module association"
T0623,CHG_MULTI,0,"Scenario CHG_MULTI: Direct, dependency or module association"
T0624,CHG_MULTI,0,"Scenario CHG_MULTI: Direct, dependency or module association"
T0625,CHG_MULTI,0,"Scenario CHG_MULTI: Direct, dependency or module association"
T0626,CHG_MULTI,1,"Scenario CHG_MULTI: Direct, dependency or module association"
T0627,CHG_MULTI,0,"Scenario CHG_MULTI: Direct, dependency or module association"
T0628,CHG_MULTI,0,"Scenario CHG_MULTI: Direct, dependency or module association"
T0629,CHG_MULTI,0,"Scenario CHG_MULTI: Direct, dependency or module association"
T0630,CHG_MULTI,0,"Scenario CHG_MULTI: Direct, dependency or module association"
T0631,CHG_MULTI,0,"Scenario CHG_MULTI: Direct, dependency or module association"
T0632,CHG_MULTI,0,"Scenario CHG_MULTI: Direct, dependency or module association"
T0633,CHG_MULTI,0,"Scenario CHG_MULTI: Direct, dependency or module association"
T0634,CHG_MULTI,1,"Scenario CHG_MULTI: Direct, dependency or module association"
T0635,CHG_MULTI,0,"Scenario CHG_MULTI: Direct, dependency or module association"
T0636,CHG_MULTI,0,"Scenario CHG_MULTI: Direct, dependency or module association"
T0637,CHG_MULTI,0,"Scenario CHG_MULTI: Direct, dependency or module association"
T0638,CHG_MULTI,0,"Scenario CHG_MULTI: Direct, dependency or module association"
T0639,CHG_MULTI,0,"Scenario CHG_MULTI: Direct, dependency or module association"
T0640,CHG_MULTI,0,"Scenario CHG_MULTI: Direct, dependency or module association"
T0641,CHG_MULTI,0,"Scenario CHG_MULTI: Direct, dependency or module association"
T0642,CHG_MULTI,0,"Scenario CHG_MULTI: Direct, dependency or module association"
T0643,CHG_MULTI,0,"Scenario CHG_MULTI: Direct, dependency or module association"
T0644,CHG_MULTI,0,"Scenario CHG_MULTI: Direct, dependency or module association"
T0645,CHG_MULTI,1,"Scenario CHG_MULTI: Direct, dependency or module association"
T0646,CHG_MULTI,0,"Scenario CHG_MULTI: Direct, dependency or module association"
T0647,CHG_MULTI,1,"Scenario CHG_MULTI: Direct, dependency or module association"
T0648,CHG_MULTI,0,"Scenario CHG_MULTI: Direct, dependency or module association"
T0649,CHG_MULTI,0,"Scenario CHG_MULTI: Direct, dependency or module association"
T0650,CHG_MULTI,0,"Scenario CHG_MULTI: Direct, dependency or module association"
T0651,CHG_MULTI,0,"Scenario CHG_MULTI: Direct, dependency or module association"
T0652,CHG_MULTI,1,"Scenario CHG_MULTI: Direct, dependency or module association"
T0653,CHG_MULTI,0,"Scenario CHG_MULTI: Direct, dependency or module association"
T0654,CHG_MULTI,0,"Scenario CHG_MULTI: Direct, dependency or module association"
T0655,CHG_MULTI,0,"Scenario CHG_MULTI: Direct, dependency or module association"
T0656,CHG_MULTI,0,"Scenario CHG_MULTI: Direct, dependency or module association"
T0657,CHG_MULTI,1,"Scenario CHG_MULTI: Direct, dependency or module association"
T0658,CHG_MULTI,0,"Scenario CHG_MULTI: Direct, dependency or module association"
T0659,CHG_MULTI,1,"Scenario CHG_MULTI: Direct, dependency or module association"
T0660,CHG_MULTI,0,"Scenario CHG_MULTI: Direct, dependency or module association"
T0661,CHG_MULTI,0,"Scenario CHG_MULTI: Direct, dependency or module association"
T0662,CHG_MULTI,0,"Scenario CHG_MULTI: Direct, dependency or module association"
T0663,CHG_MULTI,0,"Scenario CHG_MULTI: Direct, dependency or module association"
T0664,CHG_MULTI,0,"Scenario CHG_MULTI: Direct, dependency or module association"
T0665,CHG_MULTI,0,"Scenario CHG_MULTI: Direct, dependency or module association"
T0666,CHG_MULTI,0,"Scenario CHG_MULTI: Direct, dependency or module association"
T0667,CHG_MULTI,0,"Scenario CHG_MULTI: Direct, dependency or module association"
T0668,CHG_MULTI,0,"Scenario CHG_MULTI: Direct, dependency or module association"
T0669,CHG_MULTI,0,"Scenario CHG_MULTI: Direct, dependency or module association"
T0670,CHG_MULTI,0,"Scenario CHG_MULTI: Direct, dependency or module association"
T0671,CHG_MULTI,0,"Scenario CHG_MULTI: Direct, dependency or module association"
T0672,CHG_MULTI,0,"Scenario CHG_MULTI: Direct, dependency or module association"
T0673,CHG_MULTI,0,"Scenario CHG_MULTI: Direct, dependency or module association"
T0674,CHG_MULTI,1,"Scenario CHG_MULTI: Direct, dependency or module association"
T0675,CHG_MULTI,0,"Scenario CHG_MULTI: Direct, dependency or module association"
T0676,CHG_MULTI,0,"Scenario CHG_MULTI: Direct, dependency or module association"
T0677,CHG_MULTI,0,"Scenario CHG_MULTI: Direct, dependency or module association"
T0678,CHG_MULTI,1,"Scenario CHG_MULTI: Direct, dependency or module association"
T0679,CHG_MULTI,1,"Scenario CHG_MULTI: Direct, dependency or module association"
T0680,CHG_MULTI,0,"Scenario CHG_MULTI: Direct, dependency or module association"
T0681,CHG_MULTI,0,"Scenario CHG_MULTI: Direct, dependency or module association"
T0682,CHG_MULTI,0,"Scenario CHG_MULTI: Direct, dependency or module association"
T0683,CHG_MULTI,0,"Scenario CHG_MULTI: Direct, dependency or module association"
T0684,CHG_MULTI,0,"Scenario CHG_MULTI: Direct, dependency or module association"
T0685,CHG_MULTI,0,"Scenario CHG_MULTI: Direct, dependency or module association"
T0686,CHG_MULTI,0,"Scenario CHG_MULTI: Direct, dependency or module association"
T0687,CHG_MULTI,0,"Scenario CHG_MULTI: Direct, dependency or module association"
T0688,CHG_MULTI,0,"Scenario CHG_MULTI: Direct, dependency or module association"
T0689,CHG_MULTI,0,"Scenario CHG_MULTI: Direct, dependency or module association"
T0690,CHG_MULTI,0,"Scenario CHG_MULTI: Direct, dependency or module association"
T0691,CHG_MULTI,1,"Scenario CHG_MULTI: Direct, dependency or module association"
T0692,CHG_MULTI,0,"Scenario CHG_MULTI: Direct, dependency or module association"
T0693,CHG_MULTI,0,"Scenario CHG_MULTI: Direct, dependency or module association"
T0694,CHG_MULTI,0,"Scenario CHG_MULTI: Direct, dependency or module association"
T0695,CHG_MULTI,0,"Scenario CHG_MULTI: Direct, dependency or module association"
T0696,CHG_MULTI,0,"Scenario CHG_MULTI: Direct, dependency or module association"
T0697,CHG_MULTI,0,"Scenario CHG_MULTI: Direct, dependency or module association"
T0698,CHG_MULTI,0,"Scenario CHG_MULTI: Direct, dependency or module association"
T0699,CHG_MULTI,0,"Scenario CHG_MULTI: Direct, dependency or module association"
T0700,CHG_MULTI,0,"Scenario CHG_MULTI: Direct, dependency or module association"
T0701,CHG_MULTI,0,"Scenario CHG_MULTI: Direct, dependency or module association"
T0702,CHG_MULTI,0,"Scenario CHG_MULTI: Direct, dependency or module association"
T0703,CHG_MULTI,0,"Scenario CHG_MULTI: Direct, dependency or module association"
T0704,CHG_MULTI,1,"Scenario CHG_MULTI: Direct, dependency or module association"
T0705,CHG_MULTI,0,"Scenario CHG_MULTI: Direct, dependency or module association"
T0706,CHG_MULTI,0,"Scenario CHG_MULTI: Direct, dependency or module association"
T0707,CHG_MULTI,0,"Scenario CHG_MULTI: Direct, dependency or module association"
T0708,CHG_MULTI,1,"Scenario CHG_MULTI: Direct, dependency or module association"
T0709,CHG_MULTI,0,"Scenario CHG_MULTI: Direct, dependency or module association"
T0710,CHG_MULTI,0,"Scenario CHG_MULTI: Direct, dependency or module association"
T0711,CHG_MULTI,0,"Scenario CHG_MULTI: Direct, dependency or module association"
T0712,CHG_MULTI,0,"Scenario CHG_MULTI: Direct, dependency or module association"
T0713,CHG_MULTI,0,"Scenario CHG_MULTI: Direct, dependency or module association"
T0714,CHG_MULTI,0,"Scenario CHG_MULTI: Direct, dependency or module association"
T0715,CHG_MULTI,0,"Scenario CHG_MULTI: Direct, dependency or module association"
T0716,CHG_MULTI,1,"Scenario CHG_MULTI: Direct, dependency or module association"
T0717,CHG_MULTI,0,"Scenario CHG_MULTI: Direct, dependency or module association"
T0718,CHG_MULTI,0,"Scenario CHG_MULTI: Direct, dependency or module association"
T0719,CHG_MULTI,0,"Scenario CHG_MULTI: Direct, dependency or module association"
T0720,CHG_MULTI,0,"Scenario CHG_MULTI: Direct, dependency or module association"
T0721,CHG_MULTI,0,"Scenario CHG_MULTI: Direct, dependency or module association"
T0722,CHG_MULTI,0,"Scenario CHG_MULTI: Direct, dependency or module association"
T0723,CHG_MULTI,1,"Scenario CHG_MULTI: Direct, dependency or module association"
T0724,CHG_MULTI,0,"Scenario CHG_MULTI: Direct, dependency or module association"
T0725,CHG_MULTI,0,"Scenario CHG_MULTI: Direct, dependency or module association"
T0726,CHG_MULTI,0,"Scenario CHG_MULTI: Direct, dependency or module association"
T0727,CHG_MULTI,0,"Scenario CHG_MULTI: Direct, dependency or module association"
T0728,CHG_MULTI,0,"Scenario CHG_MULTI: Direct, dependency or module association"
T0729,CHG_MULTI,1,"Scenario CHG_MULTI: Direct, dependency or module association"
T0730,CHG_MULTI,0,"Scenario CHG_MULTI: Direct, dependency or module association"
T0731,CHG_MULTI,0,"Scenario CHG_MULTI: Direct, dependency or module association"
T0732,CHG_MULTI,0,"Scenario CHG_MULTI: Direct, dependency or module association"
T0733,CHG_MULTI,0,"Scenario CHG_MULTI: Direct, dependency or module association"
T0734,CHG_MULTI,1,"Scenario CHG_MULTI: Direct, dependency or module association"
T0735,CHG_MULTI,0,"Scenario CHG_MULTI: Direct, dependency or module association"
T0736,CHG_MULTI,0,"Scenario CHG_MULTI: Direct, dependency or module association"
T0737,CHG_MULTI,0,"Scenario CHG_MULTI: Direct, dependency or module association"
T0738,CHG_MULTI,0,"Scenario CHG_MULTI: Direct, dependency or module association"
T0739,CHG_MULTI,0,"Scenario CHG_MULTI: Direct, dependency or module association"
T0740,CHG_MULTI,0,"Scenario CHG_MULTI: Direct, dependency or module association"
T0741,CHG_MULTI,1,"Scenario CHG_MULTI: Direct, dependency or module association"
T0742,CHG_MULTI,0,"Scenario CHG_MULTI: Direct, dependency or module association"
T0743,CHG_MULTI,0,"Scenario CHG_MULTI: Direct, dependency or module association"
T0744,CHG_MULTI,0,"Scenario CHG_MULTI: Direct, dependency or module association"
T0745,CHG_MULTI,1,"Scenario CHG_MULTI: Direct, dependency or module association"
T0746,CHG_MULTI,0,"Scenario CHG_MULTI: Direct, dependency or module association"
T0747,CHG_MULTI,0,"Scenario CHG_MULTI: Direct, dependency or module association"
T0748,CHG_MULTI,0,"Scenario CHG_MULTI: Direct, dependency or module association"
T0749,CHG_MULTI,0,"Scenario CHG_MULTI: Direct, dependency or module association"
T0750,CHG_MULTI,0,"Scenario CHG_MULTI: Direct, dependency or module association"
T0751,CHG_MULTI,0,"Scenario CHG_MULTI: Direct, dependency or module association"
T0752,CHG_MULTI,0,"Scenario CHG_MULTI: Direct, dependency or module association"
T0753,CHG_MULTI,0,"Scenario CHG_MULTI: Direct, dependency or module association"
T0754,CHG_MULTI,0,"Scenario CHG_MULTI: Direct, dependency or module association"
T0755,CHG_MULTI,0,"Scenario CHG_MULTI: Direct, dependency or module association"
T0756,CHG_MULTI,0,"Scenario CHG_MULTI: Direct, dependency or module association"
T0757,CHG_MULTI,0,"Scenario CHG_MULTI: Direct, dependency or module association"
T0758,CHG_MULTI,0,"Scenario CHG_MULTI: Direct, dependency or module association"
T0759,CHG_MULTI,0,"Scenario CHG_MULTI: Direct, dependency or module association"
T0760,CHG_MULTI,0,"Scenario CHG_MULTI: Direct, dependency or module association"
T0761,CHG_MULTI,1,"Scenario CHG_MULTI: Direct, dependency or module association"
T0762,CHG_MULTI,0,"Scenario CHG_MULTI: Direct, dependency or module association"
T0763,CHG_MULTI,0,"Scenario CHG_MULTI: Direct, dependency or module association"
T0764,CHG_MULTI,1,"Scenario CHG_MULTI: Direct, dependency or module association"
T0765,CHG_MULTI,0,"Scenario CHG_MULTI: Direct, dependency or module association"
T0766,CHG_MULTI,0,"Scenario CHG_MULTI: Direct, dependency or module association"
T0767,CHG_MULTI,0,"Scenario CHG_MULTI: Direct, dependency or module association"
T0768,CHG_MULTI,0,"Scenario CHG_MULTI: Direct, dependency or module association"
T0769,CHG_MULTI,0,"Scenario CHG_MULTI: Direct, dependency or module association"
T0770,CHG_MULTI,0,"Scenario CHG_MULTI: Direct, dependency or module association"
T0771,CHG_MULTI,0,"Scenario CHG_MULTI: Direct, dependency or module association"
T0772,CHG_MULTI,0,"Scenario CHG_MULTI: Direct, dependency or module association"
T0773,CHG_MULTI,0,"Scenario CHG_MULTI: Direct, dependency or module association"
T0774,CHG_MULTI,0,"Scenario CHG_MULTI: Direct, dependency or module association"
T0775,CHG_MULTI,0,"Scenario CHG_MULTI: Direct, dependency or module association"
T0776,CHG_MULTI,0,"Scenario CHG_MULTI: Direct, dependency or module association"
T0777,CHG_MULTI,0,"Scenario CHG_MULTI: Direct, dependency or module association"
T0778,CHG_MULTI,0,"Scenario CHG_MULTI: Direct, dependency or module association"
T0779,CHG_MULTI,0,"Scenario CHG_MULTI: Direct, dependency or module association"
T0780,CHG_MULTI,1,"Scenario CHG_MULTI: Direct, dependency or module association"
T0781,CHG_MULTI,0,"Scenario CHG_MULTI: Direct, dependency or module association"
T0782,CHG_MULTI,0,"Scenario CHG_MULTI: Direct, dependency or module association"
T0783,CHG_MULTI,0,"Scenario CHG_MULTI: Direct, dependency or module association"
T0784,CHG_MULTI,0,"Scenario CHG_MULTI: Direct, dependency or module association"
T0785,CHG_MULTI,0,"Scenario CHG_MULTI: Direct, dependency or module association"
T0786,CHG_MULTI,1,"Scenario CHG_MULTI: Direct, dependency or module association"
T0787,CHG_MULTI,0,"Scenario CHG_MULTI: Direct, dependency or module association"
T0788,CHG_MULTI,1,"Scenario CHG_MULTI: Direct, dependency or module association"
T0789,CHG_MULTI,0,"Scenario CHG_MULTI: Direct, dependency or module association"
T0790,CHG_MULTI,1,"Scenario CHG_MULTI: Direct, dependency or module association"
T0791,CHG_MULTI,0,"Scenario CHG_MULTI: Direct, dependency or module association"
T0792,CHG_MULTI,1,"Scenario CHG_MULTI: Direct, dependency or module association"
T0793,CHG_MULTI,0,"Scenario CHG_MULTI: Direct, dependency or module association"
T0794,CHG_MULTI,0,"Scenario CHG_MULTI: Direct, dependency or module association"
T0795,CHG_MULTI,0,"Scenario CHG_MULTI: Direct, dependency or module association"
T0796,CHG_MULTI,1,"Scenario CHG_MULTI: Direct, dependency or module association"
T0797,CHG_MULTI,0,"Scenario CHG_MULTI: Direct, dependency or module association"
T0798,CHG_MULTI,1,"Scenario CHG_MULTI: Direct, dependency or module association"
T0799,CHG_MULTI,1,"Scenario CHG_MULTI: Direct, dependency or module association"
T0800,CHG_MULTI,0,"Scenario CHG_MULTI: Direct, dependency or module association"
T0801,CHG_MULTI,1,"Scenario CHG_MULTI: Direct, dependency or module association"
T0802,CHG_MULTI,0,"Scenario CHG_MULTI: Direct, dependency or module association"
T0803,CHG_MULTI,0,"Scenario CHG_MULTI: Direct, dependency or module association"
T0804,CHG_MULTI,0,"Scenario CHG_MULTI: Direct, dependency or module association"
T0805,CHG_MULTI,0,"Scenario CHG_MULTI: Direct, dependency or module association"
T0806,CHG_MULTI,0,"Scenario CHG_MULTI: Direct, dependency or module association"
T0807,CHG_MULTI,0,"Scenario CHG_MULTI: Direct, dependency or module association"
T0808,CHG_MULTI,0,"Scenario CHG_MULTI: Direct, dependency or module association"
T0809,CHG_MULTI,0,"Scenario CHG_MULTI: Direct, dependency or module association"
T0810,CHG_MULTI,0,"Scenario CHG_MULTI: Direct, dependency or module association"
T0811,CHG_MULTI,0,"Scenario CHG_MULTI: Direct, dependency or module association"
T0812,CHG_MULTI,0,"Scenario CHG_MULTI: Direct, dependency or module association"
T0813,CHG_MULTI,0,"Scenario CHG_MULTI: Direct, dependency or module association"
T0814,CHG_MULTI,0,"Scenario CHG_MULTI: Direct, dependency or module association"
T0815,CHG_MULTI,0,"Scenario CHG_MULTI: Direct, dependency or module association"
T0816,CHG_MULTI,0,"Scenario CHG_MULTI: Direct, dependency or module association"
T0817,CHG_MULTI,1,"Scenario CHG_MULTI: Direct, dependency or module association"
T0818,CHG_MULTI,0,"Scenario CHG_MULTI: Direct, dependency or module association"
T0819,CHG_MULTI,0,"Scenario CHG_MULTI: Direct, dependency or module association"
T0820,CHG_MULTI,0,"Scenario CHG_MULTI: Direct, dependency or module association"
T0821,CHG_MULTI,0,"Scenario CHG_MULTI: Direct, dependency or module association"
T0822,CHG_MULTI,0,"Scenario CHG_MULTI: Direct, dependency or module association"
T0823,CHG_MULTI,1,"Scenario CHG_MULTI: Direct, dependency or module association"
T0824,CHG_MULTI,1,"Scenario CHG_MULTI: Direct, dependency or module association"
T0825,CHG_MULTI,0,"Scenario CHG_MULTI: Direct, dependency or module association"
T0826,CHG_MULTI,0,"Scenario CHG_MULTI: Direct, dependency or module association"
T0827,CHG_MULTI,0,"Scenario CHG_MULTI: Direct, dependency or module association"
T0828,CHG_MULTI,0,"Scenario CHG_MULTI: Direct, dependency or module association"
T0829,CHG_MULTI,0,"Scenario CHG_MULTI: Direct, dependency or module association"
T0830,CHG_MULTI,0,"Scenario CHG_MULTI: Direct, dependency or module association"
T0831,CHG_MULTI,0,"Scenario CHG_MULTI: Direct, dependency or module association"
T0832,CHG_MULTI,0,"Scenario CHG_MULTI: Direct, dependency or module association"
T0833,CHG_MULTI,0,"Scenario CHG_MULTI: Direct, dependency or module association"
T0834,CHG_MULTI,0,"Scenario CHG_MULTI: Direct, dependency or module association"
T0835,CHG_MULTI,0,"Scenario CHG_MULTI: Direct, dependency or module association"
T0836,CHG_MULTI,0,"Scenario CHG_MULTI: Direct, dependency or module association"
T0837,CHG_MULTI,0,"Scenario CHG_MULTI: Direct, dependency or module association"
T0838,CHG_MULTI,0,"Scenario CHG_MULTI: Direct, dependency or module association"
T0839,CHG_MULTI,0,"Scenario CHG_MULTI: Direct, dependency or module association"
T0840,CHG_MULTI,0,"Scenario CHG_MULTI: Direct, dependency or module association"
T0841,CHG_MULTI,1,"Scenario CHG_MULTI: Direct, dependency or module association"
T0842,CHG_MULTI,0,"Scenario CHG_MULTI: Direct, dependency or module association"
T0843,CHG_MULTI,1,"Scenario CHG_MULTI: Direct, dependency or module association"
T0844,CHG_MULTI,0,"Scenario CHG_MULTI: Direct, dependency or module association"
T0845,CHG_MULTI,1,"Scenario CHG_MULTI: Direct, dependency or module association"
T0846,CHG_MULTI,0,"Scenario CHG_MULTI: Direct, dependency or module association"
T0847,CHG_MULTI,0,"Scenario CHG_MULTI: Direct, dependency or module association"
T0848,CHG_MULTI,1,"Scenario CHG_MULTI: Direct, dependency or module association"
T0849,CHG_MULTI,0,"Scenario CHG_MULTI: Direct, dependency or module association"
T0850,CHG_MULTI,0,"Scenario CHG_MULTI: Direct, dependency or module association"
T0851,CHG_MULTI,0,"Scenario CHG_MULTI: Direct, dependency or module association"
T0852,CHG_MULTI,1,"Scenario CHG_MULTI: Direct, dependency or module association"
T0853,CHG_MULTI,0,"Scenario CHG_MULTI: Direct, dependency or module association"
T0854,CHG_MULTI,1,"Scenario CHG_MULTI: Direct, dependency or module association"
T0855,CHG_MULTI,1,"Scenario CHG_MULTI: Direct, dependency or module association"
T0856,CHG_MULTI,0,"Scenario CHG_MULTI: Direct, dependency or module association"
T0857,CHG_MULTI,1,"Scenario CHG_MULTI: Direct, dependency or module association"
T0858,CHG_MULTI,0,"Scenario CHG_MULTI: Direct, dependency or module association"
T0859,CHG_MULTI,0,"Scenario CHG_MULTI: Direct, dependency or module association"
T0860,CHG_MULTI,0,"Scenario CHG_MULTI: Direct, dependency or module association"
T0861,CHG_MULTI,0,"Scenario CHG_MULTI: Direct, dependency or module association"
T0862,CHG_MULTI,0,"Scenario CHG_MULTI: Direct, dependency or module association"
T0863,CHG_MULTI,0,"Scenario CHG_MULTI: Direct, dependency or module association"
T0864,CHG_MULTI,0,"Scenario CHG_MULTI: Direct, dependency or module association"
T0865,CHG_MULTI,1,"Scenario CHG_MULTI: Direct, dependency or module association"
T0866,CHG_MULTI,0,"Scenario CHG_MULTI: Direct, dependency or module association"
T0867,CHG_MULTI,0,"Scenario CHG_MULTI: Direct, dependency or module association"
T0868,CHG_MULTI,0,"Scenario CHG_MULTI: Direct, dependency or module association"
T0869,CHG_MULTI,0,"Scenario CHG_MULTI: Direct, dependency or module association"
T0870,CHG_MULTI,0,"Scenario CHG_MULTI: Direct, dependency or module association"
T0871,CHG_MULTI,1,"Scenario CHG_MULTI: Direct, dependency or module association"
T0872,CHG_MULTI,0,"Scenario CHG_MULTI: Direct, dependency or module association"
T0873,CHG_MULTI,0,"Scenario CHG_MULTI: Direct, dependency or module association"
T0874,CHG_MULTI,0,"Scenario CHG_MULTI: Direct, dependency or module association"
T0875,CHG_MULTI,0,"Scenario CHG_MULTI: Direct, dependency or module association"
T0876,CHG_MULTI,0,"Scenario CHG_MULTI: Direct, dependency or module association"
T0877,CHG_MULTI,1,"Scenario CHG_MULTI: Direct, dependency or module association"
T0878,CHG_MULTI,1,"Scenario CHG_MULTI: Direct, dependency or module association"
T0879,CHG_MULTI,1,"Scenario CHG_MULTI: Direct, dependency or module association"
T0880,CHG_MULTI,0,"Scenario CHG_MULTI: Direct, dependency or module association"
T0881,CHG_MULTI,1,"Scenario CHG_MULTI: Direct, dependency or module association"
T0882,CHG_MULTI,1,"Scenario CHG_MULTI: Direct, dependency or module association"
T0883,CHG_MULTI,0,"Scenario CHG_MULTI: Direct, dependency or module association"
T0884,CHG_MULTI,1,"Scenario CHG_MULTI: Direct, dependency or module association"
T0885,CHG_MULTI,0,"Scenario CHG_MULTI: Direct, dependency or module association"
T0886,CHG_MULTI,0,"Scenario CHG_MULTI: Direct, dependency or module association"
T0887,CHG_MULTI,0,"Scenario CHG_MULTI: Direct, dependency or module association"
T0888,CHG_MULTI,0,"Scenario CHG_MULTI: Direct, dependency or module association"
T0889,CHG_MULTI,0,"Scenario CHG_MULTI: Direct, dependency or module association"
T0890,CHG_MULTI,0,"Scenario CHG_MULTI: Direct, dependency or module association"
T0891,CHG_MULTI,1,"Scenario CHG_MULTI: Direct, dependency or module association"
T0892,CHG_MULTI,1,"Scenario CHG_MULTI: Direct, dependency or module association"
T0893,CHG_MULTI,0,"Scenario CHG_MULTI: Direct, dependency or module association"
T0894,CHG_MULTI,1,"Scenario CHG_MULTI: Direct, dependency or module association"
T0895,CHG_MULTI,1,"Scenario CHG_MULTI: Direct, dependency or module association"
T0896,CHG_MULTI,0,"Scenario CHG_MULTI: Direct, dependency or module association"
T0897,CHG_MULTI,1,"Scenario CHG_MULTI: Direct, dependency or module association"
T0898,CHG_MULTI,0,"Scenario CHG_MULTI: Direct, dependency or module association"
T0899,CHG_MULTI,0,"Scenario CHG_MULTI: Direct, dependency or module association"
T0900,CHG_MULTI,0,"Scenario CHG_MULTI: Direct, dependency or module association"
T0901,CHG_MULTI,0,"Scenario CHG_MULTI: Direct, dependency or module association"
T0902,CHG_MULTI,0,"Scenario CHG_MULTI: Direct, dependency or module association"
T0903,CHG_MULTI,0,"Scenario CHG_MULTI: Direct, dependency or module association"
T0904,CHG_MULTI,0,"Scenario CHG_MULTI: Direct, dependency or module association"
T0905,CHG_MULTI,1,"Scenario CHG_MULTI: Direct, dependency or module association"
T0906,CHG_MULTI,0,"Scenario CHG_MULTI: Direct, dependency or module association"
T0907,CHG_MULTI,0,"Scenario CHG_MULTI: Direct, dependency or module association"
T0908,CHG_MULTI,0,"Scenario CHG_MULTI: Direct, dependency or module association"
T0909,CHG_MULTI,0,"Scenario CHG_MULTI: Direct, dependency or module association"
T0910,CHG_MULTI,0,"Scenario CHG_MULTI: Direct, dependency or module association"
T0911,CHG_MULTI,0,"Scenario CHG_MULTI: Direct, dependency or module association"
T0912,CHG_MULTI,0,"Scenario CHG_MULTI: Direct, dependency or module association"
T0913,CHG_MULTI,0,"Scenario CHG_MULTI: Direct, dependency or module association"
T0914,CHG_MULTI,0,"Scenario CHG_MULTI: Direct, dependency or module association"
T0915,CHG_MULTI,1,"Scenario CHG_MULTI: Direct, dependency or module association"
T0916,CHG_MULTI,0,"Scenario CHG_MULTI: Direct, dependency or module association"
T0917,CHG_MULTI,1,"Scenario CHG_MULTI: Direct, dependency or module association"
T0918,CHG_MULTI,0,"Scenario CHG_MULTI: Direct, dependency or module association"
T0919,CHG_MULTI,1,"Scenario CHG_MULTI: Direct, dependency or module association"
T0920,CHG_MULTI,0,"Scenario CHG_MULTI: Direct, dependency or module association"
T0921,CHG_MULTI,0,"Scenario CHG_MULTI: Direct, dependency or module association"
T0922,CHG_MULTI,0,"Scenario CHG_MULTI: Direct, dependency or module association"
T0923,CHG_MULTI,0,"Scenario CHG_MULTI: Direct, dependency or module association"
T0924,CHG_MULTI,0,"Scenario CHG_MULTI: Direct, dependency or module association"
T0925,CHG_MULTI,0,"Scenario CHG_MULTI: Direct, dependency or module association"
T0926,CHG_MULTI,0,"Scenario CHG_MULTI: Direct, dependency or module association"
T0927,CHG_MULTI,0,"Scenario CHG_MULTI: Direct, dependency or module association"
T0928,CHG_MULTI,1,"Scenario CHG_MULTI: Direct, dependency or module association"
T0929,CHG_MULTI,0,"Scenario CHG_MULTI: Direct, dependency or module association"
T0930,CHG_MULTI,0,"Scenario CHG_MULTI: Direct, dependency or module association"
T0931,CHG_MULTI,1,"Scenario CHG_MULTI: Direct, dependency or module association"
T0932,CHG_MULTI,0,"Scenario CHG_MULTI: Direct, dependency or module association"
T0933,CHG_MULTI,0,"Scenario CHG_MULTI: Direct, dependency or module association"
T0934,CHG_MULTI,0,"Scenario CHG_MULTI: Direct, dependency or module association"
T0935,CHG_MULTI,0,"Scenario CHG_MULTI: Direct, dependency or module association"
T0936,CHG_MULTI,0,"Scenario CHG_MULTI: Direct, dependency or module association"
T0937,CHG_MULTI,0,"Scenario CHG_MULTI: Direct, dependency or module association"
T0938,CHG_MULTI,0,"Scenario CHG_MULTI: Direct, dependency or module association"
T0939,CHG_MULTI,1,"Scenario CHG_MULTI: Direct, dependency or module association"
T0940,CHG_MULTI,0,"Scenario CHG_MULTI: Direct, dependency or module association"
T0941,CHG_MULTI,0,"Scenario CHG_MULTI: Direct, dependency or module association"
T0942,CHG_MULTI,0,"Scenario CHG_MULTI: Direct, dependency or module association"
T0943,CHG_MULTI,0,"Scenario CHG_MULTI: Direct, dependency or module association"
T0944,CHG_MULTI,0,"Scenario CHG_MULTI: Direct, dependency or module association"
T0945,CHG_MULTI,1,"Scenario CHG_MULTI: Direct, dependency or module association"
T0946,CHG_MULTI,0,"Scenario CHG_MULTI: Direct, dependency or module association"
T0947,CHG_MULTI,1,"Scenario CHG_MULTI: Direct, dependency or module association"
T0948,CHG_MULTI,0,"Scenario CHG_MULTI: Direct, dependency or module association"
T0949,CHG_MULTI,0,"Scenario CHG_MULTI: Direct, dependency or module association"
T0950,CHG_MULTI,0,"Scenario CHG_MULTI: Direct, dependency or module association"
T0951,CHG_MULTI,0,"Scenario CHG_MULTI: Direct, dependency or module association"
T0952,CHG_MULTI,0,"Scenario CHG_MULTI: Direct, dependency or module association"
T0953,CHG_MULTI,0,"Scenario CHG_MULTI: Direct, dependency or module association"
T0954,CHG_MULTI,0,"Scenario CHG_MULTI: Direct, dependency or module association"
T0955,CHG_MULTI,0,"Scenario CHG_MULTI: Direct, dependency or module association"
T0956,CHG_MULTI,0,"Scenario CHG_MULTI: Direct, dependency or module association"
T0957,CHG_MULTI,0,"Scenario CHG_MULTI: Direct, dependency or module association"
T0958,CHG_MULTI,0,"Scenario CHG_MULTI: Direct, dependency or module association"
T0959,CHG_MULTI,0,"Scenario CHG_MULTI: Direct, dependency or module association"
T0960,CHG_MULTI,0,"Scenario CHG_MULTI: Direct, dependency or module association"
T0961,CHG_MULTI,0,"Scenario CHG_MULTI: Direct, dependency or module association"
T0962,CHG_MULTI,0,"Scenario CHG_MULTI: Direct, dependency or module association"
T0963,CHG_MULTI,1,"Scenario CHG_MULTI: Direct, dependency or module association"
T0964,CHG_MULTI,1,"Scenario CHG_MULTI: Direct, dependency or module association"
T0965,CHG_MULTI,0,"Scenario CHG_MULTI: Direct, dependency or module association"
T0966,CHG_MULTI,0,"Scenario CHG_MULTI: Direct, dependency or module association"
T0967,CHG_MULTI,1,"Scenario CHG_MULTI: Direct, dependency or module association"
T0968,CHG_MULTI,0,"Scenario CHG_MULTI: Direct, dependency or module association"
T0969,CHG_MULTI,0,"Scenario CHG_MULTI: Direct, dependency or module association"
T0970,CHG_MULTI,0,"Scenario CHG_MULTI: Direct, dependency or module association"
T0971,CHG_MULTI,0,"Scenario CHG_MULTI: Direct, dependency or module association"
T0972,CHG_MULTI,0,"Scenario CHG_MULTI: Direct, dependency or module association"
T0973,CHG_MULTI,0,"Scenario CHG_MULTI: Direct, dependency or module association"
T0974,CHG_MULTI,0,"Scenario CHG_MULTI: Direct, dependency or module association"
T0975,CHG_MULTI,0,"Scenario CHG_MULTI: Direct, dependency or module association"
T0976,CHG_MULTI,1,"Scenario CHG_MULTI: Direct, dependency or module association"
T0977,CHG_MULTI,0,"Scenario CHG_MULTI: Direct, dependency or module association"
T0978,CHG_MULTI,0,"Scenario CHG_MULTI: Direct, dependency or module association"
T0979,CHG_MULTI,0,"Scenario CHG_MULTI: Direct, dependency or module association"
T0980,CHG_MULTI,0,"Scenario CHG_MULTI: Direct, dependency or module association"
T0981,CHG_MULTI,0,"Scenario CHG_MULTI: Direct, dependency or module association"
T0982,CHG_MULTI,1,"Scenario CHG_MULTI: Direct, dependency or module association"
T0983,CHG_MULTI,0,"Scenario CHG_MULTI: Direct, dependency or module association"
T0984,CHG_MULTI,0,"Scenario CHG_MULTI: Direct, dependency or module association"
T0985,CHG_MULTI,0,"Scenario CHG_MULTI: Direct, dependency or module association"
T0986,CHG_MULTI,0,"Scenario CHG_MULTI: Direct, dependency or module association"
T0987,CHG_MULTI,0,"Scenario CHG_MULTI: Direct, dependency or module association"
T0988,CHG_MULTI,0,"Scenario CHG_MULTI: Direct, dependency or module association"
T0989,CHG_MULTI,0,"Scenario CHG_MULTI: Direct, dependency or module association"
T0990,CHG_MULTI,0,"Scenario CHG_MULTI: Direct, dependency or module association"
T0991,CHG_MULTI,0,"Scenario CHG_MULTI: Direct, dependency or module association"
T0992,CHG_MULTI,0,"Scenario CHG_MULTI: Direct, dependency or module association"
T0993,CHG_MULTI,0,"Scenario CHG_MULTI: Direct, dependency or module association"
T0994,CHG_MULTI,0,"Scenario CHG_MULTI: Direct, dependency or module association"
T0995,CHG_MULTI,0,"Scenario CHG_MULTI: Direct, dependency or module association"
T0996,CHG_MULTI,0,"Scenario CHG_MULTI: Direct, dependency or module association"
T0997,CHG_MULTI,1,"Scenario CHG_MULTI: Direct, dependency or module association"
T0998,CHG_MULTI,0,"Scenario CHG_MULTI: Direct, dependency or module association"
T0999,CHG_MULTI,0,"Scenario CHG_MULTI: Direct, dependency or module association"
T1000,CHG_MULTI,0,"Scenario CHG_MULTI: Direct, dependency or module association"
