test_id,failure_date,module,device,os_version,severity,error_type,resolved
T0647,2025-02-11,Payment,Samsung A34,Android 13,CRITICAL,AssertionError,1
T0538,2025-12-06,FraudDetection,Pixel 7,Android 14,CRITICAL,NetworkError,1
T0053,2025-03-02,OTP,iPhone 14,iOS 17,MEDIUM,ValueError,1
T0574,2025-03-24,OTP,Samsung A34,Android 13,CRITICAL,TimeoutError,1
T0457,2025-12-11,UPI,Samsung S24,Android 15,MEDIUM,TimeoutError,0
T0785,2025-02-16,FraudDetection,iPhone 15,iOS 18,MEDIUM,NullPointerException,0
T0431,2025-06-20,Authentication,Pixel 7,Android 14,HIGH,AuthError,0
T0208,2025-07-29,Authorization,Samsung S24,Android 15,HIGH,AssertionError,1
T0211,2025-10-29,FraudDetection,iPhone 14,iOS 17,HIGH,AssertionError,0
T0217,2025-12-02,Authorization,Pixel 7,Android 14,HIGH,AuthError,0
T0245,2025-02-19,AccountSecurity,iPhone 15,iOS 18,CRITICAL,AssertionError,1
T0388,2025-09-29,Payment,Pixel 8,Android 15,CRITICAL,NullPointerException,0
T0421,2025-02-27,OTP,iPhone 14,iOS 17,HIGH,AuthError,0
T0358,2025-11-04,Payment,iPhone 14,iOS 17,HIGH,TimeoutError,1
T0272,2025-12-13,Transaction,Samsung S24,Android 15,HIGH,AuthError,1
T0870,2025-11-18,FraudDetection,Samsung A54,Android 14,MEDIUM,AuthError,1
T0420,2025-04-30,AccountSecurity,Pixel 7,Android 14,MEDIUM,AuthError,0
T0695,2025-12-20,UPI,Pixel 7,Android 14,CRITICAL,ValueError,0
T0140,2025-10-22,Authorization,iPhone 14,iOS 17,CRITICAL,AuthError,0
T0538,2025-02-12,FraudDetection,Pixel 7,Android 14,MEDIUM,ValueError,0
T0381,2025-07-09,AccountSecurity,iPhone 15,iOS 18,MEDIUM,NetworkError,1
T0045,2025-10-01,UPI,Pixel 8,Android 15,HIGH,TimeoutError,1
T0422,2025-06-20,AccountSecurity,Pixel 7,Android 14,CRITICAL,TimeoutError,0
T0335,2025-04-07,Transaction,Pixel 8,Android 15,MEDIUM,NetworkError,1
T0060,2025-12-23,Payment,iPhone 15,iOS 18,HIGH,NullPointerException,0
T0591,2025-05-03,Transaction,Samsung A34,Android 13,HIGH,ValueError,0
T0254,2025-03-03,Authorization,Samsung S24,Android 15,HIGH,ValueError,0
T0855,2025-06-14,Authentication,Samsung A34,Android 13,HIGH,AssertionError,0
T0575,2025-05-10,AccountSecurity,Samsung A34,Android 13,HIGH,ValueError,0
T0030,2025-05-08,Payment,Pixel 8,Android 15,CRITICAL,AssertionError,0
T0502,2025-02-20,Authorization,Samsung S24,Android 15,HIGH,NetworkError,1
T0595,2025-08-22,OTP,Samsung S24,Android 15,CRITICAL,NullPointerException,1
T0267,2025-02-18,Transaction,Pixel 7,Android 14,CRITICAL,AssertionError,0
T0328,2025-04-16,AccountSecurity,iPhone 12,iOS 17,CRITICAL,NullPointerException,0
T0983,2025-06-11,Authorization,Pixel 7,Android 14,CRITICAL,AuthError,1
T0057,2025-03-13,Authentication,Pixel 7,Android 14,CRITICAL,NullPointerException,0
T0898,2025-01-02,OTP,iPhone 12,iOS 17,HIGH,NetworkError,1
T0350,2025-09-14,FraudDetection,iPhone 12,iOS 17,MEDIUM,ValueError,1
T0726,2025-04-23,UPI,iPhone 14,iOS 17,HIGH,NullPointerException,1
T0665,2025-07-06,FraudDetection,iPhone 12,iOS 17,MEDIUM,AuthError,0
T0565,2025-08-28,OTP,Samsung A54,Android 14,CRITICAL,NullPointerException,0
T0215,2025-06-07,UPI,Pixel 8,Android 15,MEDIUM,ValueError,0
T0517,2025-06-17,UPI,iPhone 12,iOS 17,HIGH,AssertionError,0
T0917,2025-05-02,Transaction,Pixel 8,Android 15,HIGH,NullPointerException,1
T0044,2025-04-10,Payment,iPhone 15,iOS 18,MEDIUM,AssertionError,1
T0616,2025-10-14,OTP,iPhone 15,iOS 18,HIGH,AssertionError,0
T0917,2025-03-14,Transaction,Pixel 8,Android 15,HIGH,TimeoutError,0
T0304,2025-05-10,FraudDetection,Pixel 7,Android 14,CRITICAL,AssertionError,1
T0373,2025-05-14,Authorization,iPhone 12,iOS 17,HIGH,NullPointerException,0
T0504,2025-01-25,AccountSecurity,iPhone 15,iOS 18,MEDIUM,AssertionError,0
T0277,2025-02-06,UPI,Pixel 7,Android 14,HIGH,ValueError,0
T0099,2025-04-15,OTP,Pixel 8,Android 15,HIGH,AuthError,0
T0464,2025-11-25,OTP,Samsung S24,Android 15,MEDIUM,NullPointerException,1
T0234,2025-04-22,UPI,iPhone 12,iOS 17,MEDIUM,TimeoutError,0
T0251,2025-04-28,AccountSecurity,iPhone 12,iOS 17,HIGH,AssertionError,0
T0355,2025-04-19,Authorization,iPhone 12,iOS 17,MEDIUM,ValueError,1
T0709,2025-04-05,Transaction,iPhone 12,iOS 17,MEDIUM,NullPointerException,1
T0998,2025-09-22,Transaction,iPhone 12,iOS 17,MEDIUM,AssertionError,1
T0533,2025-08-19,FraudDetection,Pixel 8,Android 15,HIGH,TimeoutError,1
T0840,2025-11-14,Transaction,Samsung S24,Android 15,HIGH,NetworkError,1
T0585,2025-01-25,Authorization,iPhone 14,iOS 17,HIGH,AuthError,1
T0839,2025-07-16,OTP,Samsung A34,Android 13,CRITICAL,TimeoutError,0
T0061,2025-06-25,FraudDetection,Samsung A54,Android 14,MEDIUM,NetworkError,0
T0626,2025-11-30,UPI,Samsung A34,Android 13,MEDIUM,AssertionError,1
T0483,2025-04-25,Authentication,iPhone 12,iOS 17,HIGH,AuthError,1
T0213,2025-07-28,Authorization,iPhone 15,iOS 18,HIGH,AuthError,0
T0809,2025-09-23,OTP,Samsung A34,Android 13,MEDIUM,AssertionError,0
T0213,2025-01-13,Authorization,iPhone 15,iOS 18,HIGH,NetworkError,0
T0130,2025-12-28,AccountSecurity,Samsung A34,Android 13,CRITICAL,NullPointerException,1
T0894,2025-02-15,UPI,iPhone 15,iOS 18,HIGH,AuthError,1
T0806,2025-11-30,AccountSecurity,Samsung A54,Android 14,MEDIUM,TimeoutError,0
T0931,2025-11-26,AccountSecurity,Samsung A54,Android 14,CRITICAL,NetworkError,0
T0828,2025-11-07,Authorization,Samsung A34,Android 13,MEDIUM,AuthError,0
T0076,2025-10-29,UPI,iPhone 14,iOS 17,HIGH,NetworkError,0
T0054,2025-07-20,Authentication,iPhone 15,iOS 18,MEDIUM,NullPointerException,1
T0358,2025-03-24,Payment,iPhone 14,iOS 17,MEDIUM,AssertionError,1
T0134,2025-01-23,Authorization,Samsung A54,Android 14,HIGH,NullPointerException,1
T0245,2025-03-06,AccountSecurity,iPhone 15,iOS 18,MEDIUM,TimeoutError,0
T0564,2025-08-09,Payment,iPhone 14,iOS 17,CRITICAL,NetworkError,1
T0877,2025-04-05,AccountSecurity,Samsung A34,Android 13,MEDIUM,NetworkError,0
T0002,2025-04-25,AccountSecurity,iPhone 15,iOS 18,HIGH,NullPointerException,0
T0587,2025-12-14,FraudDetection,Pixel 8,Android 15,HIGH,NullPointerException,1
T0469,2025-01-17,Transaction,Samsung A54,Android 14,MEDIUM,TimeoutError,1
T0514,2025-07-25,AccountSecurity,Samsung A34,Android 13,MEDIUM,AssertionError,1
T0111,2025-03-23,FraudDetection,Pixel 8,Android 15,HIGH,AuthError,1
T0261,2025-05-14,Authentication,iPhone 14,iOS 17,HIGH,AuthError,0
T0395,2025-04-01,UPI,Pixel 8,Android 15,CRITICAL,NullPointerException,1
T0857,2025-03-30,Authentication,Samsung S24,Android 15,HIGH,ValueError,0
T0255,2025-05-19,FraudDetection,Pixel 7,Android 14,CRITICAL,NullPointerException,0
T0114,2025-01-26,AccountSecurity,Samsung S24,Android 15,HIGH,AuthError,1
T0992,2025-05-18,UPI,iPhone 12,iOS 17,HIGH,NetworkError,0
T0931,2025-12-10,AccountSecurity,Samsung A54,Android 14,MEDIUM,TimeoutError,0
T0745,2025-09-09,Payment,Pixel 7,Android 14,CRITICAL,ValueError,1
T0157,2025-05-22,FraudDetection,Pixel 8,Android 15,MEDIUM,NetworkError,1
T0737,2025-11-03,OTP,Samsung A34,Android 13,CRITICAL,ValueError,0
T0569,2025-03-05,AccountSecurity,Samsung A54,Android 14,HIGH,TimeoutError,0
T0456,2025-03-05,UPI,iPhone 15,iOS 18,CRITICAL,TimeoutError,1
T0374,2025-03-20,UPI,iPhone 12,iOS 17,MEDIUM,NetworkError,1
T0537,2025-12-13,UPI,Samsung S24,Android 15,HIGH,NullPointerException,0
T0541,2025-02-04,Authentication,iPhone 14,iOS 17,CRITICAL,TimeoutError,1
T0765,2025-10-19,Authorization,iPhone 15,iOS 18,MEDIUM,TimeoutError,0
T0066,2025-05-06,Payment,Samsung A54,Android 14,MEDIUM,NullPointerException,1
T0373,2025-08-20,Authorization,iPhone 12,iOS 17,CRITICAL,NetworkError,0
T0116,2025-07-10,Transaction,Samsung A34,Android 13,HIGH,NullPointerException,0
T0824,2025-12-10,Payment,Samsung A34,Android 13,HIGH,AuthError,1
T0363,2025-12-28,Authorization,Pixel 8,Android 15,HIGH,NullPointerException,0
T0330,2025-12-28,Transaction,Samsung A54,Android 14,MEDIUM,AssertionError,0
T0057,2025-05-03,Authentication,Pixel 7,Android 14,CRITICAL,NullPointerException,0
T0857,2025-07-09,Authentication,Samsung S24,Android 15,HIGH,AuthError,1
T0594,2025-09-10,Authentication,Samsung S24,Android 15,CRITICAL,NullPointerException,1
T0120,2025-08-04,UPI,Pixel 8,Android 15,HIGH,TimeoutError,0
T0102,2025-08-31,UPI,Samsung A54,Android 14,CRITICAL,AuthError,0
T0862,2025-02-27,FraudDetection,Samsung A54,Android 14,MEDIUM,AuthError,1
T0267,2025-05-16,Transaction,Pixel 7,Android 14,MEDIUM,NullPointerException,0
T0948,2025-01-14,FraudDetection,Pixel 8,Android 15,MEDIUM,NetworkError,1
T0043,2025-11-04,FraudDetection,iPhone 14,iOS 17,MEDIUM,AuthError,1
T0105,2025-02-01,UPI,Samsung S24,Android 15,HIGH,AuthError,0
T0300,2025-10-16,Payment,iPhone 14,iOS 17,HIGH,TimeoutError,0
T0179,2025-11-17,AccountSecurity,Pixel 7,Android 14,HIGH,TimeoutError,1
T0352,2025-12-16,OTP,Pixel 7,Android 14,CRITICAL,NullPointerException,0
T0400,2025-09-11,OTP,Samsung S24,Android 15,HIGH,TimeoutError,0
T0474,2025-10-18,Authentication,Pixel 7,Android 14,CRITICAL,NullPointerException,0
T0044,2025-04-12,Payment,iPhone 15,iOS 18,HIGH,TimeoutError,1
T0268,2025-08-25,OTP,iPhone 14,iOS 17,HIGH,TimeoutError,1
T0043,2025-02-22,FraudDetection,iPhone 14,iOS 17,CRITICAL,NullPointerException,1
T0593,2025-02-05,Payment,Samsung S24,Android 15,MEDIUM,ValueError,1
T0959,2025-09-30,OTP,Samsung A34,Android 13,CRITICAL,NetworkError,0
T0537,2025-05-17,UPI,Samsung S24,Android 15,CRITICAL,TimeoutError,1
T0188,2025-01-09,OTP,iPhone 15,iOS 18,CRITICAL,ValueError,0
T0892,2025-03-07,Payment,Samsung A34,Android 13,HIGH,NullPointerException,1
T0959,2025-12-02,OTP,Samsung A34,Android 13,MEDIUM,NullPointerException,1
T0483,2025-12-08,Authentication,iPhone 12,iOS 17,CRITICAL,AssertionError,0
T0855,2025-08-18,Authentication,Samsung A34,Android 13,MEDIUM,NetworkError,1
T0158,2025-11-01,Transaction,iPhone 14,iOS 17,MEDIUM,AssertionError,1
T0154,2025-12-21,Authentication,Pixel 8,Android 15,CRITICAL,NetworkError,1
T0734,2025-02-28,Authentication,iPhone 14,iOS 17,CRITICAL,ValueError,1
T0999,2025-08-17,Authorization,Samsung S24,Android 15,MEDIUM,AuthError,0
T0170,2025-04-01,FraudDetection,Pixel 8,Android 15,MEDIUM,TimeoutError,1
T0317,2025-01-19,OTP,Samsung A54,Android 14,HIGH,NetworkError,1
T0917,2025-08-11,Transaction,Pixel 8,Android 15,CRITICAL,NetworkError,1
T0254,2025-11-05,Authorization,Samsung S24,Android 15,HIGH,NetworkError,0
T0061,2025-06-20,FraudDetection,Samsung A54,Android 14,MEDIUM,AssertionError,1
T0365,2025-07-10,Transaction,Samsung A34,Android 13,MEDIUM,NullPointerException,1
T0091,2025-09-05,UPI,iPhone 15,iOS 18,CRITICAL,TimeoutError,0
T0977,2025-01-29,Transaction,iPhone 14,iOS 17,MEDIUM,NetworkError,1
T0956,2025-03-08,UPI,Samsung A54,Android 14,CRITICAL,TimeoutError,1
T0781,2025-07-18,OTP,Pixel 8,Android 15,HIGH,TimeoutError,0
T0589,2025-02-05,Transaction,Pixel 7,Android 14,CRITICAL,AuthError,1
T0781,2025-06-25,OTP,Pixel 8,Android 15,HIGH,TimeoutError,1
T0424,2025-11-16,Authorization,iPhone 12,iOS 17,HIGH,NullPointerException,0
T0619,2025-11-04,Payment,Samsung A54,Android 14,MEDIUM,NetworkError,0
T0748,2025-04-11,FraudDetection,Samsung A54,Android 14,CRITICAL,ValueError,1
T0399,2025-01-14,FraudDetection,iPhone 12,iOS 17,CRITICAL,TimeoutError,1
T0140,2025-04-11,Authorization,iPhone 14,iOS 17,MEDIUM,NetworkError,1
T0055,2025-04-16,FraudDetection,iPhone 15,iOS 18,HIGH,ValueError,1
T0741,2025-10-03,AccountSecurity,iPhone 15,iOS 18,HIGH,AssertionError,1
T0188,2025-08-18,OTP,iPhone 15,iOS 18,MEDIUM,TimeoutError,1
T0129,2025-10-13,Authorization,iPhone 15,iOS 18,MEDIUM,AuthError,1
T0993,2025-08-12,Authorization,Samsung A54,Android 14,CRITICAL,ValueError,0
T0580,2025-03-22,OTP,iPhone 12,iOS 17,MEDIUM,NullPointerException,1
T0817,2025-12-01,Authentication,Samsung S24,Android 15,MEDIUM,NullPointerException,1
T0039,2025-04-11,Transaction,Samsung A34,Android 13,CRITICAL,NetworkError,1
T0986,2025-02-16,AccountSecurity,iPhone 12,iOS 17,CRITICAL,AssertionError,0
T0175,2025-07-11,FraudDetection,iPhone 12,iOS 17,HIGH,ValueError,0
T0748,2025-08-25,FraudDetection,Samsung A54,Android 14,CRITICAL,ValueError,0
T0684,2025-01-08,FraudDetection,Samsung S24,Android 15,HIGH,TimeoutError,0
T0501,2025-06-27,OTP,Pixel 8,Android 15,MEDIUM,NetworkError,1
T0723,2025-10-14,Payment,iPhone 15,iOS 18,CRITICAL,NullPointerException,1
T0767,2025-08-27,UPI,Samsung A54,Android 14,MEDIUM,ValueError,1
T0767,2025-03-08,UPI,Samsung A54,Android 14,CRITICAL,AuthError,0
T0786,2025-07-06,AccountSecurity,Samsung A34,Android 13,MEDIUM,AuthError,1
T0655,2025-06-20,UPI,iPhone 14,iOS 17,HIGH,AuthError,0
T0578,2025-11-08,Authentication,Samsung A54,Android 14,MEDIUM,NetworkError,0
T0612,2025-07-29,OTP,Pixel 7,Android 14,MEDIUM,ValueError,0
T0485,2025-01-24,FraudDetection,Samsung S24,Android 15,HIGH,NetworkError,1
T0693,2025-05-23,UPI,Samsung S24,Android 15,CRITICAL,AuthError,1
T0723,2025-05-12,Payment,iPhone 15,iOS 18,HIGH,NullPointerException,0
T0841,2025-06-17,Payment,iPhone 12,iOS 17,MEDIUM,AssertionError,0
T0336,2025-02-08,Authentication,Samsung A54,Android 14,HIGH,AuthError,0
T0611,2025-07-30,Transaction,Pixel 7,Android 14,MEDIUM,NullPointerException,0
T0716,2025-04-29,Authentication,iPhone 14,iOS 17,HIGH,AuthError,0
T0999,2025-01-21,Authorization,Samsung S24,Android 15,HIGH,TimeoutError,1
T0261,2025-10-12,Authentication,iPhone 14,iOS 17,MEDIUM,NullPointerException,0
T0462,2025-08-19,OTP,iPhone 12,iOS 17,CRITICAL,TimeoutError,0
T0513,2025-12-28,Payment,Samsung A34,Android 13,MEDIUM,NullPointerException,0
T0255,2025-08-25,FraudDetection,Pixel 7,Android 14,MEDIUM,TimeoutError,0
T0997,2025-04-25,Payment,Samsung S24,Android 15,CRITICAL,AuthError,1
T0515,2025-09-10,FraudDetection,iPhone 14,iOS 17,MEDIUM,NetworkError,0
T0871,2025-11-17,Payment,Pixel 8,Android 15,CRITICAL,ValueError,0
T0113,2025-01-05,Authorization,Pixel 7,Android 14,HIGH,NetworkError,0
T0994,2025-12-28,Authorization,Pixel 7,Android 14,HIGH,AuthError,1
T0784,2025-07-22,OTP,iPhone 12,iOS 17,HIGH,NetworkError,1
T0465,2025-08-18,UPI,Pixel 8,Android 15,HIGH,NetworkError,1
T0694,2025-12-31,Transaction,iPhone 14,iOS 17,HIGH,ValueError,1
T0302,2025-01-25,UPI,Pixel 8,Android 15,HIGH,AssertionError,1
T0921,2025-08-24,Authorization,Samsung S24,Android 15,HIGH,NetworkError,1
T0679,2025-05-09,Authentication,Pixel 8,Android 15,MEDIUM,ValueError,0
T0234,2025-11-29,UPI,iPhone 12,iOS 17,MEDIUM,ValueError,0
T0955,2025-10-12,Transaction,Pixel 7,Android 14,CRITICAL,NullPointerException,0
T0199,2025-12-13,OTP,Pixel 8,Android 15,MEDIUM,NetworkError,1
T0555,2025-06-30,FraudDetection,iPhone 12,iOS 17,MEDIUM,AuthError,1
T0222,2025-09-28,Transaction,Samsung A34,Android 13,HIGH,ValueError,1
T0169,2025-07-15,Authentication,Samsung A54,Android 14,HIGH,ValueError,1
T0358,2025-11-27,Payment,iPhone 14,iOS 17,MEDIUM,AssertionError,1
T0378,2025-05-02,FraudDetection,iPhone 15,iOS 18,CRITICAL,AuthError,1
T0262,2025-04-21,OTP,Pixel 8,Android 15,MEDIUM,AssertionError,1
T0255,2025-07-13,FraudDetection,Pixel 7,Android 14,HIGH,NullPointerException,0
T0897,2025-08-17,Authentication,iPhone 15,iOS 18,MEDIUM,TimeoutError,1
T0358,2025-01-26,Payment,iPhone 14,iOS 17,CRITICAL,NullPointerException,0
T0317,2025-09-08,OTP,Samsung A54,Android 14,CRITICAL,ValueError,0
T0776,2025-06-17,OTP,Samsung A34,Android 13,MEDIUM,NetworkError,0
T0232,2025-11-02,Transaction,iPhone 15,iOS 18,HIGH,NetworkError,0
T0011,2025-09-15,FraudDetection,iPhone 14,iOS 17,HIGH,NetworkError,1
T0752,2025-12-04,FraudDetection,iPhone 15,iOS 18,HIGH,AssertionError,1
T0014,2025-04-22,AccountSecurity,Samsung S24,Android 15,HIGH,NetworkError,0
T0587,2025-04-10,FraudDetection,Pixel 8,Android 15,HIGH,AssertionError,1
T0655,2025-08-16,UPI,iPhone 14,iOS 17,CRITICAL,TimeoutError,1
T0481,2025-12-05,Authorization,Samsung A54,Android 14,HIGH,NetworkError,1
T0047,2025-01-23,OTP,Pixel 8,Android 15,MEDIUM,NullPointerException,0
T0804,2025-12-17,AccountSecurity,iPhone 15,iOS 18,CRITICAL,AssertionError,0
T0595,2025-02-02,OTP,Samsung S24,Android 15,HIGH,AssertionError,0
T0299,2025-07-19,UPI,Pixel 8,Android 15,CRITICAL,AuthError,1
T0455,2025-05-10,Payment,iPhone 12,iOS 17,MEDIUM,AuthError,1
T0055,2025-10-10,FraudDetection,iPhone 15,iOS 18,MEDIUM,TimeoutError,1
T0310,2025-12-29,FraudDetection,Samsung S24,Android 15,CRITICAL,AuthError,0
T0014,2025-03-26,AccountSecurity,Samsung S24,Android 15,HIGH,TimeoutError,1
T0465,2025-03-24,UPI,Pixel 8,Android 15,HIGH,NetworkError,0
T0433,2025-04-16,Authorization,Pixel 7,Android 14,MEDIUM,NullPointerException,0
T0409,2025-11-29,Authentication,Pixel 8,Android 15,MEDIUM,NullPointerException,1
T0065,2025-12-12,Authorization,Pixel 7,Android 14,MEDIUM,AuthError,0
T0386,2025-02-21,OTP,iPhone 12,iOS 17,HIGH,NetworkError,0
T0647,2025-05-01,Payment,Samsung A34,Android 13,HIGH,AuthError,1
T0550,2025-10-27,AccountSecurity,iPhone 15,iOS 18,CRITICAL,NullPointerException,1
T0457,2025-04-19,UPI,Samsung S24,Android 15,MEDIUM,NetworkError,1
T0479,2025-07-31,Authorization,iPhone 15,iOS 18,MEDIUM,TimeoutError,1
T0209,2025-02-14,OTP,Pixel 8,Android 15,HIGH,NullPointerException,1
T0827,2025-03-31,OTP,Pixel 8,Android 15,MEDIUM,AuthError,0
T0131,2025-12-16,Authentication,iPhone 14,iOS 17,HIGH,NetworkError,1
T0870,2025-02-20,FraudDetection,Samsung A54,Android 14,HIGH,TimeoutError,0
T0277,2025-08-12,UPI,Pixel 7,Android 14,HIGH,AuthError,0
T0809,2025-11-22,OTP,Samsung A34,Android 13,HIGH,AuthError,0
T0689,2025-05-21,FraudDetection,Samsung A34,Android 13,CRITICAL,ValueError,1
T0208,2025-12-28,Authorization,Samsung S24,Android 15,MEDIUM,AssertionError,0
T0223,2025-10-10,AccountSecurity,Samsung A34,Android 13,HIGH,AuthError,1
T0767,2025-08-16,UPI,Samsung A54,Android 14,HIGH,TimeoutError,1
T0853,2025-07-07,OTP,Samsung S24,Android 15,MEDIUM,NetworkError,0
T0821,2025-07-17,UPI,iPhone 14,iOS 17,CRITICAL,AuthError,1
T0487,2025-05-02,Authorization,iPhone 12,iOS 17,CRITICAL,ValueError,1
T0960,2025-02-20,OTP,iPhone 12,iOS 17,HIGH,NullPointerException,1
T0255,2025-07-11,FraudDetection,Pixel 7,Android 14,HIGH,ValueError,1
T0110,2025-10-15,Authentication,Pixel 8,Android 15,MEDIUM,TimeoutError,0
T0729,2025-12-19,Payment,Samsung A54,Android 14,MEDIUM,NullPointerException,1
T0048,2025-05-08,Transaction,Samsung A54,Android 14,HIGH,ValueError,1
T0782,2025-07-13,Authorization,Samsung S24,Android 15,CRITICAL,ValueError,0
T0056,2025-05-31,Transaction,Samsung A34,Android 13,HIGH,AssertionError,1
T0667,2025-02-10,AccountSecurity,Pixel 8,Android 15,CRITICAL,NullPointerException,1
T0175,2025-03-07,FraudDetection,iPhone 12,iOS 17,MEDIUM,AssertionError,1
T0505,2025-07-07,Payment,Samsung A54,Android 14,CRITICAL,NetworkError,0
T0291,2025-02-26,AccountSecurity,Samsung S24,Android 15,MEDIUM,NullPointerException,0
T0185,2025-05-03,AccountSecurity,iPhone 15,iOS 18,CRITICAL,TimeoutError,0
T0669,2025-11-02,OTP,iPhone 14,iOS 17,CRITICAL,NullPointerException,1
T0257,2025-02-14,UPI,iPhone 14,iOS 17,MEDIUM,NetworkError,1
T0011,2025-05-16,FraudDetection,iPhone 14,iOS 17,MEDIUM,TimeoutError,1
T0884,2025-10-28,Payment,iPhone 14,iOS 17,CRITICAL,TimeoutError,1
T0549,2025-04-30,UPI,Samsung A54,Android 14,MEDIUM,NullPointerException,0
T0284,2025-01-31,Payment,iPhone 14,iOS 17,CRITICAL,NetworkError,0
T0031,2025-09-27,OTP,Samsung A54,Android 14,MEDIUM,TimeoutError,0
T0882,2025-02-11,Transaction,iPhone 15,iOS 18,MEDIUM,AssertionError,0
T0602,2025-11-16,Authorization,Samsung A54,Android 14,CRITICAL,AssertionError,0
T0372,2025-06-04,FraudDetection,Pixel 7,Android 14,HIGH,ValueError,0
T0083,2025-04-20,UPI,Samsung A34,Android 13,HIGH,NullPointerException,1
T0025,2025-10-14,Payment,Samsung S24,Android 15,MEDIUM,TimeoutError,1
T0277,2025-03-10,UPI,Pixel 7,Android 14,CRITICAL,NetworkError,1
T0409,2025-08-20,Authentication,Pixel 8,Android 15,HIGH,TimeoutError,1
T0991,2025-01-29,AccountSecurity,Pixel 7,Android 14,CRITICAL,TimeoutError,1
T0072,2025-03-19,Authorization,Samsung A54,Android 14,CRITICAL,NullPointerException,0
T0956,2025-12-20,UPI,Samsung A54,Android 14,MEDIUM,ValueError,0
T0320,2025-12-04,AccountSecurity,iPhone 15,iOS 18,HIGH,NullPointerException,0
T0350,2025-03-28,FraudDetection,iPhone 12,iOS 17,MEDIUM,NullPointerException,1
T0061,2025-02-18,FraudDetection,Samsung A54,Android 14,MEDIUM,NetworkError,0
T0617,2025-06-25,OTP,Samsung A34,Android 13,HIGH,NullPointerException,0
T0575,2025-10-26,AccountSecurity,Samsung A34,Android 13,CRITICAL,NullPointerException,1
T0846,2025-10-30,AccountSecurity,iPhone 15,iOS 18,MEDIUM,AssertionError,1
T0588,2025-10-02,Payment,Pixel 7,Android 14,MEDIUM,NullPointerException,0
T0463,2025-09-13,AccountSecurity,iPhone 14,iOS 17,CRITICAL,AssertionError,0
T0834,2025-09-20,Authorization,Pixel 7,Android 14,CRITICAL,ValueError,0
T0377,2025-06-06,FraudDetection,Samsung A54,Android 14,HIGH,NullPointerException,0
T0378,2025-07-26,FraudDetection,iPhone 15,iOS 18,HIGH,ValueError,1
T0485,2025-01-28,FraudDetection,Samsung S24,Android 15,CRITICAL,TimeoutError,0
T0363,2025-11-29,Authorization,Pixel 8,Android 15,CRITICAL,TimeoutError,0
T0454,2025-10-31,AccountSecurity,iPhone 12,iOS 17,CRITICAL,TimeoutError,0
T0923,2025-03-10,Authorization,iPhone 14,iOS 17,MEDIUM,NullPointerException,1
T0301,2025-03-01,Authorization,Pixel 8,Android 15,CRITICAL,NetworkError,0
T0169,2025-02-05,Authentication,Samsung A54,Android 14,CRITICAL,ValueError,0
T0144,2025-08-22,Authentication,iPhone 15,iOS 18,MEDIUM,TimeoutError,0
T0638,2025-11-05,Transaction,Samsung A34,Android 13,MEDIUM,NullPointerException,0
T0749,2025-01-01,UPI,iPhone 15,iOS 18,MEDIUM,NullPointerException,0
T0967,2025-02-21,Authentication,Pixel 7,Android 14,CRITICAL,AuthError,0
T0282,2025-08-29,FraudDetection,Samsung A34,Android 13,CRITICAL,AssertionError,1
T0579,2025-10-11,UPI,Pixel 8,Android 15,MEDIUM,NullPointerException,0
T0388,2025-02-27,Payment,Pixel 8,Android 15,CRITICAL,TimeoutError,0
T0737,2025-06-13,OTP,Samsung A34,Android 13,HIGH,NetworkError,1
T0963,2025-06-07,Authentication,Pixel 8,Android 15,HIGH,AuthError,0
T0113,2025-11-23,Authorization,Pixel 7,Android 14,MEDIUM,NetworkError,1
T0374,2025-10-16,UPI,iPhone 12,iOS 17,CRITICAL,ValueError,0
T0511,2025-08-26,UPI,Pixel 8,Android 15,CRITICAL,ValueError,0
T0306,2025-11-23,Authentication,Pixel 8,Android 15,MEDIUM,AuthError,0
T0420,2025-10-02,AccountSecurity,Pixel 7,Android 14,MEDIUM,TimeoutError,0
T0745,2025-08-08,Payment,Pixel 7,Android 14,CRITICAL,TimeoutError,0
T0645,2025-03-20,Payment,Samsung A54,Android 14,CRITICAL,TimeoutError,1
T0623,2025-11-18,OTP,Samsung A54,Android 14,HIGH,NullPointerException,1
T0716,2025-09-02,Authentication,iPhone 14,iOS 17,MEDIUM,AssertionError,1
T0586,2025-03-14,Payment,Pixel 7,Android 14,CRITICAL,NullPointerException,0
T0060,2025-06-07,Payment,iPhone 15,iOS 18,MEDIUM,ValueError,1
T0634,2025-12-27,Authentication,Pixel 7,Android 14,CRITICAL,AuthError,0
T0386,2025-12-12,OTP,iPhone 12,iOS 17,CRITICAL,AssertionError,0
T0964,2025-06-28,Authentication,Pixel 7,Android 14,CRITICAL,NetworkError,1
T0148,2025-05-16,Payment,iPhone 14,iOS 17,MEDIUM,AuthError,0
T0841,2025-03-18,Payment,iPhone 12,iOS 17,HIGH,NetworkError,0
T0096,2025-08-28,Transaction,iPhone 14,iOS 17,CRITICAL,NullPointerException,0
T0529,2025-08-21,Authentication,Pixel 7,Android 14,MEDIUM,NullPointerException,1
T0284,2025-01-27,Payment,iPhone 14,iOS 17,HIGH,AssertionError,0
T0310,2025-05-31,FraudDetection,Samsung S24,Android 15,MEDIUM,TimeoutError,0
T0815,2025-07-17,OTP,iPhone 14,iOS 17,HIGH,TimeoutError,0
T0432,2025-10-28,OTP,iPhone 12,iOS 17,HIGH,NullPointerException,1
T0627,2025-08-21,UPI,Pixel 7,Android 14,CRITICAL,NullPointerException,0
T0484,2026-01-01,Payment,iPhone 14,iOS 17,CRITICAL,NetworkError,1
T0648,2025-10-03,OTP,Samsung A34,Android 13,HIGH,AssertionError,1
T0691,2025-03-18,Payment,Pixel 8,Android 15,CRITICAL,NetworkError,1
T0539,2025-01-27,AccountSecurity,iPhone 15,iOS 18,MEDIUM,ValueError,1
T0189,2025-02-05,Authentication,Pixel 7,Android 14,CRITICAL,NetworkError,0
T0423,2025-02-17,OTP,iPhone 12,iOS 17,MEDIUM,AssertionError,0
T0175,2025-07-23,FraudDetection,iPhone 12,iOS 17,MEDIUM,AssertionError,0
T0447,2025-08-17,Authorization,Samsung A34,Android 13,CRITICAL,ValueError,1
T0764,2025-08-05,AccountSecurity,iPhone 14,iOS 17,MEDIUM,AuthError,1
T0986,2025-08-24,AccountSecurity,iPhone 12,iOS 17,HIGH,ValueError,0
T0553,2025-03-21,Payment,Samsung S24,Android 15,MEDIUM,ValueError,0
T0761,2025-05-10,Authentication,Samsung A54,Android 14,HIGH,TimeoutError,1
T0725,2025-05-02,AccountSecurity,Samsung S24,Android 15,CRITICAL,ValueError,0
T0312,2025-10-20,Payment,Samsung S24,Android 15,HIGH,AssertionError,1
T0644,2025-09-20,FraudDetection,Pixel 8,Android 15,CRITICAL,NullPointerException,0
T0771,2025-07-12,FraudDetection,iPhone 14,iOS 17,MEDIUM,NetworkError,1
T0178,2025-08-19,Transaction,Pixel 7,Android 14,MEDIUM,AssertionError,1
T0329,2025-02-24,OTP,iPhone 15,iOS 18,CRITICAL,AssertionError,0
T0589,2025-10-19,Transaction,Pixel 7,Android 14,CRITICAL,NullPointerException,0
T0526,2025-09-05,Transaction,Pixel 8,Android 15,HIGH,NullPointerException,0
T0990,2025-12-14,Authentication,Pixel 7,Android 14,MEDIUM,NullPointerException,1
T0196,2025-10-13,Payment,iPhone 14,iOS 17,MEDIUM,ValueError,1
T0277,2025-03-19,UPI,Pixel 7,Android 14,MEDIUM,TimeoutError,1
T0872,2025-05-31,OTP,iPhone 15,iOS 18,CRITICAL,AuthError,0
T0564,2025-03-15,Payment,iPhone 14,iOS 17,CRITICAL,AuthError,1
T0780,2025-08-15,Authentication,Samsung S24,Android 15,CRITICAL,NullPointerException,0
T0652,2025-03-10,FraudDetection,iPhone 12,iOS 17,MEDIUM,NetworkError,1
T0245,2025-03-30,AccountSecurity,iPhone 15,iOS 18,CRITICAL,AuthError,1
T0291,2025-06-17,AccountSecurity,Samsung S24,Android 15,MEDIUM,TimeoutError,1
T0578,2025-08-20,Authentication,Samsung A54,Android 14,MEDIUM,ValueError,0
T0283,2025-11-02,OTP,Pixel 8,Android 15,MEDIUM,AssertionError,1
T0132,2025-08-19,Authorization,iPhone 12,iOS 17,HIGH,ValueError,1
T0336,2025-10-22,Authentication,Samsung A54,Android 14,MEDIUM,TimeoutError,0
T0486,2025-07-17,Authorization,Samsung A54,Android 14,CRITICAL,AssertionError,1
T0135,2025-10-22,Authentication,Samsung S24,Android 15,HIGH,NetworkError,1
T0006,2025-11-24,FraudDetection,Samsung S24,Android 15,MEDIUM,NetworkError,1
T0647,2025-08-05,Payment,Samsung A34,Android 13,CRITICAL,AuthError,1
T0421,2025-07-08,OTP,iPhone 14,iOS 17,HIGH,NullPointerException,0
T0623,2025-04-11,OTP,Samsung A54,Android 14,CRITICAL,ValueError,0
T0853,2025-03-08,OTP,Samsung S24,Android 15,HIGH,NullPointerException,1
T0134,2025-04-06,Authorization,Samsung A54,Android 14,CRITICAL,AuthError,0
T0692,2025-09-20,Transaction,iPhone 15,iOS 18,MEDIUM,NetworkError,0
T0334,2025-05-19,Transaction,Samsung A34,Android 13,HIGH,TimeoutError,1
T0475,2025-10-11,AccountSecurity,iPhone 14,iOS 17,HIGH,NullPointerException,1
T0523,2025-06-23,FraudDetection,Pixel 7,Android 14,CRITICAL,TimeoutError,1
T0135,2025-05-21,Authentication,Samsung S24,Android 15,HIGH,NullPointerException,0
T0709,2025-08-27,Transaction,iPhone 12,iOS 17,MEDIUM,AssertionError,0
T0741,2025-10-11,AccountSecurity,iPhone 15,iOS 18,MEDIUM,TimeoutError,0
T0704,2025-05-19,AccountSecurity,iPhone 15,iOS 18,HIGH,AuthError,1
T0707,2025-02-15,Authorization,Samsung S24,Android 15,CRITICAL,NullPointerException,0
T0432,2025-08-24,OTP,iPhone 12,iOS 17,HIGH,NullPointerException,1
T0883,2025-05-31,Authorization,Samsung A54,Android 14,CRITICAL,ValueError,1
T0836,2025-04-01,OTP,Samsung S24,Android 15,HIGH,TimeoutError,1
T0378,2025-10-13,FraudDetection,iPhone 15,iOS 18,HIGH,AssertionError,1
T0175,2025-06-12,FraudDetection,iPhone 12,iOS 17,CRITICAL,NetworkError,1
T0066,2025-11-15,Payment,Samsung A54,Android 14,MEDIUM,NullPointerException,0
T0271,2025-02-26,Payment,Pixel 8,Android 15,CRITICAL,AuthError,1
T0502,2025-11-08,Authorization,Samsung S24,Android 15,CRITICAL,NullPointerException,0
T0083,2025-07-03,UPI,Samsung A34,Android 13,CRITICAL,AuthError,0
T0420,2025-01-16,AccountSecurity,Pixel 7,Android 14,MEDIUM,NetworkError,1
T0464,2025-05-24,OTP,Samsung S24,Android 15,MEDIUM,AssertionError,0
T0729,2025-10-20,Payment,Samsung A54,Android 14,MEDIUM,NetworkError,0
T0586,2025-01-08,Payment,Pixel 7,Android 14,CRITICAL,NetworkError,0
T0875,2025-04-07,OTP,Pixel 8,Android 15,MEDIUM,NetworkError,0
T0726,2025-01-09,UPI,iPhone 14,iOS 17,MEDIUM,AuthError,1
T0876,2025-04-13,FraudDetection,Samsung A34,Android 13,HIGH,NullPointerException,1
T0648,2025-01-20,OTP,Samsung A34,Android 13,HIGH,TimeoutError,0
T0146,2025-06-19,Authorization,Samsung A54,Android 14,CRITICAL,NetworkError,1
T0780,2025-09-10,Authentication,Samsung S24,Android 15,MEDIUM,ValueError,0
T0286,2025-08-23,Payment,Pixel 7,Android 14,HIGH,NullPointerException,0
T0312,2025-10-05,Payment,Samsung S24,Android 15,CRITICAL,AuthError,0
T0611,2025-10-20,Transaction,Pixel 7,Android 14,CRITICAL,TimeoutError,0
T0639,2025-10-01,Transaction,iPhone 12,iOS 17,HIGH,ValueError,1
T0618,2025-12-14,Payment,Samsung A54,Android 14,CRITICAL,NullPointerException,1
T0500,2025-05-12,Transaction,Samsung S24,Android 15,CRITICAL,ValueError,0
T0144,2025-04-15,Authentication,iPhone 15,iOS 18,CRITICAL,TimeoutError,1
T0865,2025-09-01,Transaction,Samsung S24,Android 15,HIGH,TimeoutError,1
T0803,2025-01-25,OTP,Samsung A54,Android 14,HIGH,ValueError,0
T0712,2025-12-17,Authentication,Samsung A54,Android 14,HIGH,NetworkError,1
T0099,2025-03-14,OTP,Pixel 8,Android 15,HIGH,AuthError,0
T0729,2025-09-03,Payment,Samsung A54,Android 14,MEDIUM,AuthError,1
T0627,2025-09-29,UPI,Pixel 7,Android 14,CRITICAL,AuthError,0
T0498,2025-11-01,FraudDetection,Pixel 7,Android 14,CRITICAL,NetworkError,1
T0983,2025-10-06,Authorization,Pixel 7,Android 14,HIGH,AssertionError,1
T0096,2025-01-30,Transaction,iPhone 14,iOS 17,CRITICAL,NullPointerException,1
T0072,2025-04-23,Authorization,Samsung A54,Android 14,MEDIUM,TimeoutError,0
T0788,2025-03-05,FraudDetection,Samsung A54,Android 14,MEDIUM,NullPointerException,0
T0850,2025-05-27,AccountSecurity,Pixel 8,Android 15,MEDIUM,AuthError,1
T0993,2025-03-08,Authorization,Samsung A54,Android 14,CRITICAL,ValueError,1
T0208,2025-01-31,Authorization,Samsung S24,Android 15,HIGH,NetworkError,1
T0906,2025-03-09,OTP,iPhone 14,iOS 17,CRITICAL,ValueError,1
T0870,2025-10-22,FraudDetection,Samsung A54,Android 14,CRITICAL,NullPointerException,0
T0854,2025-01-29,UPI,iPhone 12,iOS 17,HIGH,TimeoutError,0
T0692,2025-07-17,Transaction,iPhone 15,iOS 18,MEDIUM,ValueError,1
T0045,2025-06-04,UPI,Pixel 8,Android 15,MEDIUM,AuthError,1
T0539,2025-10-13,AccountSecurity,iPhone 15,iOS 18,CRITICAL,ValueError,1
T0148,2025-09-20,Payment,iPhone 14,iOS 17,HIGH,AssertionError,0
T0733,2025-04-07,UPI,iPhone 15,iOS 18,HIGH,TimeoutError,1
T0215,2025-04-24,UPI,Pixel 8,Android 15,HIGH,TimeoutError,0
T0834,2025-11-05,Authorization,Pixel 7,Android 14,CRITICAL,NullPointerException,0
T0261,2025-03-22,Authentication,iPhone 14,iOS 17,MEDIUM,AssertionError,0
T0433,2025-04-19,Authorization,Pixel 7,Android 14,CRITICAL,ValueError,1
T0948,2025-02-24,FraudDetection,Pixel 8,Android 15,HIGH,ValueError,1
T0737,2025-11-20,OTP,Samsung A34,Android 13,CRITICAL,NetworkError,0
T0617,2025-04-27,OTP,Samsung A34,Android 13,CRITICAL,NullPointerException,1
T0998,2025-08-19,Transaction,iPhone 12,iOS 17,HIGH,NetworkError,0
T0440,2025-01-10,Authentication,iPhone 15,iOS 18,CRITICAL,AssertionError,0
T0969,2025-05-21,OTP,Samsung A54,Android 14,HIGH,AuthError,0
T0130,2025-11-06,AccountSecurity,Samsung A34,Android 13,MEDIUM,NetworkError,0
T0564,2025-02-24,Payment,iPhone 14,iOS 17,CRITICAL,TimeoutError,1
T0272,2025-03-13,Transaction,Samsung S24,Android 15,MEDIUM,ValueError,1
T0716,2025-01-24,Authentication,iPhone 14,iOS 17,HIGH,AuthError,0
T0916,2025-10-31,OTP,iPhone 12,iOS 17,CRITICAL,NullPointerException,1
T0487,2025-01-02,Authorization,iPhone 12,iOS 17,HIGH,TimeoutError,0
T0083,2025-03-25,UPI,Samsung A34,Android 13,MEDIUM,AssertionError,0
T0488,2025-12-27,FraudDetection,iPhone 14,iOS 17,HIGH,TimeoutError,1
T0839,2025-01-15,OTP,Samsung A34,Android 13,HIGH,AssertionError,0
T0385,2025-05-15,OTP,iPhone 14,iOS 17,CRITICAL,AssertionError,0
T0289,2025-05-05,FraudDetection,iPhone 12,iOS 17,CRITICAL,NetworkError,0
T0157,2025-04-19,FraudDetection,Pixel 8,Android 15,CRITICAL,ValueError,1
T0823,2025-05-05,FraudDetection,iPhone 15,iOS 18,HIGH,AuthError,0
T0792,2025-10-05,UPI,iPhone 14,iOS 17,CRITICAL,NetworkError,1
T0764,2025-07-25,AccountSecurity,iPhone 14,iOS 17,CRITICAL,NetworkError,1
T0332,2025-09-17,FraudDetection,Samsung S24,Android 15,MEDIUM,NullPointerException,1
T0619,2025-06-28,Payment,Samsung A54,Android 14,CRITICAL,ValueError,0
T0585,2025-12-31,Authorization,iPhone 14,iOS 17,HIGH,ValueError,1
T0286,2025-09-25,Payment,Pixel 7,Android 14,MEDIUM,AssertionError,0
T0716,2025-03-16,Authentication,iPhone 14,iOS 17,HIGH,AssertionError,1
T0809,2025-02-22,OTP,Samsung A34,Android 13,MEDIUM,NetworkError,0
T0464,2025-10-18,OTP,Samsung S24,Android 15,MEDIUM,NetworkError,1
T0024,2025-11-28,Authorization,Samsung S24,Android 15,MEDIUM,TimeoutError,1
T0377,2025-06-23,FraudDetection,Samsung A54,Android 14,HIGH,AssertionError,0
T0179,2025-07-03,AccountSecurity,Pixel 7,Android 14,HIGH,AssertionError,0
T0948,2025-03-01,FraudDetection,Pixel 8,Android 15,CRITICAL,AssertionError,0
T0104,2025-06-12,FraudDetection,iPhone 12,iOS 17,HIGH,AssertionError,1
T0906,2025-11-27,OTP,iPhone 14,iOS 17,HIGH,ValueError,1
T0179,2025-08-17,AccountSecurity,Pixel 7,Android 14,HIGH,AuthError,1
T0133,2025-04-02,OTP,Samsung A54,Android 14,CRITICAL,TimeoutError,0
T0963,2025-12-05,Authentication,Pixel 8,Android 15,CRITICAL,AuthError,1
T0939,2025-09-17,UPI,iPhone 15,iOS 18,HIGH,AuthError,1
T0131,2025-11-20,Authentication,iPhone 14,iOS 17,CRITICAL,ValueError,1
T0748,2025-11-19,FraudDetection,Samsung A54,Android 14,CRITICAL,NullPointerException,0
T0903,2025-12-06,Transaction,iPhone 12,iOS 17,MEDIUM,TimeoutError,1
T0726,2025-02-04,UPI,iPhone 14,iOS 17,HIGH,ValueError,0
T0788,2025-12-16,FraudDetection,Samsung A54,Android 14,CRITICAL,AuthError,1
T0140,2025-12-24,Authorization,iPhone 14,iOS 17,HIGH,ValueError,1
T0745,2025-06-10,Payment,Pixel 7,Android 14,MEDIUM,TimeoutError,1
T0295,2025-09-29,Transaction,Samsung S24,Android 15,MEDIUM,AuthError,1
T0729,2025-04-03,Payment,Samsung A54,Android 14,HIGH,TimeoutError,1
T0587,2025-07-27,FraudDetection,Pixel 8,Android 15,MEDIUM,NullPointerException,0
T0665,2025-08-27,FraudDetection,iPhone 12,iOS 17,CRITICAL,AssertionError,0
T0468,2025-07-11,AccountSecurity,Samsung A54,Android 14,MEDIUM,AssertionError,1
T0392,2025-09-29,AccountSecurity,Samsung S24,Android 15,CRITICAL,ValueError,1
T0293,2025-08-19,Authentication,Pixel 7,Android 14,HIGH,AssertionError,1
T0856,2025-06-13,Transaction,iPhone 12,iOS 17,MEDIUM,TimeoutError,0
T0823,2025-05-15,FraudDetection,iPhone 15,iOS 18,HIGH,AssertionError,0
T0202,2025-07-29,AccountSecurity,Pixel 8,Android 15,HIGH,TimeoutError,0
T0129,2025-01-03,Authorization,iPhone 15,iOS 18,CRITICAL,ValueError,1
T0148,2025-10-02,Payment,iPhone 14,iOS 17,HIGH,NetworkError,1
T0883,2025-04-06,Authorization,Samsung A54,Android 14,MEDIUM,AuthError,1
T0500,2025-04-19,Transaction,Samsung S24,Android 15,HIGH,AuthError,0
T0981,2025-06-18,UPI,iPhone 12,iOS 17,MEDIUM,NetworkError,1
T0517,2025-09-07,UPI,iPhone 12,iOS 17,CRITICAL,NullPointerException,1
T0211,2025-10-04,FraudDetection,iPhone 14,iOS 17,CRITICAL,TimeoutError,1
T0103,2025-10-13,FraudDetection,Samsung A34,Android 13,HIGH,AssertionError,0
T0878,2025-12-27,Transaction,Samsung S24,Android 15,HIGH,AuthError,1
T0892,2025-02-09,Payment,Samsung A34,Android 13,CRITICAL,TimeoutError,1
T0610,2025-05-21,Authorization,Samsung A34,Android 13,CRITICAL,TimeoutError,1
T0862,2025-02-13,FraudDetection,Samsung A54,Android 14,CRITICAL,AssertionError,0
T0164,2025-04-15,Authorization,iPhone 14,iOS 17,CRITICAL,AssertionError,0
T0035,2025-09-29,FraudDetection,Samsung S24,Android 15,MEDIUM,NullPointerException,0
T0148,2025-02-06,Payment,iPhone 14,iOS 17,HIGH,NullPointerException,1
T0994,2025-10-16,Authorization,Pixel 7,Android 14,CRITICAL,ValueError,1
T0533,2025-04-15,FraudDetection,Pixel 8,Android 15,MEDIUM,NullPointerException,0
T0918,2025-10-07,Authorization,Samsung A54,Android 14,MEDIUM,AuthError,1
T0291,2025-06-04,AccountSecurity,Samsung S24,Android 15,CRITICAL,TimeoutError,0
T0917,2025-04-10,Transaction,Pixel 8,Android 15,CRITICAL,TimeoutError,0
T0976,2025-04-15,Payment,Pixel 7,Android 14,CRITICAL,NullPointerException,0
T0942,2025-08-13,Authorization,iPhone 15,iOS 18,HIGH,ValueError,1
T0725,2025-12-12,AccountSecurity,Samsung S24,Android 15,HIGH,TimeoutError,0
T0302,2025-11-10,UPI,Pixel 8,Android 15,HIGH,NullPointerException,0
T0921,2025-05-28,Authorization,Samsung S24,Android 15,HIGH,AssertionError,1
T0314,2025-03-18,OTP,Samsung A54,Android 14,HIGH,NetworkError,1
T0083,2025-09-01,UPI,Samsung A34,Android 13,MEDIUM,ValueError,1
T0729,2025-07-26,Payment,Samsung A54,Android 14,CRITICAL,AuthError,0
T0993,2025-12-29,Authorization,Samsung A54,Android 14,CRITICAL,TimeoutError,0
T0992,2025-04-06,UPI,iPhone 12,iOS 17,HIGH,NetworkError,0
T0405,2025-09-28,UPI,Pixel 7,Android 14,CRITICAL,TimeoutError,1
T0910,2025-08-15,AccountSecurity,Pixel 8,Android 15,CRITICAL,NullPointerException,0
T0931,2025-09-14,AccountSecurity,Samsung A54,Android 14,MEDIUM,AssertionError,1
T0821,2025-03-14,UPI,iPhone 14,iOS 17,CRITICAL,AuthError,0
T0440,2025-05-05,Authentication,iPhone 15,iOS 18,CRITICAL,AssertionError,1
T0652,2025-03-27,FraudDetection,iPhone 12,iOS 17,MEDIUM,ValueError,1
T0053,2025-07-24,OTP,iPhone 14,iOS 17,CRITICAL,NetworkError,1
T0501,2025-09-17,OTP,Pixel 8,Android 15,MEDIUM,NullPointerException,1
T0666,2025-01-28,Authorization,iPhone 14,iOS 17,MEDIUM,TimeoutError,0
T0483,2025-12-26,Authentication,iPhone 12,iOS 17,HIGH,ValueError,0
T0898,2025-07-21,OTP,iPhone 12,iOS 17,CRITICAL,AssertionError,1
T0308,2025-09-23,Authentication,iPhone 14,iOS 17,MEDIUM,NullPointerException,1
T0094,2025-09-22,AccountSecurity,Samsung A34,Android 13,MEDIUM,ValueError,0
T0828,2025-12-16,Authorization,Samsung A34,Android 13,CRITICAL,NullPointerException,1
T0537,2025-11-19,UPI,Samsung S24,Android 15,CRITICAL,NetworkError,1
T0511,2025-04-16,UPI,Pixel 8,Android 15,HIGH,NullPointerException,0
T0562,2025-01-04,UPI,iPhone 12,iOS 17,MEDIUM,TimeoutError,0
T0667,2025-09-11,AccountSecurity,Pixel 8,Android 15,CRITICAL,NetworkError,1
T0162,2025-02-17,Transaction,iPhone 15,iOS 18,MEDIUM,ValueError,0
T0605,2025-03-08,Payment,Samsung A54,Android 14,CRITICAL,AssertionError,0
T0304,2025-04-22,FraudDetection,Pixel 7,Android 14,CRITICAL,NullPointerException,1
T0374,2025-04-24,UPI,iPhone 12,iOS 17,CRITICAL,NullPointerException,1
T0707,2025-05-17,Authorization,Samsung S24,Android 15,CRITICAL,ValueError,0
T0836,2025-07-17,OTP,Samsung S24,Android 15,CRITICAL,AuthError,0
T0918,2025-06-22,Authorization,Samsung A54,Android 14,HIGH,AuthError,1
T0363,2025-01-04,Authorization,Pixel 8,Android 15,CRITICAL,NetworkError,1
T0856,2025-06-29,Transaction,iPhone 12,iOS 17,CRITICAL,AssertionError,0
T0834,2025-11-03,Authorization,Pixel 7,Android 14,HIGH,AuthError,1
T0799,2025-10-22,Payment,Pixel 8,Android 15,MEDIUM,ValueError,1
T0894,2025-12-03,UPI,iPhone 15,iOS 18,MEDIUM,AssertionError,1
T0431,2025-03-05,Authentication,Pixel 7,Android 14,MEDIUM,AuthError,0
T0447,2025-09-14,Authorization,Samsung A34,Android 13,CRITICAL,AssertionError,0
T0310,2025-05-18,FraudDetection,Samsung S24,Android 15,CRITICAL,TimeoutError,0
T0350,2025-03-10,FraudDetection,iPhone 12,iOS 17,CRITICAL,AuthError,0
T0846,2025-12-07,AccountSecurity,iPhone 15,iOS 18,MEDIUM,AuthError,0
T0479,2025-07-06,Authorization,iPhone 15,iOS 18,CRITICAL,NetworkError,0
T0232,2025-12-29,Transaction,iPhone 15,iOS 18,CRITICAL,NetworkError,0
T0801,2025-10-05,Transaction,Pixel 8,Android 15,MEDIUM,NetworkError,1
T0586,2025-03-22,Payment,Pixel 7,Android 14,HIGH,NetworkError,0
T0116,2025-08-31,Transaction,Samsung A34,Android 13,CRITICAL,AuthError,0
T0634,2025-12-30,Authentication,Pixel 7,Android 14,CRITICAL,NullPointerException,0
T0225,2025-08-29,FraudDetection,Pixel 7,Android 14,CRITICAL,AuthError,1
T0859,2025-11-05,OTP,Pixel 8,Android 15,MEDIUM,AssertionError,0
T0060,2025-05-30,Payment,iPhone 15,iOS 18,CRITICAL,ValueError,0
T0848,2025-06-24,Transaction,Samsung S24,Android 15,HIGH,NetworkError,0
T0116,2025-01-30,Transaction,Samsung A34,Android 13,MEDIUM,NullPointerException,1
T0025,2025-07-29,Payment,Samsung S24,Android 15,CRITICAL,AssertionError,0
T0378,2025-07-01,FraudDetection,iPhone 15,iOS 18,CRITICAL,NetworkError,0
T0332,2025-05-11,FraudDetection,Samsung S24,Android 15,CRITICAL,TimeoutError,0
T0593,2025-12-30,Payment,Samsung S24,Android 15,HIGH,NullPointerException,0
T0196,2025-09-24,Payment,iPhone 14,iOS 17,HIGH,AuthError,1
T0223,2025-08-24,AccountSecurity,Samsung A34,Android 13,CRITICAL,AuthError,1
T0497,2025-03-09,AccountSecurity,Pixel 8,Android 15,CRITICAL,ValueError,1
T0044,2025-01-02,Payment,iPhone 15,iOS 18,HIGH,AssertionError,1
T0110,2025-05-16,Authentication,Pixel 8,Android 15,CRITICAL,NullPointerException,0
T0692,2025-04-19,Transaction,iPhone 15,iOS 18,CRITICAL,AuthError,0
T0055,2025-11-27,FraudDetection,iPhone 15,iOS 18,HIGH,AuthError,1
T0733,2025-09-04,UPI,iPhone 15,iOS 18,MEDIUM,NullPointerException,0
T0716,2025-12-04,Authentication,iPhone 14,iOS 17,CRITICAL,ValueError,1
T0839,2025-08-18,OTP,Samsung A34,Android 13,HIGH,NullPointerException,1
T0549,2025-04-03,UPI,Samsung A54,Android 14,MEDIUM,NullPointerException,1
T0545,2025-04-03,Authorization,Pixel 8,Android 15,MEDIUM,NetworkError,0
T0602,2025-09-04,Authorization,Samsung A54,Android 14,CRITICAL,AuthError,0
T0595,2025-12-05,OTP,Samsung S24,Android 15,CRITICAL,NullPointerException,0
T0565,2025-10-02,OTP,Samsung A54,Android 14,MEDIUM,ValueError,1
T0725,2025-06-11,AccountSecurity,Samsung S24,Android 15,MEDIUM,ValueError,0
T0048,2025-12-02,Transaction,Samsung A54,Android 14,MEDIUM,TimeoutError,1
T0587,2025-12-23,FraudDetection,Pixel 8,Android 15,CRITICAL,NullPointerException,0
T0772,2025-01-23,Authorization,Pixel 8,Android 15,MEDIUM,TimeoutError,0
T0154,2025-07-14,Authentication,Pixel 8,Android 15,HIGH,AssertionError,1
T0826,2025-11-01,FraudDetection,Samsung A54,Android 14,CRITICAL,NullPointerException,1
T0185,2025-01-13,AccountSecurity,iPhone 15,iOS 18,HIGH,NetworkError,1
T0682,2025-02-14,OTP,Samsung A54,Android 14,HIGH,TimeoutError,1
T0217,2025-10-01,Authorization,Pixel 7,Android 14,MEDIUM,NullPointerException,1
T0498,2025-01-02,FraudDetection,Pixel 7,Android 14,HIGH,AuthError,0
T0047,2025-03-14,OTP,Pixel 8,Android 15,MEDIUM,AssertionError,0
T0406,2025-09-10,UPI,Samsung A34,Android 13,HIGH,NullPointerException,0
T0231,2025-06-17,Authentication,Samsung A54,Android 14,CRITICAL,AuthError,0
T0296,2025-01-05,Authorization,iPhone 12,iOS 17,CRITICAL,NetworkError,1
T0841,2025-06-25,Payment,iPhone 12,iOS 17,CRITICAL,NetworkError,1
T0240,2025-03-10,UPI,Samsung S24,Android 15,MEDIUM,TimeoutError,0
T0257,2025-03-26,UPI,iPhone 14,iOS 17,MEDIUM,AuthError,0
T0031,2025-07-25,OTP,Samsung A54,Android 14,HIGH,NullPointerException,0
T0453,2025-02-24,Authorization,Samsung A34,Android 13,CRITICAL,ValueError,1
T0612,2025-12-13,OTP,Pixel 7,Android 14,MEDIUM,TimeoutError,1
T0262,2025-10-08,OTP,Pixel 8,Android 15,CRITICAL,AuthError,0
T0849,2025-03-22,FraudDetection,iPhone 15,iOS 18,HIGH,NetworkError,0
T0507,2025-08-12,Authorization,iPhone 12,iOS 17,CRITICAL,NullPointerException,1
T0579,2025-07-28,UPI,Pixel 8,Android 15,MEDIUM,TimeoutError,1
T0209,2025-12-16,OTP,Pixel 8,Android 15,HIGH,AuthError,0
T0567,2025-08-01,UPI,iPhone 15,iOS 18,HIGH,NullPointerException,1
T0790,2025-09-30,Authentication,iPhone 15,iOS 18,MEDIUM,ValueError,1
T0448,2025-12-14,Authentication,Pixel 8,Android 15,MEDIUM,TimeoutError,0
T0295,2025-03-19,Transaction,Samsung S24,Android 15,MEDIUM,NullPointerException,1
T0531,2025-03-11,OTP,iPhone 12,iOS 17,HIGH,NetworkError,1
T0179,2025-03-09,AccountSecurity,Pixel 7,Android 14,HIGH,AssertionError,0
T0612,2025-09-23,OTP,Pixel 7,Android 14,MEDIUM,AuthError,0
T0545,2025-06-18,Authorization,Pixel 8,Android 15,HIGH,ValueError,1
T0254,2025-03-18,Authorization,Samsung S24,Android 15,HIGH,AuthError,0
T0523,2025-12-09,FraudDetection,Pixel 7,Android 14,MEDIUM,NullPointerException,0
T0569,2025-12-25,AccountSecurity,Samsung A54,Android 14,HIGH,AuthError,0
T0388,2025-05-13,Payment,Pixel 8,Android 15,CRITICAL,NullPointerException,0
T0044,2025-10-23,Payment,iPhone 15,iOS 18,MEDIUM,AssertionError,1
T0420,2025-03-08,AccountSecurity,Pixel 7,Android 14,MEDIUM,NetworkError,0
T0414,2025-11-12,Payment,iPhone 12,iOS 17,CRITICAL,TimeoutError,0
T0892,2025-11-26,Payment,Samsung A34,Android 13,CRITICAL,AuthError,0
T0604,2025-02-10,Authentication,Pixel 8,Android 15,MEDIUM,AssertionError,0
T0278,2025-07-15,Payment,Samsung S24,Android 15,CRITICAL,ValueError,1
T0487,2025-08-20,Authorization,iPhone 12,iOS 17,MEDIUM,AssertionError,1
T0277,2025-05-26,UPI,Pixel 7,Android 14,MEDIUM,TimeoutError,1
T0686,2025-11-08,FraudDetection,Pixel 8,Android 15,CRITICAL,NetworkError,1
T0857,2025-10-31,Authentication,Samsung S24,Android 15,CRITICAL,ValueError,0
T0541,2025-05-03,Authentication,iPhone 14,iOS 17,HIGH,NullPointerException,1
T0567,2025-02-13,UPI,iPhone 15,iOS 18,MEDIUM,AssertionError,0
T0826,2025-02-04,FraudDetection,Samsung A54,Android 14,HIGH,ValueError,1
T0394,2025-04-21,Transaction,Samsung A54,Android 14,CRITICAL,NetworkError,0
T0744,2025-04-06,UPI,Samsung S24,Android 15,CRITICAL,NullPointerException,0
T0773,2025-09-25,OTP,Pixel 8,Android 15,CRITICAL,AssertionError,0
T0278,2025-10-19,Payment,Samsung S24,Android 15,MEDIUM,TimeoutError,0
T0801,2025-04-04,Transaction,Pixel 8,Android 15,MEDIUM,AssertionError,1
T0827,2025-12-14,OTP,Pixel 8,Android 15,CRITICAL,AssertionError,1
T0741,2025-05-29,AccountSecurity,iPhone 15,iOS 18,CRITICAL,TimeoutError,1
T0533,2025-12-30,FraudDetection,Pixel 8,Android 15,HIGH,TimeoutError,1
T0104,2025-01-02,FraudDetection,iPhone 12,iOS 17,CRITICAL,TimeoutError,0
T0405,2025-07-21,UPI,Pixel 7,Android 14,CRITICAL,AuthError,1
T0857,2025-04-20,Authentication,Samsung S24,Android 15,CRITICAL,NullPointerException,1
T0772,2025-03-02,Authorization,Pixel 8,Android 15,HIGH,AssertionError,1
T0734,2025-04-16,Authentication,iPhone 14,iOS 17,HIGH,AssertionError,1
T0875,2025-09-27,OTP,Pixel 8,Android 15,MEDIUM,AuthError,0
T0806,2025-02-06,AccountSecurity,Samsung A54,Android 14,MEDIUM,AssertionError,1
T0133,2025-12-21,OTP,Samsung A54,Android 14,CRITICAL,ValueError,1
T0857,2025-12-17,Authentication,Samsung S24,Android 15,HIGH,ValueError,0
T0825,2025-10-31,FraudDetection,Samsung A34,Android 13,MEDIUM,ValueError,0
T0589,2025-08-04,Transaction,Pixel 7,Android 14,MEDIUM,ValueError,0
T0814,2025-08-14,FraudDetection,Pixel 8,Android 15,CRITICAL,NullPointerException,1
T0462,2025-05-13,OTP,iPhone 12,iOS 17,MEDIUM,NetworkError,0
T0130,2025-10-14,AccountSecurity,Samsung A34,Android 13,MEDIUM,NetworkError,0
T0851,2025-05-26,OTP,Samsung S24,Android 15,CRITICAL,NullPointerException,1
T0447,2025-03-16,Authorization,Samsung A34,Android 13,MEDIUM,TimeoutError,1
T0475,2025-10-19,AccountSecurity,iPhone 14,iOS 17,MEDIUM,NetworkError,1
T0692,2025-12-11,Transaction,iPhone 15,iOS 18,MEDIUM,AssertionError,0
T0529,2025-03-10,Authentication,Pixel 7,Android 14,MEDIUM,NetworkError,0
T0254,2025-02-22,Authorization,Samsung S24,Android 15,CRITICAL,AssertionError,0
T0011,2025-05-24,FraudDetection,iPhone 14,iOS 17,HIGH,NullPointerException,1
T0091,2025-11-14,UPI,iPhone 15,iOS 18,HIGH,AuthError,1
T0221,2025-05-01,Transaction,Samsung A54,Android 14,MEDIUM,AssertionError,0
T0298,2025-08-27,Transaction,Pixel 7,Android 14,CRITICAL,NetworkError,0
T0144,2025-09-03,Authentication,iPhone 15,iOS 18,HIGH,NullPointerException,0
T0824,2025-10-03,Payment,Samsung A34,Android 13,HIGH,TimeoutError,0
T0504,2025-03-27,AccountSecurity,iPhone 15,iOS 18,CRITICAL,NullPointerException,0
T0814,2025-06-08,FraudDetection,Pixel 8,Android 15,MEDIUM,AssertionError,0
T0053,2025-10-12,OTP,iPhone 14,iOS 17,CRITICAL,AuthError,1
T0890,2025-04-08,FraudDetection,iPhone 14,iOS 17,HIGH,TimeoutError,0
T0468,2025-02-01,AccountSecurity,Samsung A54,Android 14,CRITICAL,TimeoutError,0
T0620,2025-01-20,UPI,iPhone 14,iOS 17,HIGH,NullPointerException,1
T0232,2025-03-12,Transaction,iPhone 15,iOS 18,CRITICAL,NullPointerException,1
T0744,2025-05-02,UPI,Samsung S24,Android 15,CRITICAL,TimeoutError,0
T0493,2025-05-11,FraudDetection,Pixel 8,Android 15,HIGH,ValueError,1
T0006,2025-02-03,FraudDetection,Samsung S24,Android 15,MEDIUM,AssertionError,0
T0414,2025-06-20,Payment,iPhone 12,iOS 17,HIGH,TimeoutError,0
T0720,2025-04-20,Transaction,Pixel 8,Android 15,CRITICAL,NullPointerException,1
T0364,2025-10-12,UPI,Pixel 8,Android 15,CRITICAL,NetworkError,1
T0302,2025-04-19,UPI,Pixel 8,Android 15,HIGH,AuthError,0
T0767,2025-12-05,UPI,Samsung A54,Android 14,HIGH,ValueError,0
T0102,2025-11-28,UPI,Samsung A54,Android 14,HIGH,AuthError,1
T0400,2025-07-10,OTP,Samsung S24,Android 15,CRITICAL,NullPointerException,1
T0915,2025-10-17,Payment,Pixel 7,Android 14,HIGH,NetworkError,0
T0776,2025-04-08,OTP,Samsung A34,Android 13,HIGH,ValueError,1
T0645,2025-06-08,Payment,Samsung A54,Android 14,CRITICAL,NullPointerException,0
T0099,2025-05-12,OTP,Pixel 8,Android 15,CRITICAL,NetworkError,1
T0852,2025-01-10,Transaction,iPhone 15,iOS 18,MEDIUM,ValueError,1
T0076,2025-03-05,UPI,iPhone 14,iOS 17,HIGH,ValueError,1
T0992,2025-01-22,UPI,iPhone 12,iOS 17,CRITICAL,TimeoutError,1
T0484,2025-05-07,Payment,iPhone 14,iOS 17,MEDIUM,TimeoutError,1
T0056,2025-06-08,Transaction,Samsung A34,Android 13,MEDIUM,TimeoutError,1
T0923,2025-08-31,Authorization,iPhone 14,iOS 17,HIGH,NullPointerException,0
T0647,2025-01-24,Payment,Samsung A34,Android 13,MEDIUM,TimeoutError,1
T0052,2025-07-30,OTP,iPhone 15,iOS 18,MEDIUM,AuthError,1
T0571,2025-08-29,FraudDetection,Pixel 7,Android 14,MEDIUM,AuthError,0
T0158,2025-03-09,Transaction,iPhone 14,iOS 17,CRITICAL,NullPointerException,0
T0824,2025-07-10,Payment,Samsung A34,Android 13,MEDIUM,ValueError,1
T0516,2025-05-01,Payment,Samsung S24,Android 15,CRITICAL,NullPointerException,0
T0222,2025-12-04,Transaction,Samsung A34,Android 13,MEDIUM,AssertionError,0
T0853,2025-01-28,OTP,Samsung S24,Android 15,CRITICAL,NullPointerException,1
T0400,2025-06-13,OTP,Samsung S24,Android 15,MEDIUM,NetworkError,1
T0605,2025-02-23,Payment,Samsung A54,Android 14,HIGH,ValueError,1
T0054,2025-11-07,Authentication,iPhone 15,iOS 18,HIGH,NetworkError,1
T0257,2025-04-19,UPI,iPhone 14,iOS 17,HIGH,NullPointerException,0
T0826,2025-04-07,FraudDetection,Samsung A54,Android 14,HIGH,ValueError,0
T0569,2025-12-05,AccountSecurity,Samsung A54,Android 14,HIGH,NullPointerException,1
T0509,2025-08-12,UPI,Samsung S24,Android 15,HIGH,AuthError,0
T0744,2025-05-05,UPI,Samsung S24,Android 15,HIGH,AssertionError,1
T0213,2025-07-27,Authorization,iPhone 15,iOS 18,CRITICAL,NullPointerException,1
T0714,2025-12-07,Authorization,Samsung A34,Android 13,HIGH,AssertionError,1
T0997,2025-04-13,Payment,Samsung S24,Android 15,HIGH,AuthError,1
T0185,2025-01-16,AccountSecurity,iPhone 15,iOS 18,CRITICAL,TimeoutError,0
T0049,2025-03-06,Payment,iPhone 15,iOS 18,CRITICAL,NullPointerException,0
T0903,2025-05-15,Transaction,iPhone 12,iOS 17,CRITICAL,ValueError,0
T0350,2025-07-16,FraudDetection,iPhone 12,iOS 17,HIGH,AssertionError,1
T0574,2025-12-08,OTP,Samsung A34,Android 13,HIGH,TimeoutError,0
T0541,2025-08-04,Authentication,iPhone 14,iOS 17,CRITICAL,TimeoutError,1
T0096,2025-09-22,Transaction,iPhone 14,iOS 17,CRITICAL,AssertionError,0
T0680,2025-11-20,UPI,iPhone 14,iOS 17,CRITICAL,NetworkError,0
T0667,2025-10-20,AccountSecurity,Pixel 8,Android 15,HIGH,NetworkError,1
T0014,2025-02-23,AccountSecurity,Samsung S24,Android 15,MEDIUM,ValueError,1
T0037,2025-05-31,Authentication,Pixel 7,Android 14,CRITICAL,AssertionError,0
T0600,2025-07-15,AccountSecurity,iPhone 15,iOS 18,HIGH,AuthError,1
T0024,2025-02-16,Authorization,Samsung S24,Android 15,CRITICAL,AuthError,0
T0419,2025-08-09,AccountSecurity,Samsung S24,Android 15,HIGH,NullPointerException,1
T0403,2025-05-26,Authentication,iPhone 15,iOS 18,MEDIUM,NetworkError,0
T0439,2025-09-26,UPI,Pixel 7,Android 14,HIGH,TimeoutError,0
T0999,2025-02-01,Authorization,Samsung S24,Android 15,HIGH,NetworkError,1
T0928,2025-04-23,Authentication,Samsung A34,Android 13,CRITICAL,AssertionError,1
T0580,2025-04-16,OTP,iPhone 12,iOS 17,HIGH,NetworkError,1
T0357,2025-08-24,Authorization,Samsung A34,Android 13,CRITICAL,ValueError,0
T0947,2025-12-05,Payment,iPhone 15,iOS 18,MEDIUM,NetworkError,0
T0709,2025-12-10,Transaction,iPhone 12,iOS 17,CRITICAL,NetworkError,0
T0014,2025-07-12,AccountSecurity,Samsung S24,Android 15,CRITICAL,NetworkError,1
T0768,2025-03-13,Transaction,Samsung S24,Android 15,HIGH,AuthError,0
T0771,2025-02-02,FraudDetection,iPhone 14,iOS 17,CRITICAL,AssertionError,0
T0596,2025-08-08,FraudDetection,Pixel 8,Android 15,HIGH,TimeoutError,0
T0247,2025-06-18,Transaction,Pixel 7,Android 14,CRITICAL,ValueError,1
T0110,2025-05-27,Authentication,Pixel 8,Android 15,CRITICAL,AssertionError,1
T0016,2025-01-01,UPI,Samsung S24,Android 15,MEDIUM,NullPointerException,0
T0682,2025-03-19,OTP,Samsung A54,Android 14,MEDIUM,TimeoutError,1
T0395,2025-12-03,UPI,Pixel 8,Android 15,MEDIUM,NullPointerException,1
T0840,2025-08-16,Transaction,Samsung S24,Android 15,HIGH,TimeoutError,1
T0865,2025-01-27,Transaction,Samsung S24,Android 15,CRITICAL,ValueError,0
T0803,2025-08-10,OTP,Samsung A54,Android 14,HIGH,ValueError,1
T0612,2025-04-22,OTP,Pixel 7,Android 14,CRITICAL,TimeoutError,0
T0085,2025-05-22,OTP,Pixel 8,Android 15,MEDIUM,ValueError,0
T0050,2025-05-25,Authentication,Pixel 7,Android 14,MEDIUM,NullPointerException,1
T0980,2025-03-17,UPI,Pixel 8,Android 15,MEDIUM,NetworkError,0
T0765,2025-01-06,Authorization,iPhone 15,iOS 18,MEDIUM,ValueError,0
T0825,2025-03-05,FraudDetection,Samsung A34,Android 13,CRITICAL,NullPointerException,1
T0374,2025-10-08,UPI,iPhone 12,iOS 17,HIGH,AuthError,1
T0684,2025-02-27,FraudDetection,Samsung S24,Android 15,HIGH,TimeoutError,0
T0258,2025-01-14,OTP,iPhone 14,iOS 17,CRITICAL,AssertionError,0
T0154,2025-03-16,Authentication,Pixel 8,Android 15,CRITICAL,NullPointerException,1
T0496,2025-05-01,Transaction,iPhone 15,iOS 18,MEDIUM,NullPointerException,1
T0034,2025-02-09,FraudDetection,Samsung S24,Android 15,MEDIUM,ValueError,1
T0674,2025-01-16,Payment,iPhone 12,iOS 17,HIGH,NullPointerException,1
T0138,2025-10-22,FraudDetection,iPhone 15,iOS 18,HIGH,AssertionError,1
T0999,2025-10-16,Authorization,Samsung S24,Android 15,HIGH,TimeoutError,1
T0993,2025-12-17,Authorization,Samsung A54,Android 14,CRITICAL,TimeoutError,1
T0355,2025-08-19,Authorization,iPhone 12,iOS 17,HIGH,AuthError,1
T0335,2025-09-19,Transaction,Pixel 8,Android 15,MEDIUM,NetworkError,0
T0986,2025-03-25,AccountSecurity,iPhone 12,iOS 17,CRITICAL,TimeoutError,0
T0652,2025-03-01,FraudDetection,iPhone 12,iOS 17,CRITICAL,AuthError,1
T0100,2025-10-20,AccountSecurity,iPhone 14,iOS 17,MEDIUM,AuthError,1
T0344,2025-10-28,Payment,Pixel 8,Android 15,HIGH,AuthError,1
T0133,2025-08-22,OTP,Samsung A54,Android 14,CRITICAL,NetworkError,0
T0272,2025-03-26,Transaction,Samsung S24,Android 15,MEDIUM,ValueError,0
T0994,2025-04-02,Authorization,Pixel 7,Android 14,HIGH,NetworkError,0
T0523,2025-11-15,FraudDetection,Pixel 7,Android 14,MEDIUM,AuthError,0
T0990,2025-04-17,Authentication,Pixel 7,Android 14,CRITICAL,TimeoutError,1
T0335,2025-03-12,Transaction,Pixel 8,Android 15,MEDIUM,NetworkError,0
T0748,2025-03-17,FraudDetection,Samsung A54,Android 14,HIGH,ValueError,1
T0135,2025-07-08,Authentication,Samsung S24,Android 15,MEDIUM,AssertionError,0
T0169,2025-05-22,Authentication,Samsung A54,Android 14,MEDIUM,NullPointerException,0
T0262,2025-12-01,OTP,Pixel 8,Android 15,MEDIUM,ValueError,0
T0867,2025-09-20,Authorization,Pixel 8,Android 15,CRITICAL,ValueError,1
T0196,2025-05-28,Payment,iPhone 14,iOS 17,CRITICAL,AssertionError,1
T0302,2025-10-06,UPI,Pixel 8,Android 15,CRITICAL,AssertionError,0
T0304,2025-12-05,FraudDetection,Pixel 7,Android 14,MEDIUM,AuthError,1
T0960,2025-09-05,OTP,iPhone 12,iOS 17,HIGH,ValueError,0
T0689,2025-12-26,FraudDetection,Samsung A34,Android 13,HIGH,TimeoutError,0
T0826,2025-10-07,FraudDetection,Samsung A54,Android 14,CRITICAL,ValueError,1
T0275,2025-01-21,Authentication,Pixel 8,Android 15,CRITICAL,NetworkError,1
T0531,2025-09-22,OTP,iPhone 12,iOS 17,HIGH,AssertionError,0
T0960,2025-11-18,OTP,iPhone 12,iOS 17,CRITICAL,AuthError,1
T0146,2025-07-01,Authorization,Samsung A54,Android 14,HIGH,ValueError,1
T0291,2025-04-07,AccountSecurity,Samsung S24,Android 15,HIGH,AuthError,1
T0994,2025-04-22,Authorization,Pixel 7,Android 14,CRITICAL,NullPointerException,1
T0967,2025-07-14,Authentication,Pixel 7,Android 14,MEDIUM,AssertionError,0
T0011,2025-06-23,FraudDetection,iPhone 14,iOS 17,HIGH,ValueError,1
T0217,2025-02-03,Authorization,Pixel 7,Android 14,CRITICAL,TimeoutError,0
T0951,2025-12-28,FraudDetection,Samsung S24,Android 15,MEDIUM,NullPointerException,0
T0585,2025-01-20,Authorization,iPhone 14,iOS 17,MEDIUM,TimeoutError,0
T0157,2025-04-20,FraudDetection,Pixel 8,Android 15,CRITICAL,AuthError,0
T0252,2025-08-31,Authorization,Pixel 7,Android 14,CRITICAL,NetworkError,1
T0298,2025-05-29,Transaction,Pixel 7,Android 14,HIGH,ValueError,1
T0995,2025-07-23,AccountSecurity,iPhone 14,iOS 17,HIGH,NullPointerException,1
T0541,2025-02-02,Authentication,iPhone 14,iOS 17,HIGH,NetworkError,0
T0623,2025-08-30,OTP,Samsung A54,Android 14,HIGH,AuthError,0
T0704,2025-05-01,AccountSecurity,iPhone 15,iOS 18,MEDIUM,NullPointerException,1
T0283,2025-04-22,OTP,Pixel 8,Android 15,CRITICAL,AssertionError,1
T0329,2025-01-23,OTP,iPhone 15,iOS 18,MEDIUM,NetworkError,1
T0846,2025-03-27,AccountSecurity,iPhone 15,iOS 18,CRITICAL,AssertionError,1
T0483,2025-08-02,Authentication,iPhone 12,iOS 17,HIGH,AuthError,0
T0764,2025-09-25,AccountSecurity,iPhone 14,iOS 17,HIGH,TimeoutError,1
T0085,2025-08-28,OTP,Pixel 8,Android 15,HIGH,AssertionError,1
T0483,2025-12-28,Authentication,iPhone 12,iOS 17,MEDIUM,AssertionError,1
T0465,2025-09-16,UPI,Pixel 8,Android 15,HIGH,NullPointerException,1
T0986,2025-01-10,AccountSecurity,iPhone 12,iOS 17,MEDIUM,NullPointerException,1
T0855,2025-05-31,Authentication,Samsung A34,Android 13,MEDIUM,AssertionError,0
T0531,2025-07-22,OTP,iPhone 12,iOS 17,CRITICAL,NetworkError,0
T0883,2025-02-14,Authorization,Samsung A54,Android 14,HIGH,AssertionError,0
T0331,2025-05-06,OTP,Samsung A54,Android 14,CRITICAL,AssertionError,0
T0523,2025-01-15,FraudDetection,Pixel 7,Android 14,HIGH,AuthError,1
T0605,2025-06-26,Payment,Samsung A54,Android 14,CRITICAL,AuthError,0
T0689,2025-03-09,FraudDetection,Samsung A34,Android 13,CRITICAL,NullPointerException,1
T0405,2026-01-01,UPI,Pixel 7,Android 14,CRITICAL,NetworkError,1
T0254,2025-08-19,Authorization,Samsung S24,Android 15,CRITICAL,NetworkError,0
T0997,2025-08-14,Payment,Samsung S24,Android 15,MEDIUM,AuthError,1
T0825,2025-01-06,FraudDetection,Samsung A34,Android 13,HIGH,AuthError,0
T0148,2025-06-09,Payment,iPhone 14,iOS 17,CRITICAL,AuthError,1
T0245,2025-12-31,AccountSecurity,iPhone 15,iOS 18,MEDIUM,AuthError,0
T0455,2025-02-25,Payment,iPhone 12,iOS 17,MEDIUM,NetworkError,0
T0761,2025-12-10,Authentication,Samsung A54,Android 14,CRITICAL,TimeoutError,0
T0790,2025-09-08,Authentication,iPhone 15,iOS 18,CRITICAL,ValueError,1
T0447,2025-11-10,Authorization,Samsung A34,Android 13,HIGH,ValueError,1
T0238,2025-11-21,FraudDetection,iPhone 14,iOS 17,CRITICAL,NullPointerException,0
T0050,2025-06-10,Authentication,Pixel 7,Android 14,CRITICAL,NetworkError,0
T0956,2025-03-21,UPI,Samsung A54,Android 14,CRITICAL,NullPointerException,1
T0689,2025-06-23,FraudDetection,Samsung A34,Android 13,HIGH,AssertionError,0
T0100,2025-04-27,AccountSecurity,iPhone 14,iOS 17,MEDIUM,ValueError,0
T0817,2025-04-05,Authentication,Samsung S24,Android 15,MEDIUM,TimeoutError,0
T0484,2025-10-28,Payment,iPhone 14,iOS 17,HIGH,AuthError,1
T0047,2025-05-24,OTP,Pixel 8,Android 15,CRITICAL,AuthError,1
T0448,2025-04-13,Authentication,Pixel 8,Android 15,HIGH,ValueError,0
T0693,2025-06-15,UPI,Samsung S24,Android 15,CRITICAL,AssertionError,1
T0462,2025-06-08,OTP,iPhone 12,iOS 17,HIGH,ValueError,0
T0627,2025-06-07,UPI,Pixel 7,Android 14,CRITICAL,NetworkError,1
T0346,2025-03-08,Transaction,iPhone 12,iOS 17,CRITICAL,ValueError,0
T0732,2025-04-10,Authentication,Samsung A34,Android 13,MEDIUM,NullPointerException,0
T0293,2025-12-23,Authentication,Pixel 7,Android 14,CRITICAL,TimeoutError,0
T0892,2025-12-02,Payment,Samsung A34,Android 13,CRITICAL,AuthError,1
T0538,2025-06-06,FraudDetection,Pixel 7,Android 14,CRITICAL,NullPointerException,1
T0485,2025-12-31,FraudDetection,Samsung S24,Android 15,CRITICAL,NetworkError,0
T0267,2025-03-16,Transaction,Pixel 7,Android 14,HIGH,NetworkError,1
T0509,2025-01-02,UPI,Samsung S24,Android 15,CRITICAL,AssertionError,0
T0484,2025-10-02,Payment,iPhone 14,iOS 17,MEDIUM,NullPointerException,1
T0364,2025-05-23,UPI,Pixel 8,Android 15,HIGH,ValueError,0
T0096,2025-11-05,Transaction,iPhone 14,iOS 17,CRITICAL,AssertionError,0
T0293,2025-01-06,Authentication,Pixel 7,Android 14,CRITICAL,NetworkError,0
T0600,2025-10-20,AccountSecurity,iPhone 15,iOS 18,HIGH,NetworkError,1
T0593,2025-04-27,Payment,Samsung S24,Android 15,HIGH,NetworkError,0
T0405,2025-07-08,UPI,Pixel 7,Android 14,HIGH,AuthError,1
T0786,2025-12-01,AccountSecurity,Samsung A34,Android 13,CRITICAL,AuthError,0
T0188,2025-09-05,OTP,iPhone 15,iOS 18,MEDIUM,TimeoutError,1
T0678,2025-08-11,Payment,Samsung A54,Android 14,CRITICAL,AssertionError,0
T0369,2025-10-25,Authorization,iPhone 15,iOS 18,CRITICAL,NetworkError,1
T0247,2025-07-23,Transaction,Pixel 7,Android 14,MEDIUM,NullPointerException,0
T0788,2025-06-16,FraudDetection,Samsung A54,Android 14,HIGH,AssertionError,1
T0271,2025-01-07,Payment,Pixel 8,Android 15,CRITICAL,ValueError,0
T0077,2025-01-07,UPI,Pixel 7,Android 14,CRITICAL,TimeoutError,1
T0792,2025-08-07,UPI,iPhone 14,iOS 17,CRITICAL,ValueError,1
T0486,2025-01-02,Authorization,Samsung A54,Android 14,HIGH,AssertionError,1
T0871,2025-05-02,Payment,Pixel 8,Android 15,MEDIUM,AssertionError,1
T0253,2025-11-21,OTP,Samsung S24,Android 15,MEDIUM,AuthError,1
T0667,2025-11-26,AccountSecurity,Pixel 8,Android 15,MEDIUM,AssertionError,0
T0346,2025-01-29,Transaction,iPhone 12,iOS 17,MEDIUM,NullPointerException,1
T0208,2025-07-23,Authorization,Samsung S24,Android 15,MEDIUM,TimeoutError,1
T0140,2025-05-16,Authorization,iPhone 14,iOS 17,HIGH,NullPointerException,0
T0882,2025-11-16,Transaction,iPhone 15,iOS 18,CRITICAL,NullPointerException,0
T0002,2025-04-06,AccountSecurity,iPhone 15,iOS 18,MEDIUM,AssertionError,0
T0209,2025-12-12,OTP,Pixel 8,Android 15,HIGH,NullPointerException,1
T0485,2025-07-30,FraudDetection,Samsung S24,Android 15,HIGH,AssertionError,1
T0672,2025-02-10,Transaction,Samsung S24,Android 15,MEDIUM,NetworkError,1
T0196,2025-02-04,Payment,iPhone 14,iOS 17,MEDIUM,ValueError,1
T0655,2025-08-11,UPI,iPhone 14,iOS 17,CRITICAL,NullPointerException,1
T0610,2025-04-27,Authorization,Samsung A34,Android 13,CRITICAL,ValueError,0
T0450,2025-12-14,FraudDetection,iPhone 15,iOS 18,MEDIUM,AuthError,0
T0144,2025-09-16,Authentication,iPhone 15,iOS 18,MEDIUM,ValueError,1
T0732,2025-07-19,Authentication,Samsung A34,Android 13,CRITICAL,AuthError,0
T0665,2025-06-21,FraudDetection,iPhone 12,iOS 17,CRITICAL,TimeoutError,0
T0593,2025-02-14,Payment,Samsung S24,Android 15,MEDIUM,AuthError,1
T0346,2025-07-27,Transaction,iPhone 12,iOS 17,MEDIUM,NetworkError,0
T0111,2025-02-05,FraudDetection,Pixel 8,Android 15,CRITICAL,AssertionError,1
T0828,2025-08-15,Authorization,Samsung A34,Android 13,HIGH,NetworkError,0
T0875,2025-04-02,OTP,Pixel 8,Android 15,HIGH,NetworkError,0
T0802,2025-12-05,AccountSecurity,Samsung A34,Android 13,MEDIUM,AuthError,1
T0830,2025-01-26,AccountSecurity,Samsung A54,Android 14,MEDIUM,AuthError,1
T0892,2025-08-27,Payment,Samsung A34,Android 13,HIGH,NullPointerException,0
T0238,2025-10-23,FraudDetection,iPhone 14,iOS 17,MEDIUM,NetworkError,1
T0903,2025-11-16,Transaction,iPhone 12,iOS 17,HIGH,NullPointerException,0
T0377,2025-04-10,FraudDetection,Samsung A54,Android 14,CRITICAL,ValueError,1
T0098,2025-10-14,FraudDetection,iPhone 14,iOS 17,MEDIUM,NullPointerException,0
T0482,2025-05-12,Authentication,Pixel 7,Android 14,MEDIUM,NullPointerException,0
T0891,2025-05-23,Authentication,Samsung A34,Android 13,CRITICAL,TimeoutError,0
T0991,2025-10-25,AccountSecurity,Pixel 7,Android 14,MEDIUM,NetworkError,1
T0920,2025-12-19,UPI,Pixel 8,Android 15,MEDIUM,NullPointerException,0
T0083,2025-03-27,UPI,Samsung A34,Android 13,CRITICAL,ValueError,1
T0326,2025-11-21,OTP,iPhone 15,iOS 18,CRITICAL,NullPointerException,1
T0244,2025-09-10,FraudDetection,Samsung A54,Android 14,MEDIUM,NullPointerException,0
T0043,2025-11-01,FraudDetection,iPhone 14,iOS 17,HIGH,TimeoutError,0
T0742,2025-11-07,FraudDetection,Pixel 7,Android 14,CRITICAL,ValueError,0
T0951,2025-08-27,FraudDetection,Samsung S24,Android 15,CRITICAL,TimeoutError,1
T0488,2025-02-26,FraudDetection,iPhone 14,iOS 17,HIGH,NetworkError,1
T0373,2025-04-22,Authorization,iPhone 12,iOS 17,HIGH,AssertionError,1
T0179,2025-08-28,AccountSecurity,Pixel 7,Android 14,CRITICAL,TimeoutError,1
T0187,2025-08-08,FraudDetection,Samsung A54,Android 14,HIGH,AuthError,1
T0846,2025-07-23,AccountSecurity,iPhone 15,iOS 18,MEDIUM,AssertionError,0
T0939,2025-03-26,UPI,iPhone 15,iOS 18,HIGH,ValueError,0
T0164,2025-08-01,Authorization,iPhone 14,iOS 17,MEDIUM,NullPointerException,1
T0942,2025-07-23,Authorization,iPhone 15,iOS 18,CRITICAL,ValueError,1
T0493,2025-01-27,FraudDetection,Pixel 8,Android 15,MEDIUM,ValueError,0
T0615,2025-06-10,OTP,Samsung A34,Android 13,HIGH,AssertionError,1
T0528,2025-12-23,Transaction,Pixel 7,Android 14,MEDIUM,NullPointerException,0
T0049,2025-07-28,Payment,iPhone 15,iOS 18,HIGH,NullPointerException,1
T0507,2025-01-15,Authorization,iPhone 12,iOS 17,CRITICAL,NetworkError,0
T0133,2025-07-30,OTP,Samsung A54,Android 14,CRITICAL,AuthError,1
T0058,2025-06-01,FraudDetection,Pixel 8,Android 15,MEDIUM,AssertionError,0
T0693,2025-05-31,UPI,Samsung S24,Android 15,CRITICAL,NullPointerException,1
T0691,2025-01-20,Payment,Pixel 8,Android 15,MEDIUM,NetworkError,0
T0392,2025-10-12,AccountSecurity,Samsung S24,Android 15,MEDIUM,ValueError,0
T0400,2025-04-14,OTP,Samsung S24,Android 15,HIGH,TimeoutError,1
T0110,2025-12-21,Authentication,Pixel 8,Android 15,HIGH,NetworkError,0
T0785,2025-12-24,FraudDetection,iPhone 15,iOS 18,HIGH,ValueError,0
T0424,2025-06-26,Authorization,iPhone 12,iOS 17,HIGH,NetworkError,1
T0618,2025-08-20,Payment,Samsung A54,Android 14,MEDIUM,TimeoutError,1
T0915,2025-02-06,Payment,Pixel 7,Android 14,HIGH,AssertionError,1
T0245,2025-07-09,AccountSecurity,iPhone 15,iOS 18,MEDIUM,NetworkError,1
T0995,2025-11-06,AccountSecurity,iPhone 14,iOS 17,CRITICAL,TimeoutError,0
T0385,2025-01-21,OTP,iPhone 14,iOS 17,CRITICAL,TimeoutError,0
T0518,2025-09-11,UPI,Pixel 7,Android 14,MEDIUM,AuthError,0
T0162,2025-01-26,Transaction,iPhone 15,iOS 18,HIGH,ValueError,1
T0945,2025-08-30,Authentication,Pixel 7,Android 14,HIGH,NetworkError,0
T0065,2025-03-02,Authorization,Pixel 7,Android 14,MEDIUM,AuthError,1
T0318,2025-11-14,Payment,Pixel 7,Android 14,HIGH,AuthError,1
T0184,2025-06-29,Payment,Pixel 8,Android 15,MEDIUM,AuthError,1
T0461,2025-10-24,Authentication,iPhone 12,iOS 17,CRITICAL,AuthError,1
T0880,2025-01-12,Authorization,Samsung A34,Android 13,CRITICAL,NetworkError,0
T0066,2025-05-08,Payment,Samsung A54,Android 14,MEDIUM,TimeoutError,1
T0682,2025-02-20,OTP,Samsung A54,Android 14,HIGH,AuthError,0
T0541,2025-07-18,Authentication,iPhone 14,iOS 17,CRITICAL,ValueError,0
T0421,2025-05-14,OTP,iPhone 14,iOS 17,CRITICAL,TimeoutError,1
T0549,2025-09-17,UPI,Samsung A54,Android 14,MEDIUM,AuthError,1
T0089,2025-04-15,Payment,iPhone 12,iOS 17,MEDIUM,AuthError,0
T0452,2025-08-14,OTP,Pixel 7,Android 14,MEDIUM,NetworkError,1
T0264,2025-01-03,Payment,Samsung A34,Android 13,HIGH,NetworkError,0
T0085,2025-01-15,OTP,Pixel 8,Android 15,MEDIUM,AuthError,1
T0617,2025-07-03,OTP,Samsung A34,Android 13,CRITICAL,AssertionError,0
T0907,2025-02-13,Transaction,Pixel 8,Android 15,MEDIUM,TimeoutError,0
T0058,2025-08-28,FraudDetection,Pixel 8,Android 15,CRITICAL,NullPointerException,0
T0857,2025-01-05,Authentication,Samsung S24,Android 15,HIGH,AssertionError,1
T0922,2025-11-14,Authentication,Samsung S24,Android 15,MEDIUM,NetworkError,1
T0358,2025-08-23,Payment,iPhone 14,iOS 17,CRITICAL,AssertionError,0
T0741,2025-01-30,AccountSecurity,iPhone 15,iOS 18,CRITICAL,ValueError,1
T0098,2025-09-12,FraudDetection,iPhone 14,iOS 17,HIGH,NetworkError,0
T0414,2025-03-13,Payment,iPhone 12,iOS 17,CRITICAL,AssertionError,1
T0053,2025-03-17,OTP,iPhone 14,iOS 17,HIGH,NetworkError,1
T0766,2025-10-21,FraudDetection,Samsung S24,Android 15,HIGH,ValueError,0
T0007,2025-10-31,Payment,iPhone 15,iOS 18,CRITICAL,ValueError,1
T0689,2025-04-19,FraudDetection,Samsung A34,Android 13,MEDIUM,ValueError,0
T0830,2025-02-07,AccountSecurity,Samsung A54,Android 14,CRITICAL,AuthError,1
T0515,2025-08-11,FraudDetection,iPhone 14,iOS 17,HIGH,NetworkError,0
T0766,2025-03-15,FraudDetection,Samsung S24,Android 15,MEDIUM,NetworkError,1
T0253,2025-05-05,OTP,Samsung S24,Android 15,HIGH,AssertionError,1
T0335,2025-12-18,Transaction,Pixel 8,Android 15,MEDIUM,TimeoutError,1
T0604,2025-03-15,Authentication,Pixel 8,Android 15,HIGH,NetworkError,0
T0511,2025-03-18,UPI,Pixel 8,Android 15,MEDIUM,NullPointerException,1
T0103,2025-10-31,FraudDetection,Samsung A34,Android 13,MEDIUM,ValueError,0
T0785,2025-11-22,FraudDetection,iPhone 15,iOS 18,HIGH,AssertionError,0
T0154,2025-12-28,Authentication,Pixel 8,Android 15,MEDIUM,AssertionError,0
T0479,2025-04-12,Authorization,iPhone 15,iOS 18,MEDIUM,AssertionError,0
T0094,2025-09-24,AccountSecurity,Samsung A34,Android 13,HIGH,NetworkError,0
T0798,2025-03-03,Payment,Pixel 7,Android 14,MEDIUM,NullPointerException,0
T0111,2025-09-18,FraudDetection,Pixel 8,Android 15,HIGH,AssertionError,0
T0620,2025-11-13,UPI,iPhone 14,iOS 17,HIGH,AssertionError,1
T0363,2025-03-14,Authorization,Pixel 8,Android 15,CRITICAL,TimeoutError,1
T0875,2025-06-08,OTP,Pixel 8,Android 15,MEDIUM,NetworkError,0
T0386,2025-12-14,OTP,iPhone 12,iOS 17,HIGH,NetworkError,0
T0790,2025-10-16,Authentication,iPhone 15,iOS 18,MEDIUM,NetworkError,0
T0704,2025-11-11,AccountSecurity,iPhone 15,iOS 18,CRITICAL,NetworkError,0
T0053,2025-07-18,OTP,iPhone 14,iOS 17,HIGH,NullPointerException,0
T0208,2025-10-10,Authorization,Samsung S24,Android 15,CRITICAL,TimeoutError,0
T0332,2025-08-05,FraudDetection,Samsung S24,Android 15,CRITICAL,AssertionError,1
T0955,2025-05-14,Transaction,Pixel 7,Android 14,MEDIUM,ValueError,1
T0749,2025-12-25,UPI,iPhone 15,iOS 18,CRITICAL,TimeoutError,1
T0240,2025-02-24,UPI,Samsung S24,Android 15,MEDIUM,AssertionError,0
T0732,2025-12-16,Authentication,Samsung A34,Android 13,MEDIUM,AssertionError,0
T0048,2025-05-07,Transaction,Samsung A54,Android 14,HIGH,TimeoutError,1
T0017,2025-09-10,Transaction,iPhone 14,iOS 17,CRITICAL,NullPointerException,1
T0345,2025-09-05,AccountSecurity,Samsung A34,Android 13,HIGH,TimeoutError,1
T0501,2025-06-23,OTP,Pixel 8,Android 15,CRITICAL,TimeoutError,1
T0154,2025-05-03,Authentication,Pixel 8,Android 15,MEDIUM,NetworkError,1
T0058,2025-04-07,FraudDetection,Pixel 8,Android 15,CRITICAL,NetworkError,1
T0529,2025-12-20,Authentication,Pixel 7,Android 14,CRITICAL,AuthError,1
T0849,2025-05-25,FraudDetection,iPhone 15,iOS 18,HIGH,AuthError,0
T0392,2025-12-31,AccountSecurity,Samsung S24,Android 15,MEDIUM,AuthError,1
T0046,2025-03-23,OTP,Samsung A54,Android 14,HIGH,NullPointerException,1
T0555,2025-08-08,FraudDetection,iPhone 12,iOS 17,CRITICAL,TimeoutError,0
T0477,2025-02-05,AccountSecurity,iPhone 15,iOS 18,MEDIUM,ValueError,0
T0981,2025-01-14,UPI,iPhone 12,iOS 17,MEDIUM,NullPointerException,0
T0055,2025-04-18,FraudDetection,iPhone 15,iOS 18,HIGH,AuthError,0
T0989,2025-04-18,Transaction,Pixel 8,Android 15,HIGH,TimeoutError,1
T0771,2025-02-02,FraudDetection,iPhone 14,iOS 17,MEDIUM,AssertionError,0
T0917,2025-11-12,Transaction,Pixel 8,Android 15,CRITICAL,NetworkError,0
T0301,2025-03-19,Authorization,Pixel 8,Android 15,CRITICAL,NetworkError,1
T0951,2025-03-16,FraudDetection,Samsung S24,Android 15,MEDIUM,ValueError,0
T0776,2025-05-20,OTP,Samsung A34,Android 13,HIGH,NullPointerException,1
T0587,2025-01-01,FraudDetection,Pixel 8,Android 15,HIGH,ValueError,0
T0350,2025-09-25,FraudDetection,iPhone 12,iOS 17,MEDIUM,NullPointerException,1
T0821,2025-02-11,UPI,iPhone 14,iOS 17,CRITICAL,ValueError,1
T0516,2025-01-22,Payment,Samsung S24,Android 15,HIGH,NullPointerException,1
T0098,2025-05-22,FraudDetection,iPhone 14,iOS 17,MEDIUM,NullPointerException,0
T0369,2025-12-02,Authorization,iPhone 15,iOS 18,CRITICAL,TimeoutError,0
T0278,2025-03-04,Payment,Samsung S24,Android 15,CRITICAL,NullPointerException,0
T0585,2025-08-13,Authorization,iPhone 14,iOS 17,HIGH,ValueError,0
T0025,2025-03-19,Payment,Samsung S24,Android 15,MEDIUM,NetworkError,0
T0103,2025-06-26,FraudDetection,Samsung A34,Android 13,HIGH,NetworkError,0
T0593,2025-02-05,Payment,Samsung S24,Android 15,MEDIUM,NullPointerException,0
T0704,2025-07-13,AccountSecurity,iPhone 15,iOS 18,HIGH,TimeoutError,1
T0056,2025-06-05,Transaction,Samsung A34,Android 13,MEDIUM,AssertionError,0
T0838,2025-03-02,AccountSecurity,Samsung A54,Android 14,HIGH,TimeoutError,0
T0857,2025-02-22,Authentication,Samsung S24,Android 15,HIGH,ValueError,0
T0386,2025-04-10,OTP,iPhone 12,iOS 17,MEDIUM,NetworkError,1
T0277,2025-10-10,UPI,Pixel 7,Android 14,HIGH,AssertionError,0
T0306,2025-03-19,Authentication,Pixel 8,Android 15,HIGH,AuthError,0
T0672,2025-12-10,Transaction,Samsung S24,Android 15,MEDIUM,NullPointerException,1
T0920,2025-10-10,UPI,Pixel 8,Android 15,CRITICAL,ValueError,0
T0364,2025-01-28,UPI,Pixel 8,Android 15,HIGH,TimeoutError,1
T0580,2025-12-07,OTP,iPhone 12,iOS 17,HIGH,AuthError,0
T0857,2025-05-18,Authentication,Samsung S24,Android 15,CRITICAL,AssertionError,0
T0196,2025-06-06,Payment,iPhone 14,iOS 17,MEDIUM,NullPointerException,0
T0973,2025-11-26,Transaction,iPhone 15,iOS 18,CRITICAL,NetworkError,1
T0061,2025-10-27,FraudDetection,Samsung A54,Android 14,CRITICAL,ValueError,1
T0969,2025-03-15,OTP,Samsung A54,Android 14,MEDIUM,NetworkError,1
T0920,2025-08-27,UPI,Pixel 8,Android 15,CRITICAL,AssertionError,1
T0926,2025-05-02,FraudDetection,Samsung A54,Android 14,MEDIUM,ValueError,0
T0977,2025-06-22,Transaction,iPhone 14,iOS 17,CRITICAL,TimeoutError,0
T0454,2025-08-01,AccountSecurity,iPhone 12,iOS 17,CRITICAL,NullPointerException,0
T0429,2025-04-14,OTP,Samsung S24,Android 15,HIGH,ValueError,1
T0603,2025-11-23,Authorization,Samsung A54,Android 14,CRITICAL,AuthError,1
T0336,2025-11-26,Authentication,Samsung A54,Android 14,CRITICAL,AuthError,1
T0367,2025-02-06,Authorization,Samsung S24,Android 15,HIGH,ValueError,1
T0240,2025-01-23,UPI,Samsung S24,Android 15,MEDIUM,NetworkError,0
T0580,2025-12-01,OTP,iPhone 12,iOS 17,MEDIUM,NetworkError,1
T0743,2025-09-04,FraudDetection,iPhone 12,iOS 17,HIGH,AuthError,1
T0463,2025-04-02,AccountSecurity,iPhone 14,iOS 17,MEDIUM,AssertionError,1
T0741,2025-04-13,AccountSecurity,iPhone 15,iOS 18,MEDIUM,TimeoutError,0
T0867,2025-04-20,Authorization,Pixel 8,Android 15,MEDIUM,NullPointerException,0
T0991,2025-08-03,AccountSecurity,Pixel 7,Android 14,CRITICAL,NetworkError,1
T0447,2025-11-02,Authorization,Samsung A34,Android 13,CRITICAL,NullPointerException,0
T0709,2025-02-20,Transaction,iPhone 12,iOS 17,HIGH,NullPointerException,1
T0804,2025-11-02,AccountSecurity,iPhone 15,iOS 18,MEDIUM,AssertionError,0
T0948,2025-12-11,FraudDetection,Pixel 8,Android 15,MEDIUM,NullPointerException,1
T0854,2025-06-30,UPI,iPhone 12,iOS 17,MEDIUM,NetworkError,1
T0310,2025-07-23,FraudDetection,Samsung S24,Android 15,HIGH,AssertionError,1
T0709,2025-01-09,Transaction,iPhone 12,iOS 17,MEDIUM,AuthError,1
T0050,2025-10-28,Authentication,Pixel 7,Android 14,CRITICAL,TimeoutError,1
T0025,2025-04-02,Payment,Samsung S24,Android 15,HIGH,TimeoutError,0
T0085,2025-06-06,OTP,Pixel 8,Android 15,CRITICAL,TimeoutError,1
T0620,2025-01-14,UPI,iPhone 14,iOS 17,MEDIUM,TimeoutError,1
T0103,2025-12-09,FraudDetection,Samsung A34,Android 13,MEDIUM,TimeoutError,1
T0148,2025-02-15,Payment,iPhone 14,iOS 17,HIGH,ValueError,1
T0541,2025-10-14,Authentication,iPhone 14,iOS 17,MEDIUM,NetworkError,0
T0918,2025-10-08,Authorization,Samsung A54,Android 14,CRITICAL,AuthError,0
T0397,2025-10-23,Authorization,iPhone 12,iOS 17,CRITICAL,NullPointerException,1
T0464,2025-08-05,OTP,Samsung S24,Android 15,HIGH,TimeoutError,0
T0397,2025-06-20,Authorization,iPhone 12,iOS 17,MEDIUM,AuthError,1
T0923,2025-01-12,Authorization,iPhone 14,iOS 17,MEDIUM,ValueError,0
T0712,2025-07-19,Authentication,Samsung A54,Android 14,CRITICAL,NetworkError,0
T0918,2025-10-07,Authorization,Samsung A54,Android 14,MEDIUM,NullPointerException,1
T0245,2025-02-13,AccountSecurity,iPhone 15,iOS 18,MEDIUM,NetworkError,1
T0298,2025-12-30,Transaction,Pixel 7,Android 14,CRITICAL,ValueError,0
T0162,2025-03-17,Transaction,iPhone 15,iOS 18,MEDIUM,NullPointerException,0
T0470,2025-03-03,Authorization,Pixel 7,Android 14,HIGH,AssertionError,1
T0644,2025-01-08,FraudDetection,Pixel 8,Android 15,CRITICAL,AssertionError,0
T0562,2025-09-04,UPI,iPhone 12,iOS 17,CRITICAL,AuthError,0
T0169,2025-09-03,Authentication,Samsung A54,Android 14,MEDIUM,AuthError,0
T0921,2025-12-12,Authorization,Samsung S24,Android 15,HIGH,AuthError,0
T0907,2025-12-09,Transaction,Pixel 8,Android 15,HIGH,AuthError,0
T0854,2025-09-23,UPI,iPhone 12,iOS 17,MEDIUM,ValueError,0
T0888,2025-08-22,AccountSecurity,iPhone 14,iOS 17,HIGH,AssertionError,1
T0515,2025-09-18,FraudDetection,iPhone 14,iOS 17,MEDIUM,AuthError,1
T0681,2025-04-16,UPI,iPhone 15,iOS 18,CRITICAL,NetworkError,1
T0057,2025-12-11,Authentication,Pixel 7,Android 14,HIGH,AuthError,0
T0786,2025-08-18,AccountSecurity,Samsung A34,Android 13,HIGH,TimeoutError,0
T0272,2025-11-01,Transaction,Samsung S24,Android 15,MEDIUM,ValueError,1
T0351,2025-08-03,UPI,iPhone 12,iOS 17,HIGH,ValueError,0
T0319,2025-03-05,Payment,iPhone 14,iOS 17,HIGH,NetworkError,0
T0402,2025-12-30,Authentication,Samsung S24,Android 15,HIGH,TimeoutError,0
T0238,2025-11-10,FraudDetection,iPhone 14,iOS 17,HIGH,AuthError,1
T0037,2025-10-26,Authentication,Pixel 7,Android 14,CRITICAL,NetworkError,1
T0188,2025-05-17,OTP,iPhone 15,iOS 18,MEDIUM,NullPointerException,0
T0880,2025-09-21,Authorization,Samsung A34,Android 13,HIGH,AuthError,0
T0238,2025-12-06,FraudDetection,iPhone 14,iOS 17,HIGH,NetworkError,0
T0066,2025-04-28,Payment,Samsung A54,Android 14,MEDIUM,TimeoutError,1
T0363,2025-02-24,Authorization,Pixel 8,Android 15,MEDIUM,ValueError,1
T0612,2025-03-05,OTP,Pixel 7,Android 14,MEDIUM,ValueError,0
T0528,2025-08-27,Transaction,Pixel 7,Android 14,HIGH,NullPointerException,1
T0733,2025-09-10,UPI,iPhone 15,iOS 18,MEDIUM,AssertionError,0
T0686,2025-09-12,FraudDetection,Pixel 8,Android 15,MEDIUM,AuthError,0
T0135,2025-08-03,Authentication,Samsung S24,Android 15,CRITICAL,NullPointerException,0
T0115,2025-02-14,Payment,Samsung A54,Android 14,CRITICAL,TimeoutError,0
T0516,2025-07-18,Payment,Samsung S24,Android 15,MEDIUM,AuthError,1
T0258,2025-08-01,OTP,iPhone 14,iOS 17,MEDIUM,AssertionError,1
T0553,2025-10-30,Payment,Samsung S24,Android 15,CRITICAL,ValueError,0
T0726,2025-08-12,UPI,iPhone 14,iOS 17,HIGH,AssertionError,1
T0225,2025-12-10,FraudDetection,Pixel 7,Android 14,MEDIUM,AuthError,0
T0262,2025-02-06,OTP,Pixel 8,Android 15,HIGH,TimeoutError,0
T0603,2025-12-11,Authorization,Samsung A54,Android 14,CRITICAL,NetworkError,0
T0170,2025-08-10,FraudDetection,Pixel 8,Android 15,CRITICAL,AuthError,1
T0916,2025-03-23,OTP,iPhone 12,iOS 17,HIGH,TimeoutError,1
T0057,2025-01-24,Authentication,Pixel 7,Android 14,HIGH,NetworkError,0
T0781,2025-07-11,OTP,Pixel 8,Android 15,CRITICAL,ValueError,0
T0485,2025-12-01,FraudDetection,Samsung S24,Android 15,HIGH,ValueError,0
T0412,2025-06-09,AccountSecurity,iPhone 12,iOS 17,MEDIUM,TimeoutError,0
T0341,2025-02-11,FraudDetection,Samsung A34,Android 13,CRITICAL,AssertionError,0
T0528,2025-02-18,Transaction,Pixel 7,Android 14,CRITICAL,NetworkError,1
T0232,2025-09-21,Transaction,iPhone 15,iOS 18,CRITICAL,AuthError,0
T0567,2025-12-06,UPI,iPhone 15,iOS 18,CRITICAL,AuthError,1
T0827,2025-07-07,OTP,Pixel 8,Android 15,MEDIUM,ValueError,1
T0801,2025-11-29,Transaction,Pixel 8,Android 15,CRITICAL,NullPointerException,1
T0995,2025-07-17,AccountSecurity,iPhone 14,iOS 17,MEDIUM,NullPointerException,0
T0469,2025-11-12,Transaction,Samsung A54,Android 14,MEDIUM,NetworkError,1
T0784,2025-04-07,OTP,iPhone 12,iOS 17,MEDIUM,NetworkError,0
T0610,2025-07-06,Authorization,Samsung A34,Android 13,MEDIUM,ValueError,1
T0931,2025-09-28,AccountSecurity,Samsung A54,Android 14,HIGH,NullPointerException,0
T0135,2025-02-03,Authentication,Samsung S24,Android 15,MEDIUM,TimeoutError,1
T0183,2025-03-27,Authorization,Samsung A34,Android 13,HIGH,TimeoutError,0
T0071,2025-11-14,Authorization,Samsung A54,Android 14,CRITICAL,NullPointerException,1
T0371,2025-10-03,UPI,Pixel 7,Android 14,MEDIUM,ValueError,0
T0031,2026-01-01,OTP,Samsung A54,Android 14,HIGH,NetworkError,0
T0034,2025-05-09,FraudDetection,Samsung S24,Android 15,MEDIUM,AuthError,1
T0945,2025-09-02,Authentication,Pixel 7,Android 14,HIGH,AssertionError,0
T0883,2025-08-09,Authorization,Samsung A54,Android 14,MEDIUM,AssertionError,0
T0951,2025-02-16,FraudDetection,Samsung S24,Android 15,CRITICAL,NetworkError,0
T0874,2025-05-19,Transaction,Samsung A34,Android 13,CRITICAL,NetworkError,0
T0089,2025-05-14,Payment,iPhone 12,iOS 17,HIGH,AuthError,0
T0463,2025-06-17,AccountSecurity,iPhone 14,iOS 17,HIGH,AuthError,1
T0773,2025-08-02,OTP,Pixel 8,Android 15,MEDIUM,ValueError,1
T0679,2025-01-24,Authentication,Pixel 8,Android 15,HIGH,AssertionError,0
T0884,2025-02-08,Payment,iPhone 14,iOS 17,CRITICAL,AuthError,0
T0334,2025-10-14,Transaction,Samsung A34,Android 13,CRITICAL,NetworkError,1
T0284,2025-02-16,Payment,iPhone 14,iOS 17,HIGH,AuthError,1
T0517,2025-05-13,UPI,iPhone 12,iOS 17,CRITICAL,TimeoutError,0
T0585,2025-10-19,Authorization,iPhone 14,iOS 17,CRITICAL,ValueError,0
T0761,2025-07-18,Authentication,Samsung A54,Android 14,MEDIUM,AssertionError,0
T0274,2025-03-11,AccountSecurity,iPhone 15,iOS 18,MEDIUM,TimeoutError,0
T0474,2025-02-16,Authentication,Pixel 7,Android 14,HIGH,TimeoutError,0
T0504,2025-10-19,AccountSecurity,iPhone 15,iOS 18,CRITICAL,TimeoutError,0
T0217,2025-02-20,Authorization,Pixel 7,Android 14,HIGH,ValueError,1
T0224,2025-12-06,Authentication,Samsung A34,Android 13,HIGH,NetworkError,1
T0895,2025-12-18,FraudDetection,Pixel 8,Android 15,MEDIUM,NullPointerException,0
T0244,2025-01-01,FraudDetection,Samsung A54,Android 14,MEDIUM,NetworkError,1
T0257,2025-08-08,UPI,iPhone 14,iOS 17,MEDIUM,ValueError,0
T0037,2025-11-15,Authentication,Pixel 7,Android 14,HIGH,AuthError,0
T0037,2025-10-11,Authentication,Pixel 7,Android 14,MEDIUM,AuthError,1
T0494,2025-02-26,OTP,Samsung A34,Android 13,HIGH,NullPointerException,1
T0120,2025-02-09,UPI,Pixel 8,Android 15,HIGH,NullPointerException,1
T0877,2025-11-12,AccountSecurity,Samsung A34,Android 13,MEDIUM,AuthError,1
T0505,2025-01-07,Payment,Samsung A54,Android 14,HIGH,ValueError,1
T0296,2025-02-21,Authorization,iPhone 12,iOS 17,CRITICAL,AuthError,1
T0131,2025-11-18,Authentication,iPhone 14,iOS 17,MEDIUM,TimeoutError,0
T0567,2025-03-09,UPI,iPhone 15,iOS 18,MEDIUM,NullPointerException,1
T0238,2025-08-22,FraudDetection,iPhone 14,iOS 17,MEDIUM,NetworkError,1
T0665,2025-03-15,FraudDetection,iPhone 12,iOS 17,MEDIUM,AuthError,1
T0697,2025-04-28,UPI,Pixel 7,Android 14,HIGH,AuthError,0
T0772,2025-02-17,Authorization,Pixel 8,Android 15,MEDIUM,NullPointerException,0
T0990,2025-07-24,Authentication,Pixel 7,Android 14,CRITICAL,NullPointerException,0
T0898,2025-03-09,OTP,iPhone 12,iOS 17,CRITICAL,AssertionError,0
T0954,2025-04-05,UPI,Samsung S24,Android 15,HIGH,AuthError,1
T0763,2025-12-25,FraudDetection,iPhone 14,iOS 17,MEDIUM,TimeoutError,1
T0298,2025-08-10,Transaction,Pixel 7,Android 14,HIGH,AssertionError,1
T0945,2025-10-17,Authentication,Pixel 7,Android 14,CRITICAL,NullPointerException,1
T0742,2025-10-24,FraudDetection,Pixel 7,Android 14,CRITICAL,NetworkError,0
T0548,2025-10-26,UPI,Samsung A34,Android 13,MEDIUM,ValueError,0
T0219,2025-10-17,Authorization,iPhone 15,iOS 18,HIGH,AuthError,1
T0310,2025-07-22,FraudDetection,Samsung S24,Android 15,CRITICAL,AssertionError,0
T0536,2025-12-14,FraudDetection,Pixel 7,Android 14,MEDIUM,NullPointerException,1
T0821,2025-06-14,UPI,iPhone 14,iOS 17,HIGH,NullPointerException,0
T0741,2025-06-04,AccountSecurity,iPhone 15,iOS 18,MEDIUM,NullPointerException,1
T0793,2025-03-25,OTP,Pixel 8,Android 15,CRITICAL,NetworkError,1
T0163,2025-09-14,UPI,iPhone 15,iOS 18,MEDIUM,ValueError,1
T0879,2025-11-29,Payment,iPhone 14,iOS 17,CRITICAL,AssertionError,1
T0331,2025-09-25,OTP,Samsung A54,Android 14,MEDIUM,NullPointerException,1
T0262,2025-02-04,OTP,Pixel 8,Android 15,MEDIUM,TimeoutError,0
T0608,2025-09-18,Authorization,Samsung A54,Android 14,HIGH,NetworkError,0
T0504,2025-10-03,AccountSecurity,iPhone 15,iOS 18,MEDIUM,ValueError,0
T0840,2025-11-23,Transaction,Samsung S24,Android 15,HIGH,AuthError,0
T0611,2025-01-26,Transaction,Pixel 7,Android 14,HIGH,AuthError,0
T0332,2025-11-02,FraudDetection,Samsung S24,Android 15,CRITICAL,AssertionError,0
T0659,2025-07-16,Payment,iPhone 15,iOS 18,CRITICAL,AssertionError,1
T0892,2025-05-15,Payment,Samsung A34,Android 13,HIGH,ValueError,0
T0252,2025-09-04,Authorization,Pixel 7,Android 14,CRITICAL,AssertionError,0
T0052,2025-11-19,OTP,iPhone 15,iOS 18,MEDIUM,ValueError,0
T0990,2025-04-21,Authentication,Pixel 7,Android 14,MEDIUM,NullPointerException,1
T0780,2025-07-07,Authentication,Samsung S24,Android 15,CRITICAL,AuthError,0
T0947,2025-12-16,Payment,iPhone 15,iOS 18,HIGH,ValueError,0
T0691,2025-10-10,Payment,Pixel 8,Android 15,MEDIUM,NetworkError,1
T0002,2025-03-28,AccountSecurity,iPhone 15,iOS 18,MEDIUM,NetworkError,1
T0593,2025-07-01,Payment,Samsung S24,Android 15,MEDIUM,NetworkError,1
T0329,2025-05-23,OTP,iPhone 15,iOS 18,CRITICAL,NetworkError,0
T0849,2025-02-02,FraudDetection,iPhone 15,iOS 18,HIGH,AssertionError,1
T0501,2025-09-11,OTP,Pixel 8,Android 15,MEDIUM,ValueError,1
T0716,2025-06-19,Authentication,iPhone 14,iOS 17,CRITICAL,TimeoutError,1
T0983,2025-12-04,Authorization,Pixel 7,Android 14,CRITICAL,TimeoutError,1
T0681,2025-10-31,UPI,iPhone 15,iOS 18,HIGH,NetworkError,1
T0350,2025-10-21,FraudDetection,iPhone 12,iOS 17,HIGH,AuthError,1
T0922,2025-07-16,Authentication,Samsung S24,Android 15,MEDIUM,AuthError,1
T0605,2025-03-22,Payment,Samsung A54,Android 14,HIGH,NetworkError,1
T0638,2025-09-01,Transaction,Samsung A34,Android 13,CRITICAL,AuthError,0
T0991,2025-07-13,AccountSecurity,Pixel 7,Android 14,MEDIUM,NullPointerException,0
T0969,2025-07-19,OTP,Samsung A54,Android 14,HIGH,AuthError,0
T0665,2025-09-08,FraudDetection,iPhone 12,iOS 17,HIGH,NetworkError,0
T0682,2025-03-17,OTP,Samsung A54,Android 14,MEDIUM,AssertionError,0
T0865,2025-05-02,Transaction,Samsung S24,Android 15,CRITICAL,TimeoutError,1
T0571,2025-01-09,FraudDetection,Pixel 7,Android 14,CRITICAL,AuthError,1
T0104,2025-12-21,FraudDetection,iPhone 12,iOS 17,HIGH,AuthError,0
T0884,2025-06-17,Payment,iPhone 14,iOS 17,CRITICAL,AuthError,1
T0267,2025-10-20,Transaction,Pixel 7,Android 14,MEDIUM,TimeoutError,0
T0553,2025-03-26,Payment,Samsung S24,Android 15,MEDIUM,ValueError,1
T0179,2025-04-10,AccountSecurity,Pixel 7,Android 14,MEDIUM,TimeoutError,1
T0647,2025-02-08,Payment,Samsung A34,Android 13,CRITICAL,AssertionError,0
T0031,2025-10-30,OTP,Samsung A54,Android 14,CRITICAL,AssertionError,1
T0623,2025-11-14,OTP,Samsung A54,Android 14,HIGH,ValueError,1
T0363,2025-07-12,Authorization,Pixel 8,Android 15,MEDIUM,ValueError,0
T0638,2025-01-21,Transaction,Samsung A34,Android 13,CRITICAL,NullPointerException,0
T0840,2025-01-21,Transaction,Samsung S24,Android 15,HIGH,NullPointerException,0
T0793,2025-02-24,OTP,Pixel 8,Android 15,CRITICAL,AuthError,1
T0826,2025-02-28,FraudDetection,Samsung A54,Android 14,HIGH,NetworkError,1
T0049,2025-03-09,Payment,iPhone 15,iOS 18,HIGH,AuthError,1
T0352,2025-11-19,OTP,Pixel 7,Android 14,CRITICAL,AssertionError,1
T0243,2025-11-09,Authentication,iPhone 15,iOS 18,MEDIUM,TimeoutError,1
T0761,2025-05-21,Authentication,Samsung A54,Android 14,MEDIUM,NetworkError,0
T0331,2025-11-18,OTP,Samsung A54,Android 14,HIGH,NullPointerException,0
T0468,2025-10-26,AccountSecurity,Samsung A54,Android 14,MEDIUM,ValueError,0
T0019,2025-01-10,AccountSecurity,Pixel 8,Android 15,MEDIUM,TimeoutError,0
T0254,2025-08-07,Authorization,Samsung S24,Android 15,MEDIUM,NetworkError,1
T0120,2025-01-21,UPI,Pixel 8,Android 15,HIGH,AssertionError,1
T0646,2025-11-17,Transaction,Samsung S24,Android 15,MEDIUM,NullPointerException,1
T0647,2025-06-25,Payment,Samsung A34,Android 13,HIGH,AuthError,1
T0450,2025-01-14,FraudDetection,iPhone 15,iOS 18,CRITICAL,AssertionError,0
T0217,2025-12-31,Authorization,Pixel 7,Android 14,MEDIUM,NullPointerException,1
T0329,2025-04-14,OTP,iPhone 15,iOS 18,CRITICAL,ValueError,0
T0375,2025-08-22,AccountSecurity,Pixel 7,Android 14,MEDIUM,NullPointerException,1
T0295,2025-04-28,Transaction,Samsung S24,Android 15,HIGH,NullPointerException,0
T0372,2025-09-16,FraudDetection,Pixel 7,Android 14,CRITICAL,AuthError,0
T0793,2025-11-30,OTP,Pixel 8,Android 15,MEDIUM,TimeoutError,0
T0215,2025-09-18,UPI,Pixel 8,Android 15,MEDIUM,AuthError,0
T0923,2025-10-26,Authorization,iPhone 14,iOS 17,MEDIUM,AssertionError,0
T0926,2025-12-01,FraudDetection,Samsung A54,Android 14,CRITICAL,NullPointerException,0
T0039,2025-07-08,Transaction,Samsung A34,Android 13,MEDIUM,NullPointerException,1
T0060,2025-10-15,Payment,iPhone 15,iOS 18,CRITICAL,NetworkError,0
T0733,2025-02-23,UPI,iPhone 15,iOS 18,MEDIUM,AuthError,0
T0538,2025-07-22,FraudDetection,Pixel 7,Android 14,HIGH,NetworkError,1
T0054,2025-07-15,Authentication,iPhone 15,iOS 18,CRITICAL,AuthError,0
T0528,2025-02-16,Transaction,Pixel 7,Android 14,HIGH,NullPointerException,1
T0209,2025-10-07,OTP,Pixel 8,Android 15,CRITICAL,NetworkError,0
T0843,2025-12-08,Authentication,iPhone 12,iOS 17,CRITICAL,ValueError,0
T0211,2025-12-25,FraudDetection,iPhone 14,iOS 17,CRITICAL,NullPointerException,1
T0156,2025-06-15,OTP,Pixel 7,Android 14,HIGH,NullPointerException,1
T0487,2025-03-13,Authorization,iPhone 12,iOS 17,CRITICAL,ValueError,1
T0763,2025-01-16,FraudDetection,iPhone 14,iOS 17,CRITICAL,NetworkError,0
T0447,2025-06-15,Authorization,Samsung A34,Android 13,MEDIUM,NullPointerException,1
T0461,2025-05-15,Authentication,iPhone 12,iOS 17,HIGH,ValueError,0
T0542,2025-10-14,FraudDetection,Samsung A54,Android 14,HIGH,TimeoutError,1
T0589,2025-03-11,Transaction,Pixel 7,Android 14,HIGH,AssertionError,0
T0744,2025-12-22,UPI,Samsung S24,Android 15,HIGH,AssertionError,1
T0991,2025-08-23,AccountSecurity,Pixel 7,Android 14,MEDIUM,AssertionError,1
T0463,2025-06-22,AccountSecurity,iPhone 14,iOS 17,MEDIUM,AuthError,0
T0350,2025-07-16,FraudDetection,iPhone 12,iOS 17,CRITICAL,AuthError,0
T0072,2025-06-03,Authorization,Samsung A54,Android 14,CRITICAL,ValueError,0
T0605,2025-11-14,Payment,Samsung A54,Android 14,CRITICAL,AssertionError,0
T0882,2025-02-21,Transaction,iPhone 15,iOS 18,MEDIUM,ValueError,0
T0739,2025-06-14,FraudDetection,iPhone 14,iOS 17,CRITICAL,AuthError,1
T0285,2025-12-20,Transaction,iPhone 15,iOS 18,HIGH,NetworkError,1
T0906,2025-04-10,OTP,iPhone 14,iOS 17,HIGH,ValueError,0
T0131,2025-02-25,Authentication,iPhone 14,iOS 17,HIGH,NullPointerException,0
T0344,2025-04-16,Payment,Pixel 8,Android 15,MEDIUM,TimeoutError,1
T0077,2025-05-20,UPI,Pixel 7,Android 14,HIGH,NullPointerException,1
T0453,2025-06-02,Authorization,Samsung A34,Android 13,MEDIUM,AuthError,0
T0725,2025-10-12,AccountSecurity,Samsung S24,Android 15,MEDIUM,NullPointerException,0
T0158,2025-07-31,Transaction,iPhone 14,iOS 17,MEDIUM,AssertionError,0
T0890,2025-06-17,FraudDetection,iPhone 14,iOS 17,CRITICAL,ValueError,0
T0726,2025-06-08,UPI,iPhone 14,iOS 17,HIGH,NullPointerException,0
T0821,2025-08-20,UPI,iPhone 14,iOS 17,MEDIUM,AuthError,1
T0828,2025-07-26,Authorization,Samsung A34,Android 13,MEDIUM,TimeoutError,1
T0542,2025-03-24,FraudDetection,Samsung A54,Android 14,MEDIUM,NullPointerException,1
T0299,2025-05-18,UPI,Pixel 8,Android 15,MEDIUM,AssertionError,1
T0096,2025-07-16,Transaction,iPhone 14,iOS 17,MEDIUM,TimeoutError,0
T0488,2025-02-09,FraudDetection,iPhone 14,iOS 17,CRITICAL,ValueError,0
T0351,2025-02-13,UPI,iPhone 12,iOS 17,CRITICAL,TimeoutError,0
T0120,2025-05-18,UPI,Pixel 8,Android 15,MEDIUM,NullPointerException,0
T0591,2025-05-28,Transaction,Samsung A34,Android 13,HIGH,ValueError,0
T0072,2025-10-05,Authorization,Samsung A54,Android 14,CRITICAL,NullPointerException,1
T0037,2025-07-14,Authentication,Pixel 7,Android 14,CRITICAL,NetworkError,1
T0420,2025-10-31,AccountSecurity,Pixel 7,Android 14,HIGH,NetworkError,1
T0531,2025-11-22,OTP,iPhone 12,iOS 17,MEDIUM,NetworkError,0
T0897,2025-02-11,Authentication,iPhone 15,iOS 18,CRITICAL,AuthError,0
T0143,2025-11-18,OTP,iPhone 15,iOS 18,CRITICAL,AuthError,0
T0817,2025-02-09,Authentication,Samsung S24,Android 15,HIGH,TimeoutError,0
T0903,2025-01-03,Transaction,iPhone 12,iOS 17,MEDIUM,TimeoutError,1
T0043,2025-08-24,FraudDetection,iPhone 14,iOS 17,HIGH,AuthError,1
T0727,2025-11-18,Authentication,iPhone 12,iOS 17,MEDIUM,AssertionError,0
T0669,2025-01-18,OTP,iPhone 14,iOS 17,CRITICAL,TimeoutError,0
T0369,2025-10-22,Authorization,iPhone 15,iOS 18,CRITICAL,NetworkError,1
T0247,2025-03-07,Transaction,Pixel 7,Android 14,MEDIUM,ValueError,1
T0741,2025-08-01,AccountSecurity,iPhone 15,iOS 18,HIGH,TimeoutError,0
T0560,2025-09-08,Transaction,Samsung A34,Android 13,MEDIUM,NetworkError,1
T0278,2025-04-28,Payment,Samsung S24,Android 15,MEDIUM,AuthError,1
T0830,2025-10-25,AccountSecurity,Samsung A54,Android 14,HIGH,AuthError,1
T0970,2025-10-20,Authorization,Samsung A54,Android 14,HIGH,AuthError,0
T0511,2025-08-07,UPI,Pixel 8,Android 15,MEDIUM,ValueError,1
T0865,2025-04-20,Transaction,Samsung S24,Android 15,MEDIUM,NetworkError,0
T0788,2025-12-18,FraudDetection,Samsung A54,Android 14,HIGH,AssertionError,1
T0541,2025-04-07,Authentication,iPhone 14,iOS 17,MEDIUM,NetworkError,1
T0855,2025-02-28,Authentication,Samsung A34,Android 13,CRITICAL,ValueError,1
T0645,2025-06-21,Payment,Samsung A54,Android 14,CRITICAL,NetworkError,1
T0617,2025-02-09,OTP,Samsung A34,Android 13,HIGH,AssertionError,0
T0357,2025-03-09,Authorization,Samsung A34,Android 13,MEDIUM,AssertionError,1
T0876,2025-05-24,FraudDetection,Samsung A34,Android 13,CRITICAL,ValueError,1
T0576,2025-08-18,Payment,Pixel 7,Android 14,MEDIUM,AssertionError,0
T0678,2025-10-18,Payment,Samsung A54,Android 14,CRITICAL,ValueError,1
T0456,2025-08-22,UPI,iPhone 15,iOS 18,CRITICAL,AssertionError,1
T0572,2025-01-19,AccountSecurity,Samsung S24,Android 15,HIGH,ValueError,0
T0577,2025-04-03,Transaction,iPhone 14,iOS 17,CRITICAL,AuthError,1
T0187,2025-05-16,FraudDetection,Samsung A54,Android 14,MEDIUM,ValueError,1
T0878,2025-02-27,Transaction,Samsung S24,Android 15,MEDIUM,TimeoutError,1
T0689,2025-09-08,FraudDetection,Samsung A34,Android 13,HIGH,ValueError,1
T0252,2025-09-03,Authorization,Pixel 7,Android 14,CRITICAL,NullPointerException,1
T0312,2025-04-06,Payment,Samsung S24,Android 15,HIGH,TimeoutError,1
T0806,2025-12-06,AccountSecurity,Samsung A54,Android 14,MEDIUM,ValueError,0
T0098,2025-11-19,FraudDetection,iPhone 14,iOS 17,HIGH,AssertionError,1
T0497,2025-09-29,AccountSecurity,Pixel 8,Android 15,CRITICAL,AuthError,1
T0594,2025-11-06,Authentication,Samsung S24,Android 15,CRITICAL,TimeoutError,1
T0989,2025-02-19,Transaction,Pixel 8,Android 15,MEDIUM,ValueError,1
T0928,2025-01-09,Authentication,Samsung A34,Android 13,HIGH,AssertionError,0
T0589,2025-09-04,Transaction,Pixel 7,Android 14,CRITICAL,ValueError,0
T0143,2025-12-02,OTP,iPhone 15,iOS 18,HIGH,TimeoutError,1
T0739,2025-08-11,FraudDetection,iPhone 14,iOS 17,HIGH,AssertionError,1
T0308,2025-04-01,Authentication,iPhone 14,iOS 17,CRITICAL,TimeoutError,1
T0827,2025-03-16,OTP,Pixel 8,Android 15,CRITICAL,ValueError,1
T0217,2025-03-26,Authorization,Pixel 7,Android 14,MEDIUM,NullPointerException,1
T0016,2025-07-03,UPI,Samsung S24,Android 15,HIGH,AssertionError,0
T0669,2025-08-05,OTP,iPhone 14,iOS 17,CRITICAL,AuthError,0
T0130,2025-08-21,AccountSecurity,Samsung A34,Android 13,CRITICAL,AssertionError,0
T0247,2025-08-19,Transaction,Pixel 7,Android 14,HIGH,AssertionError,1
T0285,2025-07-07,Transaction,iPhone 15,iOS 18,CRITICAL,AssertionError,1
T0884,2025-01-04,Payment,iPhone 14,iOS 17,HIGH,TimeoutError,0
T0474,2025-08-25,Authentication,Pixel 7,Android 14,CRITICAL,TimeoutError,0
T0905,2025-04-27,Transaction,Samsung A34,Android 13,MEDIUM,AssertionError,0
T0031,2025-05-30,OTP,Samsung A54,Android 14,MEDIUM,NullPointerException,0
T0285,2025-04-11,Transaction,iPhone 15,iOS 18,HIGH,ValueError,0
T0898,2025-01-21,OTP,iPhone 12,iOS 17,HIGH,NetworkError,0
T0283,2025-01-26,OTP,Pixel 8,Android 15,HIGH,AuthError,1
T0132,2025-03-30,Authorization,iPhone 12,iOS 17,MEDIUM,ValueError,0
T0884,2025-04-25,Payment,iPhone 14,iOS 17,HIGH,AuthError,1
T0328,2025-01-18,AccountSecurity,iPhone 12,iOS 17,MEDIUM,ValueError,0
T0761,2025-03-31,Authentication,Samsung A54,Android 14,MEDIUM,AssertionError,1
T0304,2025-09-28,FraudDetection,Pixel 7,Android 14,MEDIUM,ValueError,0
T0031,2025-01-24,OTP,Samsung A54,Android 14,MEDIUM,AuthError,1
T0402,2025-09-28,Authentication,Samsung S24,Android 15,HIGH,TimeoutError,1
T0647,2025-05-25,Payment,Samsung A34,Android 13,CRITICAL,NetworkError,0
T0160,2025-10-19,AccountSecurity,iPhone 12,iOS 17,HIGH,AuthError,1
T0184,2025-04-19,Payment,Pixel 8,Android 15,CRITICAL,AssertionError,1
T0954,2025-12-07,UPI,Samsung S24,Android 15,HIGH,TimeoutError,0
T0350,2025-09-17,FraudDetection,iPhone 12,iOS 17,MEDIUM,TimeoutError,0
T0712,2025-06-06,Authentication,Samsung A54,Android 14,CRITICAL,ValueError,1
T0394,2025-09-18,Transaction,Samsung A54,Android 14,HIGH,AuthError,1
T0826,2025-12-02,FraudDetection,Samsung A54,Android 14,MEDIUM,AuthError,1
T0047,2025-06-23,OTP,Pixel 8,Android 15,MEDIUM,AssertionError,0
T0482,2025-09-22,Authentication,Pixel 7,Android 14,HIGH,ValueError,1
T0793,2025-10-03,OTP,Pixel 8,Android 15,MEDIUM,AuthError,0
T0421,2025-07-18,OTP,iPhone 14,iOS 17,HIGH,ValueError,1
T0213,2025-06-01,Authorization,iPhone 15,iOS 18,HIGH,NetworkError,0
T0234,2025-02-24,UPI,iPhone 12,iOS 17,MEDIUM,AuthError,1
T0826,2025-03-08,FraudDetection,Samsung A54,Android 14,HIGH,TimeoutError,0
T0420,2025-08-31,AccountSecurity,Pixel 7,Android 14,HIGH,AuthError,0
T0707,2025-09-23,Authorization,Samsung S24,Android 15,HIGH,NullPointerException,1
T0529,2025-05-06,Authentication,Pixel 7,Android 14,MEDIUM,TimeoutError,0
T0246,2025-11-27,OTP,Pixel 8,Android 15,CRITICAL,NullPointerException,0
T0752,2025-08-02,FraudDetection,iPhone 15,iOS 18,MEDIUM,ValueError,0
T0054,2025-02-25,Authentication,iPhone 15,iOS 18,HIGH,NullPointerException,0
T0379,2025-11-22,Payment,Samsung A34,Android 13,MEDIUM,AuthError,1
T0659,2025-03-18,Payment,iPhone 15,iOS 18,HIGH,ValueError,0
T0065,2025-03-27,Authorization,Pixel 7,Android 14,HIGH,TimeoutError,1
T0223,2025-08-17,AccountSecurity,Samsung A34,Android 13,MEDIUM,NullPointerException,1
T0652,2025-07-25,FraudDetection,iPhone 12,iOS 17,CRITICAL,AuthError,1
T0505,2025-02-02,Payment,Samsung A54,Android 14,HIGH,NetworkError,1
T0963,2025-12-13,Authentication,Pixel 8,Android 15,CRITICAL,AuthError,0
T0618,2025-07-27,Payment,Samsung A54,Android 14,CRITICAL,AuthError,0
T0049,2025-06-26,Payment,iPhone 15,iOS 18,HIGH,NullPointerException,0
T0963,2025-06-10,Authentication,Pixel 8,Android 15,MEDIUM,TimeoutError,0
T0891,2025-05-06,Authentication,Samsung A34,Android 13,MEDIUM,AssertionError,1
T0206,2025-02-07,FraudDetection,iPhone 15,iOS 18,HIGH,NullPointerException,0
T0667,2025-08-09,AccountSecurity,Pixel 8,Android 15,MEDIUM,AssertionError,1
T0223,2025-09-19,AccountSecurity,Samsung A34,Android 13,CRITICAL,NetworkError,0
T0363,2025-01-14,Authorization,Pixel 8,Android 15,HIGH,NetworkError,0
T0601,2025-02-08,Authorization,Samsung A34,Android 13,CRITICAL,NullPointerException,0
T0920,2025-09-26,UPI,Pixel 8,Android 15,HIGH,TimeoutError,0
T0257,2025-06-27,UPI,iPhone 14,iOS 17,HIGH,ValueError,0
T0453,2025-11-15,Authorization,Samsung A34,Android 13,HIGH,AssertionError,0
T0867,2025-01-18,Authorization,Pixel 8,Android 15,MEDIUM,NetworkError,0
T0162,2025-10-05,Transaction,iPhone 15,iOS 18,MEDIUM,AssertionError,0
T0615,2025-12-29,OTP,Samsung A34,Android 13,HIGH,NetworkError,0
T0895,2025-07-09,FraudDetection,Pixel 8,Android 15,MEDIUM,NullPointerException,1
T0379,2025-04-17,Payment,Samsung A34,Android 13,HIGH,NullPointerException,1
T0099,2025-12-05,OTP,Pixel 8,Android 15,CRITICAL,ValueError,0
T0892,2025-11-02,Payment,Samsung A34,Android 13,CRITICAL,NetworkError,0
T0091,2025-04-19,UPI,iPhone 15,iOS 18,MEDIUM,AssertionError,1
T0116,2025-09-04,Transaction,Samsung A34,Android 13,MEDIUM,ValueError,0
T0555,2025-11-04,FraudDetection,iPhone 12,iOS 17,CRITICAL,AuthError,0
T0515,2025-02-27,FraudDetection,iPhone 14,iOS 17,CRITICAL,AuthError,1
T0206,2025-04-29,FraudDetection,iPhone 15,iOS 18,HIGH,AssertionError,0
T0931,2025-02-09,AccountSecurity,Samsung A54,Android 14,CRITICAL,NullPointerException,1
T0461,2025-12-14,Authentication,iPhone 12,iOS 17,CRITICAL,AuthError,1
T0897,2025-05-29,Authentication,iPhone 15,iOS 18,MEDIUM,AuthError,0
T0219,2025-12-08,Authorization,iPhone 15,iOS 18,HIGH,AssertionError,0
T0089,2025-01-27,Payment,iPhone 12,iOS 17,HIGH,TimeoutError,0
T0982,2025-11-15,UPI,Pixel 7,Android 14,HIGH,ValueError,1
T0037,2025-08-11,Authentication,Pixel 7,Android 14,HIGH,AuthError,1
T0793,2025-01-23,OTP,Pixel 8,Android 15,HIGH,AuthError,1
T0421,2025-01-18,OTP,iPhone 14,iOS 17,CRITICAL,ValueError,1
T0345,2025-11-19,AccountSecurity,Samsung A34,Android 13,HIGH,ValueError,1
T0594,2025-08-12,Authentication,Samsung S24,Android 15,CRITICAL,NullPointerException,1
T0827,2025-04-18,OTP,Pixel 8,Android 15,MEDIUM,NullPointerException,0
T0423,2025-10-21,OTP,iPhone 12,iOS 17,CRITICAL,TimeoutError,0
T0223,2025-08-19,AccountSecurity,Samsung A34,Android 13,MEDIUM,AuthError,1
T0276,2025-04-26,OTP,Samsung A34,Android 13,MEDIUM,NetworkError,1
T0764,2025-02-09,AccountSecurity,iPhone 14,iOS 17,CRITICAL,AuthError,1
T0553,2025-04-21,Payment,Samsung S24,Android 15,HIGH,NetworkError,0
T0790,2025-08-28,Authentication,iPhone 15,iOS 18,MEDIUM,AssertionError,1
T0674,2025-03-20,Payment,iPhone 12,iOS 17,MEDIUM,AssertionError,0
T0857,2025-01-29,Authentication,Samsung S24,Android 15,CRITICAL,AssertionError,1
T0682,2025-12-23,OTP,Samsung A54,Android 14,CRITICAL,ValueError,0
T0782,2025-12-29,Authorization,Samsung S24,Android 15,CRITICAL,NetworkError,0
T0179,2025-12-07,AccountSecurity,Pixel 7,Android 14,CRITICAL,ValueError,1
T0846,2025-09-02,AccountSecurity,iPhone 15,iOS 18,HIGH,NetworkError,1
T0326,2025-02-09,OTP,iPhone 15,iOS 18,MEDIUM,NullPointerException,1
T0894,2025-03-23,UPI,iPhone 15,iOS 18,HIGH,NetworkError,0
T0420,2025-12-19,AccountSecurity,Pixel 7,Android 14,MEDIUM,NetworkError,1
T0986,2025-04-19,AccountSecurity,iPhone 12,iOS 17,CRITICAL,AuthError,1
T0482,2025-08-13,Authentication,Pixel 7,Android 14,HIGH,TimeoutError,0
T0709,2025-08-30,Transaction,iPhone 12,iOS 17,CRITICAL,TimeoutError,0
T0374,2025-01-07,UPI,iPhone 12,iOS 17,CRITICAL,AuthError,0
T0487,2025-02-11,Authorization,iPhone 12,iOS 17,MEDIUM,AuthError,1
T0215,2025-06-15,UPI,Pixel 8,Android 15,CRITICAL,AuthError,1
T0802,2025-06-26,AccountSecurity,Samsung A34,Android 13,MEDIUM,AuthError,1
T0501,2025-10-04,OTP,Pixel 8,Android 15,MEDIUM,NullPointerException,1
T0910,2025-04-08,AccountSecurity,Pixel 8,Android 15,CRITICAL,NetworkError,1
T0999,2025-01-25,Authorization,Samsung S24,Android 15,MEDIUM,AuthError,1
T0674,2025-08-18,Payment,iPhone 12,iOS 17,CRITICAL,ValueError,1
T0536,2025-06-29,FraudDetection,Pixel 7,Android 14,MEDIUM,TimeoutError,0
T0684,2025-12-18,FraudDetection,Samsung S24,Android 15,CRITICAL,TimeoutError,0
T0853,2025-06-28,OTP,Samsung S24,Android 15,HIGH,AuthError,1
T0326,2025-05-23,OTP,iPhone 15,iOS 18,CRITICAL,NullPointerException,1
T0577,2025-05-16,Transaction,iPhone 14,iOS 17,MEDIUM,NetworkError,0
T0134,2025-02-28,Authorization,Samsung A54,Android 14,MEDIUM,AuthError,0
T0005,2025-07-09,OTP,Pixel 7,Android 14,HIGH,ValueError,1
T0920,2025-05-16,UPI,Pixel 8,Android 15,HIGH,NetworkError,0
T0381,2025-05-13,AccountSecurity,iPhone 15,iOS 18,HIGH,ValueError,1
T0610,2025-10-12,Authorization,Samsung A34,Android 13,CRITICAL,AuthError,1
T0839,2025-09-09,OTP,Samsung A34,Android 13,MEDIUM,ValueError,1
T0637,2025-06-15,OTP,Pixel 8,Android 15,CRITICAL,TimeoutError,1
T0350,2025-07-08,FraudDetection,iPhone 12,iOS 17,HIGH,TimeoutError,1
T0275,2025-09-03,Authentication,Pixel 8,Android 15,CRITICAL,ValueError,0
T0372,2025-12-08,FraudDetection,Pixel 7,Android 14,CRITICAL,ValueError,1
T0162,2025-02-07,Transaction,iPhone 15,iOS 18,HIGH,ValueError,1
T0025,2025-02-19,Payment,Samsung S24,Android 15,CRITICAL,AssertionError,0
T0260,2025-03-10,Authentication,Samsung A34,Android 13,HIGH,AssertionError,0
T0351,2025-10-17,UPI,iPhone 12,iOS 17,HIGH,TimeoutError,0
T0565,2025-01-14,OTP,Samsung A54,Android 14,HIGH,ValueError,1
T0785,2025-08-02,FraudDetection,iPhone 15,iOS 18,MEDIUM,AssertionError,0
T0931,2025-06-23,AccountSecurity,Samsung A54,Android 14,MEDIUM,TimeoutError,1
T0593,2025-06-19,Payment,Samsung S24,Android 15,CRITICAL,ValueError,0
T0392,2025-10-26,AccountSecurity,Samsung S24,Android 15,CRITICAL,AssertionError,1
T0192,2025-07-14,Payment,Samsung S24,Android 15,HIGH,NullPointerException,1
T0618,2025-10-25,Payment,Samsung A54,Android 14,HIGH,NullPointerException,1
T0268,2025-05-30,OTP,iPhone 14,iOS 17,CRITICAL,TimeoutError,0
T0865,2025-09-11,Transaction,Samsung S24,Android 15,HIGH,ValueError,0
T0341,2025-01-23,FraudDetection,Samsung A34,Android 13,MEDIUM,AssertionError,0
T0274,2025-04-19,AccountSecurity,iPhone 15,iOS 18,HIGH,AuthError,1
T0973,2025-12-13,Transaction,iPhone 15,iOS 18,CRITICAL,AssertionError,1
T0694,2025-06-04,Transaction,iPhone 14,iOS 17,CRITICAL,AuthError,1
T0854,2025-05-07,UPI,iPhone 12,iOS 17,MEDIUM,AuthError,1
T0244,2025-07-22,FraudDetection,Samsung A54,Android 14,MEDIUM,NetworkError,1
T0338,2025-01-29,Transaction,Pixel 7,Android 14,CRITICAL,AssertionError,1
T0965,2025-11-28,Authorization,Samsung S24,Android 15,CRITICAL,NullPointerException,1
T0905,2025-10-03,Transaction,Samsung A34,Android 13,MEDIUM,AuthError,0
T0231,2025-10-11,Authentication,Samsung A54,Android 14,MEDIUM,NullPointerException,1
T0865,2025-07-03,Transaction,Samsung S24,Android 15,CRITICAL,NetworkError,1
T0157,2025-09-20,FraudDetection,Pixel 8,Android 15,MEDIUM,NullPointerException,0
T0098,2025-05-06,FraudDetection,iPhone 14,iOS 17,HIGH,ValueError,0
T0679,2025-07-03,Authentication,Pixel 8,Android 15,HIGH,AuthError,1
T0025,2025-11-18,Payment,Samsung S24,Android 15,CRITICAL,NullPointerException,0
T0623,2025-07-04,OTP,Samsung A54,Android 14,HIGH,NullPointerException,1
T0164,2025-04-22,Authorization,iPhone 14,iOS 17,CRITICAL,NetworkError,1
T0129,2025-03-30,Authorization,iPhone 15,iOS 18,HIGH,ValueError,0
T0970,2025-12-06,Authorization,Samsung A54,Android 14,HIGH,NetworkError,1
T0515,2025-12-07,FraudDetection,iPhone 14,iOS 17,HIGH,AuthError,0
T0156,2025-04-13,OTP,Pixel 7,Android 14,MEDIUM,TimeoutError,1
T0504,2025-12-04,AccountSecurity,iPhone 15,iOS 18,CRITICAL,AuthError,1
T0931,2025-10-26,AccountSecurity,Samsung A54,Android 14,HIGH,NetworkError,0
T0765,2025-01-02,Authorization,iPhone 15,iOS 18,MEDIUM,ValueError,0
T0397,2025-11-06,Authorization,iPhone 12,iOS 17,MEDIUM,AuthError,1
T0959,2025-08-22,OTP,Samsung A34,Android 13,MEDIUM,TimeoutError,1
T0990,2025-05-06,Authentication,Pixel 7,Android 14,CRITICAL,AssertionError,0
T0039,2025-09-29,Transaction,Samsung A34,Android 13,MEDIUM,NetworkError,0
T0300,2025-03-17,Payment,iPhone 14,iOS 17,HIGH,AuthError,1
T0146,2025-07-12,Authorization,Samsung A54,Android 14,HIGH,NetworkError,0
T0809,2025-11-16,OTP,Samsung A34,Android 13,CRITICAL,AssertionError,0
T0355,2025-08-07,Authorization,iPhone 12,iOS 17,CRITICAL,TimeoutError,1
T0044,2025-04-13,Payment,iPhone 15,iOS 18,CRITICAL,AssertionError,1
T0870,2025-09-30,FraudDetection,Samsung A54,Android 14,CRITICAL,ValueError,0
T0090,2025-05-04,OTP,Samsung A34,Android 13,MEDIUM,TimeoutError,1
T0948,2025-03-30,FraudDetection,Pixel 8,Android 15,MEDIUM,NullPointerException,0
T0587,2025-03-07,FraudDetection,Pixel 8,Android 15,HIGH,NullPointerException,0
T0878,2025-01-28,Transaction,Samsung S24,Android 15,HIGH,TimeoutError,0
T0787,2025-01-12,FraudDetection,Pixel 7,Android 14,CRITICAL,TimeoutError,0
T0897,2025-06-28,Authentication,iPhone 15,iOS 18,HIGH,ValueError,1
T0907,2025-06-13,Transaction,Pixel 8,Android 15,CRITICAL,AuthError,0
T0072,2025-01-09,Authorization,Samsung A54,Android 14,HIGH,AssertionError,0
T0111,2025-06-14,FraudDetection,Pixel 8,Android 15,MEDIUM,NullPointerException,0
T0752,2025-09-05,FraudDetection,iPhone 15,iOS 18,MEDIUM,ValueError,0
T0511,2025-06-11,UPI,Pixel 8,Android 15,MEDIUM,AuthError,1
T0529,2025-08-04,Authentication,Pixel 7,Android 14,HIGH,NetworkError,0
T0234,2025-11-24,UPI,iPhone 12,iOS 17,MEDIUM,AssertionError,1
T0531,2025-10-28,OTP,iPhone 12,iOS 17,CRITICAL,AuthError,0
T0363,2025-04-19,Authorization,Pixel 8,Android 15,HIGH,ValueError,1
T0995,2025-06-06,AccountSecurity,iPhone 14,iOS 17,MEDIUM,AuthError,1
T0704,2025-01-12,AccountSecurity,iPhone 15,iOS 18,CRITICAL,NullPointerException,0
T0529,2025-10-27,Authentication,Pixel 7,Android 14,CRITICAL,NetworkError,0
T0164,2025-10-09,Authorization,iPhone 14,iOS 17,HIGH,TimeoutError,0
T0103,2025-09-16,FraudDetection,Samsung A34,Android 13,MEDIUM,AssertionError,0
T0665,2025-08-29,FraudDetection,iPhone 12,iOS 17,CRITICAL,TimeoutError,0
T0659,2025-03-23,Payment,iPhone 15,iOS 18,MEDIUM,AuthError,1
T0806,2025-07-29,AccountSecurity,Samsung A54,Android 14,MEDIUM,TimeoutError,0
T0959,2025-10-16,OTP,Samsung A34,Android 13,MEDIUM,AssertionError,1
T0752,2025-06-16,FraudDetection,iPhone 15,iOS 18,MEDIUM,TimeoutError,0
T0531,2025-08-11,OTP,iPhone 12,iOS 17,CRITICAL,AssertionError,1
T0915,2025-03-22,Payment,Pixel 7,Android 14,HIGH,AuthError,0
T0209,2025-01-18,OTP,Pixel 8,Android 15,MEDIUM,ValueError,0
T0206,2025-07-18,FraudDetection,iPhone 15,iOS 18,MEDIUM,AssertionError,0
T0450,2025-06-29,FraudDetection,iPhone 15,iOS 18,HIGH,AssertionError,1
T0251,2025-09-13,AccountSecurity,iPhone 12,iOS 17,HIGH,NullPointerException,0
T0723,2025-11-28,Payment,iPhone 15,iOS 18,CRITICAL,NetworkError,0
T0888,2025-08-07,AccountSecurity,iPhone 14,iOS 17,MEDIUM,NullPointerException,0
T0539,2025-08-31,AccountSecurity,iPhone 15,iOS 18,CRITICAL,AuthError,0
T0239,2025-08-03,Authentication,Pixel 7,Android 14,HIGH,AuthError,0
T0120,2025-05-21,UPI,Pixel 8,Android 15,HIGH,ValueError,1
T0983,2025-02-21,Authorization,Pixel 7,Android 14,MEDIUM,NullPointerException,0
T0612,2025-12-05,OTP,Pixel 7,Android 14,CRITICAL,ValueError,0
T0877,2025-11-12,AccountSecurity,Samsung A34,Android 13,HIGH,TimeoutError,1
T0264,2025-11-24,Payment,Samsung A34,Android 13,MEDIUM,ValueError,0
T0646,2025-01-14,Transaction,Samsung S24,Android 15,CRITICAL,NullPointerException,0
T0803,2025-10-25,OTP,Samsung A54,Android 14,CRITICAL,NullPointerException,1
T0447,2025-12-13,Authorization,Samsung A34,Android 13,HIGH,ValueError,0
T0293,2025-12-13,Authentication,Pixel 7,Android 14,CRITICAL,TimeoutError,0
T0772,2025-02-26,Authorization,Pixel 8,Android 15,HIGH,ValueError,0
T0146,2025-09-10,Authorization,Samsung A54,Android 14,CRITICAL,AuthError,1
T0567,2025-07-21,UPI,iPhone 15,iOS 18,HIGH,NetworkError,0
T0190,2025-11-15,Transaction,iPhone 14,iOS 17,CRITICAL,NetworkError,1
T0981,2025-12-05,UPI,iPhone 12,iOS 17,CRITICAL,NetworkError,0
T0302,2025-04-18,UPI,Pixel 8,Android 15,HIGH,ValueError,1
T0257,2025-09-29,UPI,iPhone 14,iOS 17,MEDIUM,NullPointerException,0
T0215,2025-05-14,UPI,Pixel 8,Android 15,CRITICAL,ValueError,0
T0345,2025-06-15,AccountSecurity,Samsung A34,Android 13,MEDIUM,NetworkError,1
T0644,2025-03-17,FraudDetection,Pixel 8,Android 15,MEDIUM,NullPointerException,0
T0190,2025-08-16,Transaction,iPhone 14,iOS 17,HIGH,AuthError,1
T0859,2025-12-18,OTP,Pixel 8,Android 15,MEDIUM,TimeoutError,1
T0915,2025-08-14,Payment,Pixel 7,Android 14,HIGH,ValueError,1
T0742,2025-07-01,FraudDetection,Pixel 7,Android 14,HIGH,TimeoutError,1
T0077,2025-04-25,UPI,Pixel 7,Android 14,HIGH,AuthError,0
T0462,2025-04-26,OTP,iPhone 12,iOS 17,MEDIUM,NullPointerException,1
T0252,2025-10-02,Authorization,Pixel 7,Android 14,HIGH,AssertionError,1
T0124,2025-04-26,FraudDetection,Pixel 7,Android 14,MEDIUM,AssertionError,1
T0257,2025-12-19,UPI,iPhone 14,iOS 17,HIGH,NetworkError,1
T0862,2025-09-20,FraudDetection,Samsung A54,Android 14,HIGH,NullPointerException,0
T0529,2025-05-17,Authentication,Pixel 7,Android 14,MEDIUM,NullPointerException,1
T0646,2025-08-19,Transaction,Samsung S24,Android 15,CRITICAL,NetworkError,0
T0529,2025-02-15,Authentication,Pixel 7,Android 14,HIGH,NetworkError,0
T0875,2025-04-02,OTP,Pixel 8,Android 15,MEDIUM,TimeoutError,0
T0223,2025-07-17,AccountSecurity,Samsung A34,Android 13,MEDIUM,ValueError,0
T0838,2025-01-02,AccountSecurity,Samsung A54,Android 14,HIGH,NullPointerException,0
T0178,2025-03-16,Transaction,Pixel 7,Android 14,MEDIUM,NetworkError,1
T0024,2025-09-15,Authorization,Samsung S24,Android 15,CRITICAL,NetworkError,1
T0223,2025-04-02,AccountSecurity,Samsung A34,Android 13,CRITICAL,NetworkError,0
T0412,2025-05-12,AccountSecurity,iPhone 12,iOS 17,HIGH,AuthError,1
T0284,2025-12-08,Payment,iPhone 14,iOS 17,HIGH,AuthError,0
T0647,2025-05-14,Payment,Samsung A34,Android 13,MEDIUM,NullPointerException,0
T0981,2025-10-28,UPI,iPhone 12,iOS 17,MEDIUM,NullPointerException,0
T0926,2025-09-11,FraudDetection,Samsung A54,Android 14,HIGH,NetworkError,1
T0464,2025-10-25,OTP,Samsung S24,Android 15,CRITICAL,ValueError,0
T0267,2025-10-13,Transaction,Pixel 7,Android 14,CRITICAL,TimeoutError,1
T0729,2025-12-26,Payment,Samsung A54,Android 14,HIGH,NetworkError,0
T0997,2025-10-07,Payment,Samsung S24,Android 15,HIGH,NetworkError,1
T0716,2025-05-17,Authentication,iPhone 14,iOS 17,CRITICAL,NullPointerException,1
T0477,2025-09-16,AccountSecurity,iPhone 15,iOS 18,HIGH,NullPointerException,1
T0577,2025-07-31,Transaction,iPhone 14,iOS 17,HIGH,NullPointerException,1
T0960,2025-11-15,OTP,iPhone 12,iOS 17,CRITICAL,TimeoutError,1
T0827,2025-09-02,OTP,Pixel 8,Android 15,HIGH,NullPointerException,1
T0351,2025-09-02,UPI,iPhone 12,iOS 17,CRITICAL,NullPointerException,1
T0436,2025-08-20,FraudDetection,Samsung A54,Android 14,HIGH,NullPointerException,1
T0823,2025-04-17,FraudDetection,iPhone 15,iOS 18,HIGH,TimeoutError,1
T0090,2025-10-08,OTP,Samsung A34,Android 13,CRITICAL,NetworkError,0
T0406,2025-04-08,UPI,Samsung A34,Android 13,CRITICAL,NullPointerException,0
T0539,2025-11-19,AccountSecurity,iPhone 15,iOS 18,MEDIUM,AssertionError,0
T0827,2025-05-22,OTP,Pixel 8,Android 15,HIGH,ValueError,0
T0741,2025-11-06,AccountSecurity,iPhone 15,iOS 18,MEDIUM,AssertionError,1
T0991,2025-06-19,AccountSecurity,Pixel 7,Android 14,CRITICAL,AuthError,1
T0011,2025-07-27,FraudDetection,iPhone 14,iOS 17,CRITICAL,AssertionError,0
T0733,2025-11-19,UPI,iPhone 15,iOS 18,MEDIUM,AssertionError,0
T0508,2025-08-03,OTP,Samsung A34,Android 13,CRITICAL,NetworkError,0
T0825,2025-01-18,FraudDetection,Samsung A34,Android 13,MEDIUM,AssertionError,0
T0669,2025-12-13,OTP,iPhone 14,iOS 17,CRITICAL,NullPointerException,0
T0840,2025-02-18,Transaction,Samsung S24,Android 15,MEDIUM,ValueError,1
T0169,2025-05-29,Authentication,Samsung A54,Android 14,HIGH,NetworkError,0
T0247,2025-01-12,Transaction,Pixel 7,Android 14,MEDIUM,AssertionError,1
T0286,2025-11-09,Payment,Pixel 7,Android 14,MEDIUM,TimeoutError,0
T0320,2025-01-07,AccountSecurity,iPhone 15,iOS 18,HIGH,NullPointerException,0
T0845,2025-10-17,Payment,Samsung A54,Android 14,CRITICAL,AssertionError,0
T0502,2026-01-01,Authorization,Samsung S24,Android 15,CRITICAL,AssertionError,0
T0969,2025-01-12,OTP,Samsung A54,Android 14,HIGH,AssertionError,1
T0030,2025-06-15,Payment,Pixel 8,Android 15,MEDIUM,NullPointerException,1
T0997,2025-04-05,Payment,Samsung S24,Android 15,CRITICAL,AuthError,1
T0211,2025-08-03,FraudDetection,iPhone 14,iOS 17,HIGH,NullPointerException,0
T0291,2025-11-09,AccountSecurity,Samsung S24,Android 15,MEDIUM,NetworkError,0
T0857,2025-12-22,Authentication,Samsung S24,Android 15,CRITICAL,ValueError,1
T0825,2025-02-10,FraudDetection,Samsung A34,Android 13,MEDIUM,NetworkError,1
T0623,2025-10-28,OTP,Samsung A54,Android 14,HIGH,NetworkError,1
T0990,2025-03-24,Authentication,Pixel 7,Android 14,HIGH,ValueError,0
T0264,2025-08-16,Payment,Samsung A34,Android 13,MEDIUM,TimeoutError,1
T0486,2025-03-19,Authorization,Samsung A54,Android 14,HIGH,ValueError,0
T0211,2025-12-06,FraudDetection,iPhone 14,iOS 17,CRITICAL,NetworkError,1
T0072,2025-05-09,Authorization,Samsung A54,Android 14,CRITICAL,AuthError,0
T0999,2025-06-11,Authorization,Samsung S24,Android 15,MEDIUM,ValueError,1
T0054,2025-09-24,Authentication,iPhone 15,iOS 18,CRITICAL,AssertionError,1
T0395,2025-05-30,UPI,Pixel 8,Android 15,HIGH,ValueError,1
T0432,2025-07-16,OTP,iPhone 12,iOS 17,CRITICAL,NullPointerException,0
T0375,2025-06-29,AccountSecurity,Pixel 7,Android 14,MEDIUM,AuthError,1
T0066,2025-03-11,Payment,Samsung A54,Android 14,CRITICAL,NetworkError,0
T0716,2025-05-27,Authentication,iPhone 14,iOS 17,HIGH,TimeoutError,0
T0915,2025-05-20,Payment,Pixel 7,Android 14,MEDIUM,TimeoutError,0
T0275,2025-11-01,Authentication,Pixel 8,Android 15,HIGH,AuthError,0
T0817,2025-05-27,Authentication,Samsung S24,Android 15,HIGH,AssertionError,0
T0980,2025-06-06,UPI,Pixel 8,Android 15,HIGH,TimeoutError,0
T0146,2025-04-17,Authorization,Samsung A54,Android 14,HIGH,NullPointerException,0
T0181,2025-01-28,Authorization,Samsung A54,Android 14,CRITICAL,NullPointerException,1
T0002,2025-11-14,AccountSecurity,iPhone 15,iOS 18,CRITICAL,ValueError,1
T0549,2025-09-05,UPI,Samsung A54,Android 14,CRITICAL,NetworkError,1
T0612,2025-10-05,OTP,Pixel 7,Android 14,MEDIUM,AuthError,1
T0501,2025-02-14,OTP,Pixel 8,Android 15,MEDIUM,AuthError,0
T0130,2025-01-27,AccountSecurity,Samsung A34,Android 13,CRITICAL,NetworkError,1
T0355,2025-07-27,Authorization,iPhone 12,iOS 17,MEDIUM,TimeoutError,0
T0518,2025-10-29,UPI,Pixel 7,Android 14,MEDIUM,NullPointerException,1
T0133,2025-01-27,OTP,Samsung A54,Android 14,CRITICAL,ValueError,1
T0906,2025-03-23,OTP,iPhone 14,iOS 17,HIGH,NetworkError,0
T0181,2025-09-18,Authorization,Samsung A54,Android 14,CRITICAL,ValueError,1
T0072,2025-02-05,Authorization,Samsung A54,Android 14,MEDIUM,AssertionError,1
T0784,2025-03-08,OTP,iPhone 12,iOS 17,MEDIUM,AssertionError,0
T0665,2025-01-29,FraudDetection,iPhone 12,iOS 17,HIGH,NullPointerException,1
T0317,2025-01-14,OTP,Samsung A54,Android 14,HIGH,NullPointerException,1
T0884,2025-01-24,Payment,iPhone 14,iOS 17,MEDIUM,NullPointerException,0
T0299,2025-01-07,UPI,Pixel 8,Android 15,MEDIUM,NullPointerException,1
T0648,2025-08-06,OTP,Samsung A34,Android 13,HIGH,NullPointerException,0
T0190,2025-07-21,Transaction,iPhone 14,iOS 17,MEDIUM,AssertionError,0
T0057,2025-05-20,Authentication,Pixel 7,Android 14,MEDIUM,ValueError,0
T0766,2025-10-03,FraudDetection,Samsung S24,Android 15,CRITICAL,ValueError,0
T0969,2025-07-31,OTP,Samsung A54,Android 14,MEDIUM,AuthError,1
T0827,2025-12-22,OTP,Pixel 8,Android 15,MEDIUM,AssertionError,1
T0773,2025-02-04,OTP,Pixel 8,Android 15,HIGH,NullPointerException,1
T0252,2025-08-06,Authorization,Pixel 7,Android 14,CRITICAL,AuthError,0
T0834,2025-05-26,Authorization,Pixel 7,Android 14,HIGH,NullPointerException,0
T0507,2025-03-08,Authorization,iPhone 12,iOS 17,CRITICAL,AuthError,0
T0110,2025-05-09,Authentication,Pixel 8,Android 15,MEDIUM,ValueError,0
T0982,2025-01-24,UPI,Pixel 7,Android 14,CRITICAL,ValueError,0
T0578,2025-02-16,Authentication,Samsung A54,Android 14,HIGH,ValueError,1
T0448,2025-10-10,Authentication,Pixel 8,Android 15,HIGH,AuthError,1
T0982,2025-09-18,UPI,Pixel 7,Android 14,CRITICAL,NetworkError,0
T0734,2025-11-12,Authentication,iPhone 14,iOS 17,CRITICAL,AuthError,1
T0157,2025-10-03,FraudDetection,Pixel 8,Android 15,MEDIUM,NetworkError,1
T0567,2025-06-25,UPI,iPhone 15,iOS 18,HIGH,AssertionError,0
T0467,2025-07-22,Account,Samsung A54,Android 14,MEDIUM,AuthError,0
T0795,2025-01-14,Biometrics,Samsung A34,Android 13,MEDIUM,NetworkError,0
T0598,2025-05-09,CustomerSupport,Samsung A54,Android 14,MEDIUM,TimeoutError,1
T0086,2025-10-16,Biometrics,Samsung A34,Android 13,LOW,AssertionError,1
T0384,2025-02-13,Notification,iPhone 12,iOS 17,MEDIUM,NetworkError,0
T0176,2025-11-17,DeviceSecurity,Samsung S24,Android 15,LOW,TimeoutError,1
T0938,2025-04-08,CustomerSupport,Samsung A54,Android 14,MEDIUM,ValueError,0
T0656,2025-12-20,Dashboard,iPhone 12,iOS 17,LOW,TimeoutError,1
T0279,2025-12-16,CustomerSupport,Samsung S24,Android 15,MEDIUM,NullPointerException,1
T0700,2025-12-17,Notification,Pixel 8,Android 15,MEDIUM,TimeoutError,1
T0150,2025-10-02,Account,Pixel 8,Android 15,MEDIUM,AuthError,1
T0004,2025-04-17,Account,Samsung S24,Android 15,MEDIUM,NullPointerException,1
T0166,2025-09-26,Dashboard,iPhone 15,iOS 18,LOW,NetworkError,0
T0068,2025-07-15,Dashboard,Pixel 7,Android 14,MEDIUM,AuthError,0
T0864,2025-05-08,Biometrics,Pixel 7,Android 14,LOW,NetworkError,0
T0040,2025-08-01,DeviceSecurity,iPhone 12,iOS 17,LOW,AssertionError,1
T0279,2025-11-21,CustomerSupport,Samsung S24,Android 15,LOW,AssertionError,1
T0492,2025-01-03,Profile,Samsung A34,Android 13,MEDIUM,NullPointerException,1
T0042,2025-01-07,CustomerSupport,Pixel 7,Android 14,MEDIUM,ValueError,0
T0835,2025-08-12,Dashboard,iPhone 15,iOS 18,MEDIUM,TimeoutError,1
T0186,2025-06-04,Dashboard,Pixel 8,Android 15,MEDIUM,AssertionError,1
T0117,2025-04-24,Notification,Samsung S24,Android 15,LOW,NetworkError,0
T0968,2025-10-07,Dashboard,Samsung A34,Android 13,LOW,AssertionError,0
T0273,2025-12-03,Notification,Samsung S24,Android 15,LOW,TimeoutError,0
T0966,2025-04-18,Notification,Pixel 8,Android 15,MEDIUM,AssertionError,1
T0653,2025-05-13,Notification,Pixel 8,Android 15,MEDIUM,NetworkError,0
T0446,2025-01-30,Notification,iPhone 14,iOS 17,LOW,AssertionError,0
T0013,2025-06-24,Biometrics,Samsung A54,Android 14,MEDIUM,TimeoutError,1
T0730,2025-04-23,CustomerSupport,Samsung A54,Android 14,MEDIUM,ValueError,1
T0506,2025-04-29,Dashboard,iPhone 14,iOS 17,LOW,ValueError,1
T0701,2025-10-29,Biometrics,iPhone 15,iOS 18,MEDIUM,NetworkError,1
T0971,2025-03-28,Profile,iPhone 15,iOS 18,LOW,AssertionError,1
T0093,2025-08-16,Dashboard,iPhone 12,iOS 17,LOW,AssertionError,1
T0927,2025-09-13,Profile,Samsung S24,Android 15,LOW,TimeoutError,1
T0860,2025-12-31,Profile,Samsung A54,Android 14,LOW,ValueError,1
T0957,2025-05-11,Notification,iPhone 15,iOS 18,LOW,ValueError,1
T0015,2025-03-10,CustomerSupport,Pixel 8,Android 15,MEDIUM,NetworkError,1
T0106,2025-07-06,Notification,Samsung S24,Android 15,LOW,AuthError,0
T0754,2025-11-08,Biometrics,Samsung A54,Android 14,LOW,ValueError,1
T0924,2025-10-06,Account,Pixel 8,Android 15,MEDIUM,TimeoutError,1
T0543,2025-06-10,Account,Samsung A54,Android 14,MEDIUM,ValueError,1
T0769,2025-10-24,Biometrics,iPhone 12,iOS 17,LOW,AssertionError,0
T0073,2025-12-05,Account,Samsung S24,Android 15,LOW,ValueError,1
T0688,2025-02-12,CustomerSupport,Pixel 7,Android 14,LOW,ValueError,1
T0359,2025-08-15,Profile,Pixel 7,Android 14,MEDIUM,NullPointerException,1
T0122,2025-09-28,CustomerSupport,Samsung S24,Android 15,LOW,ValueError,1
T0084,2025-09-14,Biometrics,iPhone 12,iOS 17,LOW,NullPointerException,0
T0307,2025-04-04,Dashboard,Samsung A54,Android 14,MEDIUM,NetworkError,1
T0754,2025-11-09,Biometrics,Samsung A54,Android 14,LOW,NetworkError,1
T0444,2025-08-25,Biometrics,iPhone 15,iOS 18,LOW,NetworkError,1
T0651,2025-02-06,Dashboard,Samsung A34,Android 13,MEDIUM,NetworkError,0
T0546,2025-10-01,Biometrics,Samsung A34,Android 13,MEDIUM,NetworkError,1
T0438,2025-10-17,Profile,Samsung S24,Android 15,MEDIUM,NullPointerException,0
T0811,2025-02-26,Account,iPhone 14,iOS 17,LOW,ValueError,1
T0687,2025-10-24,Notification,Samsung S24,Android 15,MEDIUM,AssertionError,1
T0235,2025-09-12,Account,Samsung A54,Android 14,MEDIUM,NullPointerException,0
T0706,2025-03-12,Account,iPhone 14,iOS 17,LOW,AuthError,1
T0987,2025-04-21,Profile,iPhone 15,iOS 18,LOW,ValueError,0
T0203,2025-08-26,DeviceSecurity,Samsung S24,Android 15,MEDIUM,ValueError,0
T0145,2025-07-04,CustomerSupport,Pixel 7,Android 14,MEDIUM,AuthError,1
T0988,2025-01-23,Biometrics,Samsung S24,Android 15,MEDIUM,AssertionError,1
T0442,2025-08-18,CustomerSupport,Pixel 7,Android 14,LOW,AuthError,1
T0266,2025-11-23,Dashboard,Pixel 7,Android 14,LOW,TimeoutError,1
T0384,2025-03-12,Notification,iPhone 12,iOS 17,LOW,AssertionError,0
T0949,2025-01-05,Profile,Pixel 7,Android 14,MEDIUM,NetworkError,1
T0631,2025-10-30,DeviceSecurity,Samsung A34,Android 13,MEDIUM,ValueError,0
T0084,2026-01-01,Biometrics,iPhone 12,iOS 17,LOW,NetworkError,0
T0625,2025-10-20,CustomerSupport,iPhone 15,iOS 18,MEDIUM,NullPointerException,0
T0360,2025-03-07,Account,iPhone 14,iOS 17,LOW,AssertionError,1
T0227,2025-11-27,Account,iPhone 14,iOS 17,LOW,TimeoutError,0
T0901,2025-03-30,CustomerSupport,Samsung A34,Android 13,LOW,AuthError,1
T0193,2025-06-04,Biometrics,Samsung A54,Android 14,MEDIUM,ValueError,1
T0280,2025-07-14,Dashboard,iPhone 14,iOS 17,LOW,AuthError,0
T0653,2025-10-19,Notification,Pixel 8,Android 15,LOW,AssertionError,1
T0762,2025-12-21,Dashboard,iPhone 12,iOS 17,MEDIUM,AssertionError,1
T0769,2025-01-16,Biometrics,iPhone 12,iOS 17,MEDIUM,NullPointerException,0
T0677,2025-03-01,DeviceSecurity,Pixel 8,Android 15,LOW,TimeoutError,0
T0404,2025-10-16,Notification,Pixel 8,Android 15,LOW,NetworkError,1
T0730,2025-07-15,CustomerSupport,Samsung A54,Android 14,LOW,ValueError,1
T0182,2025-12-22,Dashboard,iPhone 15,iOS 18,MEDIUM,NullPointerException,1
T0241,2025-04-26,Account,Samsung A34,Android 13,LOW,ValueError,0
T0028,2025-07-08,CustomerSupport,Samsung A34,Android 13,LOW,ValueError,0
T0835,2025-07-10,Dashboard,iPhone 15,iOS 18,MEDIUM,AssertionError,0
T0932,2025-07-01,Profile,Samsung A34,Android 13,LOW,NullPointerException,0
T0649,2025-02-05,Biometrics,iPhone 12,iOS 17,LOW,TimeoutError,1
T0810,2025-11-05,Dashboard,iPhone 15,iOS 18,LOW,AuthError,1
T0822,2025-05-20,Notification,Pixel 8,Android 15,MEDIUM,NullPointerException,0
T0337,2025-04-17,Account,iPhone 12,iOS 17,MEDIUM,NetworkError,0
T0887,2025-08-26,Dashboard,Samsung A54,Android 14,LOW,NullPointerException,1
T0640,2025-09-06,Profile,Pixel 8,Android 15,LOW,ValueError,1
T0449,2025-05-13,Biometrics,iPhone 14,iOS 17,MEDIUM,AssertionError,0
T0710,2025-06-25,DeviceSecurity,iPhone 15,iOS 18,MEDIUM,NullPointerException,1
T0584,2025-06-23,Notification,Pixel 7,Android 14,LOW,AssertionError,1
T0675,2025-07-14,DeviceSecurity,Pixel 8,Android 15,LOW,NullPointerException,1
T0437,2025-11-07,Biometrics,iPhone 12,iOS 17,LOW,TimeoutError,1
T0173,2025-05-22,Account,Samsung A54,Android 14,LOW,TimeoutError,1
T0036,2025-02-21,Dashboard,Samsung A34,Android 13,LOW,NetworkError,1
T0547,2025-04-10,Notification,Pixel 8,Android 15,MEDIUM,NullPointerException,0
T0663,2025-07-26,CustomerSupport,Samsung S24,Android 15,MEDIUM,NullPointerException,1
T0136,2025-02-17,CustomerSupport,Samsung A34,Android 13,LOW,AssertionError,1
T0151,2025-03-06,Profile,iPhone 15,iOS 18,LOW,ValueError,1
T0063,2025-05-29,CustomerSupport,Samsung A54,Android 14,LOW,NetworkError,1
T0356,2025-02-12,Profile,Pixel 8,Android 15,MEDIUM,ValueError,1
T0866,2025-05-16,Biometrics,iPhone 14,iOS 17,LOW,TimeoutError,0
T0837,2025-09-24,Account,Pixel 7,Android 14,LOW,AuthError,0
T0975,2025-08-27,Account,iPhone 12,iOS 17,LOW,NetworkError,1
T0609,2025-07-12,CustomerSupport,Pixel 8,Android 15,LOW,AuthError,0
T0195,2025-10-26,CustomerSupport,Samsung S24,Android 15,LOW,NullPointerException,0
T0621,2025-11-17,Biometrics,Samsung A34,Android 13,LOW,AssertionError,0
T0149,2025-02-27,Account,Pixel 7,Android 14,LOW,AuthError,1
T0746,2025-06-02,Profile,iPhone 14,iOS 17,MEDIUM,ValueError,1
T0543,2025-11-09,Account,Samsung A54,Android 14,MEDIUM,ValueError,1
T0159,2025-01-11,Dashboard,iPhone 14,iOS 17,LOW,AuthError,1
T0353,2025-01-02,Dashboard,Samsung S24,Android 15,MEDIUM,AssertionError,0
T0640,2025-06-04,Profile,Pixel 8,Android 15,MEDIUM,AuthError,1
T0866,2025-03-15,Biometrics,iPhone 14,iOS 17,MEDIUM,NetworkError,0
T0444,2025-12-18,Biometrics,iPhone 15,iOS 18,MEDIUM,AuthError,1
T0924,2025-03-24,Account,Pixel 8,Android 15,MEDIUM,AuthError,1
T0171,2025-12-01,Dashboard,Samsung S24,Android 15,MEDIUM,NetworkError,0
T0415,2025-05-13,Notification,iPhone 15,iOS 18,MEDIUM,AuthError,1
T0159,2025-12-25,Dashboard,iPhone 14,iOS 17,MEDIUM,ValueError,0
T0819,2025-03-29,Biometrics,iPhone 15,iOS 18,LOW,TimeoutError,1
T0491,2025-12-05,Account,Samsung A54,Android 14,MEDIUM,NullPointerException,0
T0670,2025-10-27,DeviceSecurity,Samsung S24,Android 15,MEDIUM,NullPointerException,1
T0632,2025-10-10,Biometrics,iPhone 15,iOS 18,MEDIUM,ValueError,1
T0934,2025-02-27,Biometrics,Samsung S24,Android 15,LOW,AssertionError,1
T0172,2025-03-24,Biometrics,iPhone 15,iOS 18,LOW,ValueError,0
T0218,2025-07-01,Biometrics,iPhone 15,iOS 18,MEDIUM,ValueError,0
T0029,2025-09-01,Account,iPhone 12,iOS 17,LOW,ValueError,0
T0598,2025-10-03,CustomerSupport,Samsung A54,Android 14,LOW,TimeoutError,0
T0844,2025-12-14,Account,Pixel 8,Android 15,LOW,AssertionError,1
T0413,2025-01-05,Biometrics,iPhone 15,iOS 18,MEDIUM,NullPointerException,0
T0984,2025-12-03,Dashboard,Samsung A34,Android 13,LOW,NullPointerException,1
T0759,2025-07-28,Profile,iPhone 12,iOS 17,MEDIUM,NetworkError,1
T0933,2025-09-29,CustomerSupport,Samsung A54,Android 14,LOW,AssertionError,0
T0558,2025-05-18,Profile,Samsung S24,Android 15,MEDIUM,NetworkError,1
T0832,2025-07-07,Account,iPhone 14,iOS 17,LOW,AuthError,0
T0584,2025-12-10,Notification,Pixel 7,Android 14,LOW,NetworkError,1
T0583,2025-05-17,Dashboard,iPhone 14,iOS 17,LOW,NullPointerException,0
T0762,2025-11-28,Dashboard,iPhone 12,iOS 17,LOW,NetworkError,0
T0606,2025-04-22,Profile,iPhone 14,iOS 17,LOW,ValueError,0
T0797,2025-05-03,Account,Samsung A34,Android 13,LOW,NetworkError,0
T0428,2025-09-01,Notification,iPhone 12,iOS 17,MEDIUM,AuthError,0
T0445,2025-11-24,Profile,Samsung A54,Android 14,MEDIUM,NetworkError,1
T0953,2025-02-24,Dashboard,iPhone 14,iOS 17,LOW,NullPointerException,1
T0755,2025-06-12,Dashboard,Pixel 8,Android 15,MEDIUM,AuthError,1
T0383,2025-05-05,Profile,Samsung A54,Android 14,MEDIUM,TimeoutError,1
T0270,2025-05-08,Notification,Samsung A34,Android 13,LOW,NetworkError,0
T0445,2025-12-30,Profile,Samsung A54,Android 14,MEDIUM,ValueError,1
T0676,2025-10-12,DeviceSecurity,Pixel 7,Android 14,MEDIUM,AssertionError,0
T0858,2025-01-16,Account,Pixel 8,Android 15,MEDIUM,NullPointerException,0
T0540,2025-08-24,Dashboard,iPhone 12,iOS 17,LOW,NullPointerException,1
T0551,2025-02-07,Biometrics,iPhone 12,iOS 17,LOW,NetworkError,1
T0934,2025-03-29,Biometrics,Samsung S24,Android 15,LOW,NetworkError,1
T0167,2025-07-10,Account,Pixel 7,Android 14,LOW,NullPointerException,1
T0699,2025-02-08,Dashboard,iPhone 12,iOS 17,MEDIUM,NullPointerException,1
T0570,2025-06-17,DeviceSecurity,iPhone 15,iOS 18,MEDIUM,TimeoutError,0
T0676,2025-06-05,DeviceSecurity,Pixel 7,Android 14,MEDIUM,NullPointerException,1
T0535,2025-01-09,Account,Pixel 7,Android 14,LOW,NullPointerException,0
T0250,2025-05-13,DeviceSecurity,Samsung A34,Android 13,LOW,NetworkError,1
T0417,2025-10-06,Profile,iPhone 15,iOS 18,LOW,AssertionError,0
T0087,2025-11-25,CustomerSupport,iPhone 14,iOS 17,LOW,AssertionError,1
T0635,2025-08-19,CustomerSupport,Pixel 8,Android 15,LOW,NullPointerException,1
T0361,2025-05-16,Profile,Samsung A54,Android 14,LOW,ValueError,1
T0972,2025-07-08,Biometrics,iPhone 12,iOS 17,MEDIUM,NullPointerException,0
T0924,2025-08-13,Account,Pixel 8,Android 15,LOW,AuthError,1
T0227,2025-03-05,Account,iPhone 14,iOS 17,MEDIUM,NullPointerException,1
T0795,2025-08-14,Biometrics,Samsung A34,Android 13,MEDIUM,TimeoutError,0
T0259,2025-12-25,Account,iPhone 14,iOS 17,LOW,AuthError,1
T0362,2025-02-06,Biometrics,iPhone 15,iOS 18,MEDIUM,ValueError,0
T0795,2025-12-01,Biometrics,Samsung A34,Android 13,MEDIUM,NetworkError,1
T0751,2025-06-25,Biometrics,iPhone 14,iOS 17,LOW,AuthError,0
T0269,2025-01-01,Dashboard,iPhone 15,iOS 18,LOW,ValueError,1
T0323,2025-02-06,Notification,iPhone 12,iOS 17,MEDIUM,TimeoutError,0
T0401,2025-03-27,Biometrics,Samsung A34,Android 13,MEDIUM,TimeoutError,0
T0210,2025-03-02,Biometrics,Samsung A54,Android 14,LOW,AuthError,1
T0524,2025-07-29,DeviceSecurity,Pixel 7,Android 14,LOW,ValueError,0
T0172,2025-08-19,Biometrics,iPhone 15,iOS 18,MEDIUM,AuthError,0
T0832,2025-01-19,Account,iPhone 14,iOS 17,LOW,AssertionError,0
T0932,2025-03-28,Profile,Samsung A34,Android 13,MEDIUM,NullPointerException,1
T0036,2025-05-16,Dashboard,Samsung A34,Android 13,LOW,TimeoutError,1
T0042,2025-07-27,CustomerSupport,Pixel 7,Android 14,MEDIUM,AuthError,1
T0717,2025-04-18,Notification,Pixel 8,Android 15,LOW,AssertionError,1
T0563,2025-12-27,CustomerSupport,iPhone 15,iOS 18,LOW,ValueError,1
T0495,2025-08-24,Dashboard,Samsung A34,Android 13,MEDIUM,TimeoutError,0
T0333,2025-05-24,DeviceSecurity,Samsung S24,Android 15,LOW,AuthError,0
T0909,2025-05-04,CustomerSupport,Samsung S24,Android 15,LOW,NullPointerException,1
T0934,2025-09-12,Biometrics,Samsung S24,Android 15,LOW,NullPointerException,1
T0730,2025-07-29,CustomerSupport,Samsung A54,Android 14,LOW,NetworkError,0
T0522,2025-07-22,Notification,iPhone 12,iOS 17,MEDIUM,ValueError,1
T0010,2025-05-20,Dashboard,Pixel 7,Android 14,MEDIUM,TimeoutError,0
T0728,2025-07-23,Dashboard,Samsung A34,Android 13,MEDIUM,TimeoutError,1
T0662,2025-12-22,Notification,Samsung S24,Android 15,LOW,ValueError,0
T0069,2025-02-14,Notification,iPhone 15,iOS 18,LOW,NullPointerException,0
T0621,2025-10-18,Biometrics,Samsung A34,Android 13,LOW,TimeoutError,1
T0914,2025-02-14,Biometrics,Samsung S24,Android 15,LOW,ValueError,1
T0937,2025-04-19,CustomerSupport,Pixel 7,Android 14,MEDIUM,TimeoutError,1
T0087,2025-08-24,CustomerSupport,iPhone 14,iOS 17,MEDIUM,AuthError,1
T0818,2025-07-07,DeviceSecurity,Samsung A54,Android 14,LOW,TimeoutError,0
T0996,2025-07-05,Dashboard,Samsung A34,Android 13,MEDIUM,AuthError,1
T0631,2025-09-26,DeviceSecurity,Samsung A34,Android 13,LOW,ValueError,1
T0902,2025-07-31,DeviceSecurity,Pixel 8,Android 15,MEDIUM,AssertionError,1
T0800,2025-07-27,Account,Pixel 7,Android 14,LOW,AuthError,0
T0413,2025-12-25,Biometrics,iPhone 15,iOS 18,MEDIUM,NullPointerException,0
T0864,2025-01-28,Biometrics,Pixel 7,Android 14,MEDIUM,TimeoutError,0
T0831,2025-08-23,CustomerSupport,iPhone 15,iOS 18,LOW,NullPointerException,0
T0279,2025-04-20,CustomerSupport,Samsung S24,Android 15,MEDIUM,ValueError,1
T0220,2025-02-25,Notification,Pixel 8,Android 15,LOW,ValueError,1
T0968,2025-07-03,Dashboard,Samsung A34,Android 13,LOW,ValueError,0
T0975,2025-04-15,Account,iPhone 12,iOS 17,LOW,AssertionError,1
T0347,2025-04-18,Profile,Pixel 8,Android 15,MEDIUM,ValueError,0
T0530,2025-05-20,Biometrics,iPhone 12,iOS 17,LOW,TimeoutError,1
T0698,2025-10-08,Account,iPhone 14,iOS 17,MEDIUM,AssertionError,0
T0546,2025-07-22,Biometrics,Samsung A34,Android 13,MEDIUM,ValueError,0
T0677,2025-07-05,DeviceSecurity,Pixel 8,Android 15,LOW,AuthError,0
T0410,2025-02-01,Biometrics,Samsung A34,Android 13,LOW,TimeoutError,0
T0662,2025-04-29,Notification,Samsung S24,Android 15,MEDIUM,TimeoutError,0
T0724,2025-11-24,Biometrics,Samsung A54,Android 14,MEDIUM,ValueError,1
T0322,2025-08-19,Account,iPhone 14,iOS 17,MEDIUM,AuthError,0
T0512,2025-10-12,DeviceSecurity,iPhone 14,iOS 17,LOW,AuthError,1
T0458,2025-03-17,CustomerSupport,iPhone 12,iOS 17,LOW,TimeoutError,0
T0913,2025-05-13,DeviceSecurity,iPhone 12,iOS 17,LOW,AuthError,0
T0337,2025-06-06,Account,iPhone 12,iOS 17,MEDIUM,TimeoutError,0
T0069,2025-04-29,Notification,iPhone 15,iOS 18,LOW,NetworkError,1
T0521,2025-01-04,Account,Pixel 7,Android 14,LOW,NullPointerException,0
T0728,2025-11-22,Dashboard,Samsung A34,Android 13,MEDIUM,NullPointerException,0
T0728,2025-04-21,Dashboard,Samsung A34,Android 13,MEDIUM,AssertionError,0
T0121,2025-01-12,Account,Samsung A54,Android 14,MEDIUM,NetworkError,0
T0218,2025-12-31,Biometrics,iPhone 15,iOS 18,LOW,ValueError,1
T0658,2025-01-21,CustomerSupport,iPhone 14,iOS 17,LOW,NetworkError,0
T0062,2025-11-19,Profile,Samsung A54,Android 14,LOW,AssertionError,1
T0908,2025-02-21,CustomerSupport,iPhone 15,iOS 18,LOW,ValueError,0
T0896,2025-07-07,Account,iPhone 15,iOS 18,MEDIUM,TimeoutError,0
T0631,2025-10-30,DeviceSecurity,Samsung A34,Android 13,MEDIUM,NetworkError,1
T0182,2025-10-09,Dashboard,iPhone 15,iOS 18,LOW,NullPointerException,1
T0713,2025-07-09,Profile,Pixel 8,Android 15,MEDIUM,AuthError,0
T0808,2025-09-18,Account,iPhone 12,iOS 17,LOW,NullPointerException,0
T0962,2025-09-20,CustomerSupport,iPhone 15,iOS 18,MEDIUM,TimeoutError,0
T0359,2025-12-04,Profile,Pixel 7,Android 14,MEDIUM,NullPointerException,0
T0701,2025-11-02,Biometrics,iPhone 15,iOS 18,MEDIUM,NetworkError,1
T0305,2025-10-17,Account,iPhone 15,iOS 18,LOW,AuthError,0
T0259,2025-04-18,Account,iPhone 14,iOS 17,LOW,AuthError,0
T0699,2025-05-24,Dashboard,iPhone 12,iOS 17,MEDIUM,NullPointerException,1
T0663,2025-07-24,CustomerSupport,Samsung S24,Android 15,LOW,AuthError,1
T0641,2025-10-14,Profile,iPhone 14,iOS 17,MEDIUM,NetworkError,0
T0833,2025-01-05,Dashboard,Samsung A54,Android 14,MEDIUM,AuthError,1
T0866,2025-02-13,Biometrics,iPhone 14,iOS 17,MEDIUM,NetworkError,1
T0216,2025-03-02,Notification,Pixel 8,Android 15,MEDIUM,NullPointerException,1
T0842,2025-01-20,Biometrics,Pixel 8,Android 15,LOW,ValueError,1
T0721,2025-12-03,Profile,Pixel 8,Android 15,LOW,NullPointerException,0
T0961,2025-05-22,Profile,iPhone 12,iOS 17,LOW,NetworkError,0
T0675,2025-04-26,DeviceSecurity,Pixel 8,Android 15,MEDIUM,AssertionError,0
T0629,2025-10-02,DeviceSecurity,Pixel 8,Android 15,MEDIUM,AssertionError,1
T0270,2025-04-16,Notification,Samsung A34,Android 13,LOW,AssertionError,1
T0415,2025-05-07,Notification,iPhone 15,iOS 18,MEDIUM,AuthError,1
T0086,2025-12-12,Biometrics,Samsung A34,Android 13,MEDIUM,TimeoutError,0
T0233,2025-07-19,Account,Pixel 7,Android 14,LOW,AssertionError,1
T0520,2025-08-11,Profile,Pixel 8,Android 15,MEDIUM,NetworkError,1
T0643,2025-01-12,Notification,Samsung S24,Android 15,MEDIUM,AssertionError,1
T0570,2025-11-19,DeviceSecurity,iPhone 15,iOS 18,LOW,AuthError,0
T0950,2025-04-17,Account,Samsung A34,Android 13,LOW,AssertionError,1
T0280,2025-06-10,Dashboard,iPhone 14,iOS 17,MEDIUM,TimeoutError,1
T0899,2025-08-01,DeviceSecurity,Samsung S24,Android 15,LOW,NetworkError,1
T0705,2025-01-31,Biometrics,Samsung S24,Android 15,MEDIUM,AssertionError,0
T0521,2025-04-26,Account,Pixel 7,Android 14,LOW,TimeoutError,0
T0294,2025-03-16,Biometrics,Samsung A34,Android 13,LOW,TimeoutError,0
T0445,2025-05-16,Profile,Samsung A54,Android 14,MEDIUM,NullPointerException,0
T0837,2025-12-05,Account,Pixel 7,Android 14,MEDIUM,NetworkError,1
T0597,2025-05-15,Dashboard,iPhone 12,iOS 17,LOW,AssertionError,0
T0078,2025-03-26,CustomerSupport,Pixel 8,Android 15,MEDIUM,NetworkError,1
T0218,2025-11-14,Biometrics,iPhone 15,iOS 18,MEDIUM,NullPointerException,0
T0598,2025-02-26,CustomerSupport,Samsung A54,Android 14,MEDIUM,ValueError,1
T0126,2025-02-12,Account,Samsung A34,Android 13,MEDIUM,ValueError,0
T0425,2025-11-21,Account,Pixel 7,Android 14,MEDIUM,ValueError,0
T0356,2025-06-28,Profile,Pixel 8,Android 15,MEDIUM,AssertionError,1
T0583,2025-05-26,Dashboard,iPhone 14,iOS 17,MEDIUM,NullPointerException,1
T0925,2025-10-05,Profile,Pixel 8,Android 15,LOW,NullPointerException,0
T0408,2025-02-25,Dashboard,Pixel 8,Android 15,LOW,AuthError,1
T0147,2025-12-27,Dashboard,iPhone 12,iOS 17,MEDIUM,NetworkError,0
T0706,2025-10-20,Account,iPhone 14,iOS 17,LOW,NetworkError,1
T0676,2025-05-08,DeviceSecurity,Pixel 7,Android 14,MEDIUM,AssertionError,1
T0123,2025-03-03,Notification,Pixel 7,Android 14,MEDIUM,NullPointerException,0
T0873,2025-06-26,DeviceSecurity,Pixel 8,Android 15,LOW,AssertionError,1
T0040,2025-10-26,DeviceSecurity,iPhone 12,iOS 17,LOW,AuthError,1
T0861,2025-07-04,DeviceSecurity,Samsung A54,Android 14,MEDIUM,NullPointerException,0
T0650,2025-06-28,Dashboard,Samsung S24,Android 15,LOW,AssertionError,0
T0962,2025-03-02,CustomerSupport,iPhone 15,iOS 18,LOW,ValueError,1
T0972,2025-07-19,Biometrics,iPhone 12,iOS 17,MEDIUM,NetworkError,1
T0032,2025-01-21,Account,Pixel 7,Android 14,LOW,AuthError,1
T0172,2025-11-23,Biometrics,iPhone 15,iOS 18,MEDIUM,TimeoutError,1
T0677,2025-08-18,DeviceSecurity,Pixel 8,Android 15,LOW,NullPointerException,1
T0313,2025-06-03,Biometrics,Samsung A34,Android 13,MEDIUM,NullPointerException,1
T0886,2025-02-09,Notification,iPhone 14,iOS 17,MEDIUM,AssertionError,0
T0216,2025-12-21,Notification,Pixel 8,Android 15,MEDIUM,NullPointerException,0
T0316,2025-01-26,CustomerSupport,iPhone 15,iOS 18,LOW,AssertionError,0
T0820,2025-07-11,Biometrics,Samsung A34,Android 13,LOW,AuthError,1
T0953,2025-02-14,Dashboard,iPhone 14,iOS 17,LOW,TimeoutError,1
T0427,2025-11-21,Biometrics,iPhone 14,iOS 17,LOW,AssertionError,1
T0396,2025-07-22,Notification,Pixel 7,Android 14,MEDIUM,ValueError,1
T0466,2025-04-21,Account,Samsung S24,Android 15,LOW,AssertionError,1
T0719,2025-03-28,Profile,Samsung A34,Android 13,LOW,AuthError,0
T0791,2025-08-09,Profile,iPhone 12,iOS 17,LOW,AssertionError,0
T0534,2025-09-29,DeviceSecurity,Samsung A34,Android 13,MEDIUM,NullPointerException,1
T0161,2025-06-07,Notification,iPhone 15,iOS 18,MEDIUM,NullPointerException,1
T0073,2025-02-15,Account,Samsung S24,Android 15,MEDIUM,ValueError,0
T0171,2025-05-30,Dashboard,Samsung S24,Android 15,MEDIUM,AuthError,1
T0404,2025-10-03,Notification,Pixel 8,Android 15,MEDIUM,ValueError,0
T0408,2025-09-13,Dashboard,Pixel 8,Android 15,LOW,AssertionError,0
T0943,2025-11-23,DeviceSecurity,iPhone 12,iOS 17,LOW,AuthError,0
T0756,2025-03-16,Biometrics,Samsung A34,Android 13,LOW,NullPointerException,1
T0649,2025-05-20,Biometrics,iPhone 12,iOS 17,LOW,AuthError,0
T0937,2025-12-25,CustomerSupport,Pixel 7,Android 14,MEDIUM,TimeoutError,0
T0122,2025-12-11,CustomerSupport,Samsung S24,Android 15,MEDIUM,NetworkError,1
T0492,2025-05-26,Profile,Samsung A34,Android 13,MEDIUM,AuthError,1
T0735,2025-11-09,Dashboard,iPhone 12,iOS 17,LOW,TimeoutError,0
T0435,2025-01-27,Biometrics,iPhone 14,iOS 17,MEDIUM,TimeoutError,0
T0495,2025-10-28,Dashboard,Samsung A34,Android 13,LOW,AssertionError,1
T0172,2025-01-15,Biometrics,iPhone 15,iOS 18,MEDIUM,ValueError,1
T0495,2025-07-15,Dashboard,Samsung A34,Android 13,MEDIUM,TimeoutError,1
T0717,2025-03-30,Notification,Pixel 8,Android 15,LOW,NetworkError,1
T0783,2025-09-08,Account,iPhone 12,iOS 17,LOW,TimeoutError,0
T0230,2025-03-31,Biometrics,Samsung A54,Android 14,LOW,NetworkError,1
T0073,2025-02-20,Account,Samsung S24,Android 15,LOW,TimeoutError,0
T0736,2025-03-11,Account,iPhone 14,iOS 17,MEDIUM,AssertionError,0
T0561,2025-08-18,Profile,Samsung S24,Android 15,MEDIUM,NullPointerException,1
T0415,2025-06-22,Notification,iPhone 15,iOS 18,LOW,NetworkError,1
T0428,2025-04-04,Notification,iPhone 12,iOS 17,MEDIUM,AssertionError,0
T0205,2025-11-05,CustomerSupport,Pixel 7,Android 14,MEDIUM,TimeoutError,0
T0001,2025-03-28,Account,Pixel 8,Android 15,LOW,NetworkError,0
T0512,2025-01-17,DeviceSecurity,iPhone 14,iOS 17,MEDIUM,NullPointerException,1
T0699,2025-01-20,Dashboard,iPhone 12,iOS 17,MEDIUM,NullPointerException,1
T0008,2025-05-18,Notification,iPhone 14,iOS 17,LOW,NetworkError,1
T0832,2025-12-10,Account,iPhone 14,iOS 17,MEDIUM,AuthError,0
T0449,2025-09-08,Biometrics,iPhone 14,iOS 17,MEDIUM,NetworkError,1
T0193,2025-03-06,Biometrics,Samsung A54,Android 14,LOW,AuthError,1
T0316,2025-02-03,CustomerSupport,iPhone 15,iOS 18,MEDIUM,TimeoutError,1
T0305,2025-07-25,Account,iPhone 15,iOS 18,LOW,NullPointerException,1
T0435,2025-11-15,Biometrics,iPhone 14,iOS 17,LOW,NullPointerException,1
T0191,2025-04-09,Biometrics,Pixel 7,Android 14,MEDIUM,TimeoutError,1
T0471,2025-09-30,DeviceSecurity,iPhone 12,iOS 17,LOW,NullPointerException,1
T0607,2025-02-01,Biometrics,iPhone 15,iOS 18,LOW,NetworkError,0
T0566,2025-02-24,Dashboard,Pixel 7,Android 14,LOW,TimeoutError,0
T0613,2025-12-03,Profile,Pixel 8,Android 15,LOW,NullPointerException,1
T0866,2025-03-07,Biometrics,iPhone 14,iOS 17,LOW,NullPointerException,1
T0418,2025-07-01,Biometrics,iPhone 15,iOS 18,MEDIUM,ValueError,1
T0649,2025-07-28,Biometrics,iPhone 12,iOS 17,LOW,AuthError,1
T0106,2025-01-24,Notification,Samsung S24,Android 15,LOW,ValueError,1
T0309,2025-05-30,DeviceSecurity,Pixel 8,Android 15,LOW,TimeoutError,0
T0703,2025-06-14,DeviceSecurity,Samsung S24,Android 15,MEDIUM,NullPointerException,0
T0597,2025-01-01,Dashboard,iPhone 12,iOS 17,LOW,NetworkError,0
T0228,2025-10-16,CustomerSupport,Samsung A34,Android 13,LOW,AssertionError,0
T0340,2025-02-05,Notification,iPhone 14,iOS 17,MEDIUM,AuthError,0
T0172,2025-04-10,Biometrics,iPhone 15,iOS 18,LOW,AuthError,0
T0711,2025-06-12,DeviceSecurity,iPhone 14,iOS 17,LOW,AuthError,0
T0427,2025-06-01,Biometrics,iPhone 14,iOS 17,MEDIUM,ValueError,1
T0167,2025-12-13,Account,Pixel 7,Android 14,MEDIUM,AuthError,1
T0069,2025-06-17,Notification,iPhone 15,iOS 18,LOW,NullPointerException,1
T0592,2025-01-11,Dashboard,Pixel 8,Android 15,LOW,ValueError,0
T0740,2025-11-16,Dashboard,iPhone 14,iOS 17,MEDIUM,NetworkError,1
T0887,2025-12-08,Dashboard,Samsung A54,Android 14,LOW,NullPointerException,1
T0445,2025-12-22,Profile,Samsung A54,Android 14,MEDIUM,NullPointerException,0
T0702,2025-09-07,DeviceSecurity,Samsung S24,Android 15,MEDIUM,NullPointerException,0
T0861,2025-08-24,DeviceSecurity,Samsung A54,Android 14,MEDIUM,ValueError,1
T0216,2025-08-01,Notification,Pixel 8,Android 15,MEDIUM,AssertionError,0
T0717,2025-08-25,Notification,Pixel 8,Android 15,MEDIUM,TimeoutError,0
T0186,2025-07-19,Dashboard,Pixel 8,Android 15,MEDIUM,ValueError,0
T0147,2025-03-19,Dashboard,iPhone 12,iOS 17,LOW,AssertionError,0
T0041,2025-11-18,Profile,Samsung A54,Android 14,LOW,ValueError,1
T0263,2025-09-15,Notification,iPhone 12,iOS 17,MEDIUM,AuthError,1
T0220,2025-12-29,Notification,Pixel 8,Android 15,LOW,ValueError,1
T0561,2025-10-27,Profile,Samsung S24,Android 15,LOW,ValueError,0
T0958,2025-05-29,Account,iPhone 14,iOS 17,LOW,AuthError,0
T0404,2025-10-21,Notification,Pixel 8,Android 15,LOW,AssertionError,1
T0730,2025-11-14,CustomerSupport,Samsung A54,Android 14,LOW,TimeoutError,0
T0661,2025-03-26,Profile,Pixel 7,Android 14,MEDIUM,AssertionError,0
T0944,2025-10-30,DeviceSecurity,iPhone 12,iOS 17,LOW,NetworkError,0
T0305,2025-05-11,Account,iPhone 15,iOS 18,MEDIUM,AssertionError,0
T0095,2025-09-03,Profile,Pixel 8,Android 15,LOW,AssertionError,0
T0269,2025-07-31,Dashboard,iPhone 15,iOS 18,MEDIUM,NetworkError,0
T0368,2025-09-24,Profile,Samsung A34,Android 13,MEDIUM,AuthError,0
T0831,2025-12-06,CustomerSupport,iPhone 15,iOS 18,MEDIUM,AuthError,1
T0628,2025-11-14,DeviceSecurity,iPhone 15,iOS 18,MEDIUM,AuthError,0
T0088,2025-10-27,Account,Pixel 7,Android 14,MEDIUM,TimeoutError,0
T0147,2025-10-01,Dashboard,iPhone 12,iOS 17,LOW,AssertionError,1
T0740,2025-03-24,Dashboard,iPhone 14,iOS 17,MEDIUM,NullPointerException,1
T0248,2025-10-13,Dashboard,iPhone 12,iOS 17,LOW,TimeoutError,1
T0869,2025-02-10,Biometrics,Pixel 8,Android 15,LOW,NullPointerException,0
T0147,2025-06-17,Dashboard,iPhone 12,iOS 17,LOW,AuthError,0
T0506,2025-06-28,Dashboard,iPhone 14,iOS 17,MEDIUM,AssertionError,1
T0353,2025-06-06,Dashboard,Samsung S24,Android 15,MEDIUM,ValueError,0
T0653,2025-12-17,Notification,Pixel 8,Android 15,LOW,AssertionError,0
T0864,2025-12-15,Biometrics,Pixel 7,Android 14,MEDIUM,AssertionError,0
T0547,2025-12-29,Notification,Pixel 8,Android 15,LOW,NetworkError,1
T0722,2025-01-21,CustomerSupport,iPhone 14,iOS 17,LOW,AssertionError,1
T0929,2025-08-17,DeviceSecurity,Pixel 7,Android 14,LOW,ValueError,0
T0161,2025-08-28,Notification,iPhone 15,iOS 18,LOW,TimeoutError,0
T0218,2025-07-10,Biometrics,iPhone 15,iOS 18,LOW,NullPointerException,1
T0173,2025-05-30,Account,Samsung A54,Android 14,MEDIUM,AssertionError,1
T0797,2025-09-10,Account,Samsung A34,Android 13,LOW,NullPointerException,0
T0210,2025-10-20,Biometrics,Samsung A54,Android 14,MEDIUM,NullPointerException,1
T0730,2025-05-02,CustomerSupport,Samsung A54,Android 14,MEDIUM,ValueError,1
T0957,2025-06-17,Notification,iPhone 15,iOS 18,LOW,AuthError,1
T0751,2025-03-14,Biometrics,iPhone 14,iOS 17,MEDIUM,AssertionError,1
T0242,2025-03-08,Account,Samsung A34,Android 13,MEDIUM,ValueError,1
T0012,2025-10-01,DeviceSecurity,Pixel 8,Android 15,MEDIUM,AuthError,1
T0311,2025-12-18,Dashboard,Pixel 8,Android 15,MEDIUM,NullPointerException,0
T0832,2025-04-09,Account,iPhone 14,iOS 17,LOW,NullPointerException,1
T0356,2025-06-30,Profile,Pixel 8,Android 15,MEDIUM,ValueError,1
T0663,2025-07-05,CustomerSupport,Samsung S24,Android 15,MEDIUM,ValueError,1
T0582,2025-02-15,Account,Samsung A34,Android 13,LOW,AssertionError,0
T0195,2025-11-12,CustomerSupport,Samsung S24,Android 15,MEDIUM,NullPointerException,1
T0629,2025-01-12,DeviceSecurity,Pixel 8,Android 15,MEDIUM,NullPointerException,0
T0985,2025-01-03,Dashboard,Samsung A54,Android 14,MEDIUM,AuthError,1
T0368,2025-01-15,Profile,Samsung A34,Android 13,LOW,AuthError,0
T0027,2025-01-15,Dashboard,Samsung S24,Android 15,LOW,AssertionError,0
T0152,2025-09-10,Account,iPhone 14,iOS 17,MEDIUM,NetworkError,0
T1000,2025-01-18,Account,Samsung A34,Android 13,LOW,AssertionError,0
T0778,2025-04-28,DeviceSecurity,iPhone 15,iOS 18,MEDIUM,NetworkError,0
T0476,2025-08-15,CustomerSupport,Pixel 7,Android 14,LOW,AssertionError,0
T0811,2025-04-01,Account,iPhone 14,iOS 17,LOW,AssertionError,1
T0193,2025-05-20,Biometrics,Samsung A54,Android 14,LOW,AssertionError,1
T0984,2025-10-31,Dashboard,Samsung A34,Android 13,MEDIUM,ValueError,0
T0013,2025-07-28,Biometrics,Samsung A54,Android 14,MEDIUM,NullPointerException,1
T0544,2025-07-30,Account,Samsung S24,Android 15,LOW,AssertionError,1
T0193,2025-11-13,Biometrics,Samsung A54,Android 14,LOW,TimeoutError,0
T0662,2025-03-01,Notification,Samsung S24,Android 15,MEDIUM,ValueError,0
T0735,2025-07-10,Dashboard,iPhone 12,iOS 17,MEDIUM,TimeoutError,0
T0248,2025-07-20,Dashboard,iPhone 12,iOS 17,LOW,TimeoutError,1
T0323,2025-09-20,Notification,iPhone 12,iOS 17,MEDIUM,AuthError,1
T0476,2025-12-16,CustomerSupport,Pixel 7,Android 14,LOW,ValueError,1
T0629,2025-12-17,DeviceSecurity,Pixel 8,Android 15,MEDIUM,NetworkError,1
T0535,2025-10-15,Account,Pixel 7,Android 14,MEDIUM,NullPointerException,1
T0673,2025-01-24,Profile,Samsung A54,Android 14,MEDIUM,AuthError,1
T0940,2025-01-27,DeviceSecurity,iPhone 14,iOS 17,LOW,ValueError,1
T0167,2025-07-25,Account,Pixel 7,Android 14,MEDIUM,NetworkError,0
T0353,2025-02-17,Dashboard,Samsung S24,Android 15,LOW,ValueError,1
T0161,2025-01-20,Notification,iPhone 15,iOS 18,MEDIUM,TimeoutError,0
T0167,2025-10-02,Account,Pixel 7,Android 14,LOW,ValueError,1
T0459,2025-06-21,Dashboard,iPhone 12,iOS 17,LOW,ValueError,1
T0108,2025-07-22,CustomerSupport,Pixel 8,Android 15,MEDIUM,NetworkError,0
T0180,2025-06-16,CustomerSupport,iPhone 15,iOS 18,LOW,ValueError,1
T0036,2025-09-14,Dashboard,Samsung A34,Android 13,MEDIUM,AssertionError,1
T0835,2025-05-31,Dashboard,iPhone 15,iOS 18,LOW,TimeoutError,0
T0435,2025-06-12,Biometrics,iPhone 14,iOS 17,LOW,ValueError,1
T0722,2025-12-12,CustomerSupport,iPhone 14,iOS 17,MEDIUM,NetworkError,0
T0503,2025-10-14,Profile,Pixel 7,Android 14,MEDIUM,ValueError,0
T0685,2025-05-27,Account,Samsung S24,Android 15,LOW,NullPointerException,1
T0176,2025-06-26,DeviceSecurity,Samsung S24,Android 15,LOW,TimeoutError,1
T0731,2025-05-21,Biometrics,Samsung A34,Android 13,LOW,AssertionError,1
T0822,2025-07-01,Notification,Pixel 8,Android 15,MEDIUM,AuthError,1
T0248,2025-03-06,Dashboard,iPhone 12,iOS 17,MEDIUM,AssertionError,0
T0660,2025-03-29,Biometrics,Pixel 7,Android 14,MEDIUM,TimeoutError,0
T0643,2025-12-09,Notification,Samsung S24,Android 15,MEDIUM,NullPointerException,0
T0073,2025-04-17,Account,Samsung S24,Android 15,LOW,NetworkError,1
T0598,2025-04-15,CustomerSupport,Samsung A54,Android 14,MEDIUM,ValueError,1
T0236,2025-10-06,Account,Samsung A34,Android 13,LOW,NetworkError,1
T0520,2025-07-03,Profile,Pixel 8,Android 15,MEDIUM,NetworkError,0
T0073,2025-09-14,Account,Samsung S24,Android 15,LOW,TimeoutError,0
T0194,2025-06-28,Biometrics,iPhone 15,iOS 18,LOW,ValueError,1
T0186,2025-12-12,Dashboard,Pixel 8,Android 15,MEDIUM,NetworkError,0
T0147,2025-11-30,Dashboard,iPhone 12,iOS 17,LOW,AssertionError,1
T0323,2025-12-23,Notification,iPhone 12,iOS 17,LOW,NetworkError,1
T0480,2025-12-30,CustomerSupport,iPhone 12,iOS 17,MEDIUM,TimeoutError,0
T0774,2025-10-17,Profile,Pixel 7,Android 14,MEDIUM,AuthError,0
T0810,2025-07-04,Dashboard,iPhone 15,iOS 18,MEDIUM,ValueError,1
T0731,2025-06-15,Biometrics,Samsung A34,Android 13,LOW,NullPointerException,0
T0311,2025-08-14,Dashboard,Pixel 8,Android 15,MEDIUM,AssertionError,1
T0136,2025-08-17,CustomerSupport,Samsung A34,Android 13,MEDIUM,AuthError,0
T0927,2025-06-18,Profile,Samsung S24,Android 15,MEDIUM,TimeoutError,1
T0936,2025-05-28,Notification,iPhone 15,iOS 18,LOW,AuthError,1
T0435,2025-01-25,Biometrics,iPhone 14,iOS 17,MEDIUM,AuthError,1
T0404,2025-10-15,Notification,Pixel 8,Android 15,LOW,NetworkError,0
T0281,2025-02-02,DeviceSecurity,Samsung A54,Android 14,LOW,ValueError,0
T0171,2025-07-25,Dashboard,Samsung S24,Android 15,LOW,AssertionError,1
T0040,2025-07-31,DeviceSecurity,iPhone 12,iOS 17,LOW,TimeoutError,1
T0101,2025-07-18,Dashboard,Pixel 8,Android 15,MEDIUM,AuthError,0
T0362,2025-08-08,Biometrics,iPhone 15,iOS 18,LOW,NullPointerException,1
T0893,2025-12-12,DeviceSecurity,Samsung A54,Android 14,MEDIUM,TimeoutError,0
T0631,2025-07-19,DeviceSecurity,Samsung A34,Android 13,LOW,AssertionError,1
T0688,2025-01-19,CustomerSupport,Pixel 7,Android 14,LOW,TimeoutError,0
T0398,2025-07-18,CustomerSupport,Pixel 8,Android 15,MEDIUM,AuthError,1
T0613,2025-11-05,Profile,Pixel 8,Android 15,MEDIUM,TimeoutError,0
T0988,2025-03-30,Biometrics,Samsung S24,Android 15,MEDIUM,ValueError,1
T0008,2025-05-06,Notification,iPhone 14,iOS 17,MEDIUM,NullPointerException,1
T0988,2025-12-25,Biometrics,Samsung S24,Android 15,LOW,TimeoutError,1
T0842,2025-06-21,Biometrics,Pixel 8,Android 15,MEDIUM,TimeoutError,1
T0912,2025-07-30,Biometrics,Pixel 7,Android 14,MEDIUM,TimeoutError,1
T0944,2025-04-04,DeviceSecurity,iPhone 12,iOS 17,LOW,NullPointerException,0
T0106,2025-05-06,Notification,Samsung S24,Android 15,MEDIUM,AuthError,1
T0718,2025-09-02,Notification,Samsung S24,Android 15,MEDIUM,NullPointerException,0
T0896,2025-09-21,Account,iPhone 15,iOS 18,LOW,NetworkError,0
T0510,2025-06-26,Account,Pixel 7,Android 14,MEDIUM,TimeoutError,0
T0774,2025-11-05,Profile,Pixel 7,Android 14,LOW,NetworkError,1
T0573,2025-09-20,Dashboard,iPhone 15,iOS 18,MEDIUM,NetworkError,0
T0407,2025-05-23,DeviceSecurity,Pixel 7,Android 14,MEDIUM,AuthError,0
T0899,2025-04-10,DeviceSecurity,Samsung S24,Android 15,LOW,TimeoutError,1
T0368,2025-04-30,Profile,Samsung A34,Android 13,MEDIUM,NullPointerException,1
T0700,2025-10-08,Notification,Pixel 8,Android 15,MEDIUM,NetworkError,1
T0985,2025-11-17,Dashboard,Samsung A54,Android 14,MEDIUM,NullPointerException,1
T0621,2025-12-26,Biometrics,Samsung A34,Android 13,MEDIUM,ValueError,0
T0520,2025-09-06,Profile,Pixel 8,Android 15,MEDIUM,TimeoutError,0
T0614,2025-09-01,Profile,iPhone 12,iOS 17,MEDIUM,AuthError,0
T0074,2025-10-29,Notification,Samsung A34,Android 13,MEDIUM,NullPointerException,0
T0128,2025-09-06,Account,Samsung A34,Android 13,MEDIUM,NullPointerException,0
T0900,2025-12-15,Profile,iPhone 15,iOS 18,LOW,NullPointerException,1
T0340,2026-01-01,Notification,iPhone 14,iOS 17,LOW,AuthError,0
T0427,2025-04-24,Biometrics,iPhone 14,iOS 17,LOW,NetworkError,0
T0642,2025-05-01,Dashboard,iPhone 14,iOS 17,MEDIUM,ValueError,1
T0122,2025-03-16,CustomerSupport,Samsung S24,Android 15,MEDIUM,TimeoutError,0
T0654,2025-12-14,Account,iPhone 12,iOS 17,MEDIUM,ValueError,0
T0629,2025-05-07,DeviceSecurity,Pixel 8,Android 15,LOW,AuthError,1
T0561,2025-05-22,Profile,Samsung S24,Android 15,LOW,TimeoutError,1
T0512,2025-11-23,DeviceSecurity,iPhone 14,iOS 17,MEDIUM,TimeoutError,1
T0078,2025-02-20,CustomerSupport,Pixel 8,Android 15,MEDIUM,NullPointerException,1
T0950,2025-05-02,Account,Samsung A34,Android 13,LOW,ValueError,1
T0004,2025-02-06,Account,Samsung S24,Android 15,LOW,NullPointerException,0
T0417,2025-03-12,Profile,iPhone 15,iOS 18,MEDIUM,AuthError,1
T0584,2025-05-06,Notification,Pixel 7,Android 14,LOW,NullPointerException,0
T0173,2025-09-05,Account,Samsung A54,Android 14,LOW,NullPointerException,1
T0121,2025-03-24,Account,Samsung A54,Android 14,LOW,ValueError,1
T0735,2025-09-22,Dashboard,iPhone 12,iOS 17,MEDIUM,ValueError,0
T0563,2025-08-05,CustomerSupport,iPhone 15,iOS 18,LOW,ValueError,1
T0961,2025-12-05,Profile,iPhone 12,iOS 17,MEDIUM,ValueError,0
T0273,2025-11-03,Notification,Samsung S24,Android 15,LOW,AuthError,0
T0315,2025-05-14,Profile,iPhone 12,iOS 17,MEDIUM,NetworkError,1
T0755,2025-09-16,Dashboard,Pixel 8,Android 15,MEDIUM,AuthError,0
T0937,2025-10-01,CustomerSupport,Pixel 7,Android 14,MEDIUM,NullPointerException,1
T0651,2025-07-01,Dashboard,Samsung A34,Android 13,MEDIUM,TimeoutError,0
T0118,2025-11-26,Profile,Samsung A34,Android 13,LOW,ValueError,1
T0020,2025-11-24,Dashboard,Pixel 7,Android 14,MEDIUM,ValueError,0
T0728,2025-01-16,Dashboard,Samsung A34,Android 13,LOW,AuthError,0
T0159,2025-10-28,Dashboard,iPhone 14,iOS 17,MEDIUM,ValueError,1
T0844,2025-10-15,Account,Pixel 8,Android 15,LOW,NetworkError,0
T0953,2025-11-08,Dashboard,iPhone 14,iOS 17,LOW,AssertionError,0
T0974,2025-10-26,Profile,iPhone 12,iOS 17,MEDIUM,NullPointerException,0
T0380,2025-10-20,Notification,iPhone 12,iOS 17,MEDIUM,NetworkError,0
T0167,2025-08-08,Account,Pixel 7,Android 14,LOW,TimeoutError,1
T0082,2025-09-21,Dashboard,iPhone 12,iOS 17,MEDIUM,ValueError,1
T0547,2025-12-19,Notification,Pixel 8,Android 15,LOW,NetworkError,1
T0985,2025-11-13,Dashboard,Samsung A54,Android 14,LOW,NetworkError,1
T0614,2025-09-04,Profile,iPhone 12,iOS 17,MEDIUM,AssertionError,0
T0937,2025-02-22,CustomerSupport,Pixel 7,Android 14,MEDIUM,ValueError,1
T0512,2025-01-02,DeviceSecurity,iPhone 14,iOS 17,MEDIUM,NullPointerException,0
T0699,2025-04-10,Dashboard,iPhone 12,iOS 17,LOW,NetworkError,1
T0250,2025-02-13,DeviceSecurity,Samsung A34,Android 13,MEDIUM,AuthError,1
T0415,2025-07-18,Notification,iPhone 15,iOS 18,LOW,ValueError,1
T0705,2025-10-11,Biometrics,Samsung S24,Android 15,MEDIUM,ValueError,0
T0551,2025-04-02,Biometrics,iPhone 12,iOS 17,LOW,TimeoutError,1
T0445,2025-06-28,Profile,Samsung A54,Android 14,LOW,NetworkError,1
T0411,2025-11-22,CustomerSupport,Samsung S24,Android 15,MEDIUM,AssertionError,1
T0527,2025-08-12,Profile,iPhone 15,iOS 18,MEDIUM,AssertionError,0
T0237,2025-09-22,Account,Samsung A34,Android 13,MEDIUM,TimeoutError,0
T0492,2025-10-31,Profile,Samsung A34,Android 13,MEDIUM,TimeoutError,0
T0653,2025-10-20,Notification,Pixel 8,Android 15,MEDIUM,NullPointerException,1
T0808,2025-01-27,Account,iPhone 12,iOS 17,MEDIUM,NetworkError,0
T0535,2025-10-17,Account,Pixel 7,Android 14,LOW,ValueError,1
T0789,2025-02-06,Dashboard,iPhone 14,iOS 17,LOW,NetworkError,0
T0353,2025-03-12,Dashboard,Samsung S24,Android 15,LOW,TimeoutError,0
T0668,2025-04-10,CustomerSupport,iPhone 15,iOS 18,MEDIUM,TimeoutError,1
T0128,2025-09-13,Account,Samsung A34,Android 13,LOW,NullPointerException,0
T0249,2025-04-09,Biometrics,Samsung A54,Android 14,LOW,AssertionError,0
T0307,2025-12-15,Dashboard,Samsung A54,Android 14,LOW,ValueError,1
T0241,2025-03-12,Account,Samsung A34,Android 13,MEDIUM,NetworkError,0
T0775,2025-02-05,Notification,Pixel 8,Android 15,MEDIUM,NetworkError,0
T0938,2025-03-06,CustomerSupport,Samsung A54,Android 14,MEDIUM,TimeoutError,0
T0411,2025-03-27,CustomerSupport,Samsung S24,Android 15,MEDIUM,AssertionError,0
T0292,2025-09-20,Profile,Samsung A34,Android 13,LOW,TimeoutError,0
T0003,2025-10-30,Account,iPhone 15,iOS 18,LOW,AuthError,0
T0715,2025-06-17,DeviceSecurity,iPhone 15,iOS 18,MEDIUM,NullPointerException,0
T0687,2025-09-19,Notification,Samsung S24,Android 15,LOW,AuthError,0
T0093,2025-11-26,Dashboard,iPhone 12,iOS 17,LOW,NetworkError,1
T0808,2025-11-29,Account,iPhone 12,iOS 17,LOW,TimeoutError,1
T0962,2025-12-28,CustomerSupport,iPhone 15,iOS 18,MEDIUM,TimeoutError,0
T0636,2025-07-12,Notification,iPhone 12,iOS 17,MEDIUM,NullPointerException,1
T0250,2025-02-08,DeviceSecurity,Samsung A34,Android 13,LOW,NetworkError,0
T0534,2025-12-08,DeviceSecurity,Samsung A34,Android 13,MEDIUM,AuthError,0
T0411,2025-03-17,CustomerSupport,Samsung S24,Android 15,MEDIUM,ValueError,0
T0212,2025-08-01,DeviceSecurity,Samsung A34,Android 13,MEDIUM,NetworkError,1
T0559,2025-11-04,Account,Samsung A34,Android 13,MEDIUM,ValueError,0
T0873,2025-08-20,DeviceSecurity,Pixel 8,Android 15,MEDIUM,AuthError,0
T0650,2025-03-07,Dashboard,Samsung S24,Android 15,MEDIUM,NullPointerException,1
T0835,2025-08-31,Dashboard,iPhone 15,iOS 18,LOW,ValueError,1
T0152,2025-11-16,Account,iPhone 14,iOS 17,MEDIUM,TimeoutError,0
T0380,2025-08-27,Notification,iPhone 12,iOS 17,MEDIUM,TimeoutError,1
T0937,2025-03-06,CustomerSupport,Pixel 7,Android 14,LOW,AssertionError,1
T0503,2025-10-07,Profile,Pixel 7,Android 14,MEDIUM,ValueError,1
T0676,2025-06-09,DeviceSecurity,Pixel 7,Android 14,MEDIUM,AssertionError,1
T0609,2025-05-31,CustomerSupport,Pixel 8,Android 15,LOW,NullPointerException,0
T0467,2025-12-26,Account,Samsung A54,Android 14,LOW,AssertionError,1
T0340,2025-03-10,Notification,iPhone 14,iOS 17,LOW,AssertionError,0
T0404,2025-11-15,Notification,Pixel 8,Android 15,MEDIUM,AuthError,1
T0228,2025-03-10,CustomerSupport,Samsung A34,Android 13,MEDIUM,NetworkError,0
T0290,2025-09-11,CustomerSupport,iPhone 15,iOS 18,LOW,TimeoutError,1
T0281,2025-10-28,DeviceSecurity,Samsung A54,Android 14,MEDIUM,AssertionError,1
T0151,2025-10-12,Profile,iPhone 15,iOS 18,LOW,NullPointerException,0
T0868,2025-03-11,Biometrics,Pixel 7,Android 14,MEDIUM,AuthError,1
T0984,2025-11-24,Dashboard,Samsung A34,Android 13,LOW,NullPointerException,0
T0791,2025-04-14,Profile,iPhone 12,iOS 17,LOW,AuthError,0
T0242,2025-03-28,Account,Samsung A34,Android 13,LOW,NetworkError,1
T0404,2025-11-25,Notification,Pixel 8,Android 15,LOW,AssertionError,1
T0216,2025-04-17,Notification,Pixel 8,Android 15,MEDIUM,ValueError,1
T0294,2025-12-12,Biometrics,Samsung A34,Android 13,MEDIUM,NetworkError,0
T0722,2025-02-17,CustomerSupport,iPhone 14,iOS 17,LOW,TimeoutError,0
T0391,2025-04-26,Dashboard,iPhone 14,iOS 17,LOW,AssertionError,0
T0568,2025-12-29,Profile,Samsung A54,Android 14,LOW,NullPointerException,0
T0832,2025-07-30,Account,iPhone 14,iOS 17,LOW,AuthError,0
T0087,2025-08-26,CustomerSupport,iPhone 14,iOS 17,LOW,ValueError,0
T0911,2025-08-07,DeviceSecurity,Samsung S24,Android 15,LOW,NetworkError,1
T0899,2025-02-21,DeviceSecurity,Samsung S24,Android 15,LOW,ValueError,0
T0760,2025-07-12,DeviceSecurity,Pixel 8,Android 15,LOW,NetworkError,0
T0535,2025-08-27,Account,Pixel 7,Android 14,MEDIUM,NetworkError,0
T0908,2025-06-04,CustomerSupport,iPhone 15,iOS 18,MEDIUM,NetworkError,1
T0347,2025-11-11,Profile,Pixel 8,Android 15,MEDIUM,AssertionError,1
T0636,2025-09-08,Notification,iPhone 12,iOS 17,MEDIUM,NetworkError,0
T0558,2025-04-27,Profile,Samsung S24,Android 15,LOW,NullPointerException,0
T0524,2025-07-06,DeviceSecurity,Pixel 7,Android 14,MEDIUM,NetworkError,0
T0829,2025-07-28,Account,iPhone 14,iOS 17,MEDIUM,NetworkError,1
T0649,2025-06-08,Biometrics,iPhone 12,iOS 17,MEDIUM,AuthError,1
T0755,2025-03-02,Dashboard,Pixel 8,Android 15,LOW,TimeoutError,1
T0126,2025-09-29,Account,Samsung A34,Android 13,LOW,ValueError,1
T0760,2025-10-06,DeviceSecurity,Pixel 8,Android 15,MEDIUM,AssertionError,0
T0362,2025-03-18,Biometrics,iPhone 15,iOS 18,MEDIUM,ValueError,1
T0012,2025-03-04,DeviceSecurity,Pixel 8,Android 15,MEDIUM,NetworkError,0
T0040,2025-05-30,DeviceSecurity,iPhone 12,iOS 17,LOW,ValueError,0
T0112,2025-12-23,Notification,Samsung S24,Android 15,LOW,NetworkError,1
T0860,2025-09-25,Profile,Samsung A54,Android 14,LOW,NullPointerException,1
T0525,2025-07-17,DeviceSecurity,iPhone 14,iOS 17,MEDIUM,AssertionError,0
T0643,2025-11-24,Notification,Samsung S24,Android 15,MEDIUM,NetworkError,0
T0835,2025-06-30,Dashboard,iPhone 15,iOS 18,LOW,NullPointerException,0
T0051,2025-12-14,Dashboard,Pixel 8,Android 15,LOW,ValueError,0
T0176,2025-07-28,DeviceSecurity,Samsung S24,Android 15,MEDIUM,NetworkError,0
T0478,2025-05-23,Notification,iPhone 14,iOS 17,LOW,NetworkError,1
T0259,2025-06-11,Account,iPhone 14,iOS 17,LOW,TimeoutError,0
T0911,2025-10-21,DeviceSecurity,Samsung S24,Android 15,LOW,TimeoutError,0
T0417,2025-01-30,Profile,iPhone 15,iOS 18,LOW,AuthError,1
T0451,2025-10-28,Account,Samsung S24,Android 15,MEDIUM,ValueError,1
T0230,2025-02-10,Biometrics,Samsung A54,Android 14,LOW,AssertionError,0
T0653,2025-03-28,Notification,Pixel 8,Android 15,MEDIUM,AssertionError,0
T0837,2025-12-05,Account,Pixel 7,Android 14,MEDIUM,ValueError,0
T0641,2025-06-10,Profile,iPhone 14,iOS 17,LOW,ValueError,1
T0699,2025-07-22,Dashboard,iPhone 12,iOS 17,LOW,ValueError,1
T0699,2025-09-26,Dashboard,iPhone 12,iOS 17,MEDIUM,NetworkError,1
T0155,2025-10-27,Dashboard,iPhone 12,iOS 17,MEDIUM,AuthError,1
T0119,2025-06-10,Dashboard,Samsung A34,Android 13,MEDIUM,NetworkError,0
T0758,2025-01-21,Biometrics,Samsung A34,Android 13,LOW,TimeoutError,1
T0108,2025-03-24,CustomerSupport,Pixel 8,Android 15,LOW,NullPointerException,1
T0106,2025-06-29,Notification,Samsung S24,Android 15,MEDIUM,AuthError,0
T0445,2025-03-26,Profile,Samsung A54,Android 14,LOW,NetworkError,0
T0086,2025-08-09,Biometrics,Samsung A34,Android 13,MEDIUM,TimeoutError,0
T0819,2025-12-08,Biometrics,iPhone 15,iOS 18,MEDIUM,NetworkError,1
T0101,2025-02-03,Dashboard,Pixel 8,Android 15,MEDIUM,ValueError,1
T0770,2025-12-20,Profile,iPhone 15,iOS 18,MEDIUM,TimeoutError,1
T0769,2025-05-18,Biometrics,iPhone 12,iOS 17,LOW,AssertionError,0
T0866,2025-02-18,Biometrics,iPhone 14,iOS 17,LOW,TimeoutError,1
T0944,2025-11-01,DeviceSecurity,iPhone 12,iOS 17,MEDIUM,AuthError,1
T0015,2025-09-20,CustomerSupport,Pixel 8,Android 15,LOW,AssertionError,0
T0117,2025-01-25,Notification,Samsung S24,Android 15,LOW,AssertionError,1
T0952,2025-01-21,Biometrics,Samsung A54,Android 14,MEDIUM,NullPointerException,0
T0941,2025-07-13,Account,Samsung S24,Android 15,LOW,AuthError,1
T0150,2025-01-11,Account,Pixel 8,Android 15,MEDIUM,TimeoutError,0
T0321,2025-11-12,Profile,Samsung A34,Android 13,MEDIUM,NullPointerException,0
T0703,2025-04-29,DeviceSecurity,Samsung S24,Android 15,LOW,AuthError,0
T0136,2025-01-03,CustomerSupport,Samsung A34,Android 13,LOW,AssertionError,0
T0228,2025-08-17,CustomerSupport,Samsung A34,Android 13,MEDIUM,AssertionError,0
T0086,2025-01-11,Biometrics,Samsung A34,Android 13,LOW,ValueError,0
T0112,2025-10-17,Notification,Samsung S24,Android 15,MEDIUM,NullPointerException,1
T0415,2025-08-10,Notification,iPhone 15,iOS 18,MEDIUM,AssertionError,0
T0519,2025-10-02,Notification,Pixel 7,Android 14,MEDIUM,TimeoutError,1
T0908,2025-10-16,CustomerSupport,iPhone 15,iOS 18,MEDIUM,NullPointerException,0
T0108,2025-12-06,CustomerSupport,Pixel 8,Android 15,MEDIUM,NetworkError,0
T0147,2025-10-20,Dashboard,iPhone 12,iOS 17,MEDIUM,TimeoutError,0
T0975,2025-01-19,Account,iPhone 12,iOS 17,MEDIUM,NullPointerException,1
T0935,2025-12-06,Dashboard,iPhone 14,iOS 17,LOW,NullPointerException,1
T0370,2025-06-27,Profile,iPhone 15,iOS 18,MEDIUM,TimeoutError,0
T0893,2025-09-26,DeviceSecurity,Samsung A54,Android 14,MEDIUM,TimeoutError,1
T0770,2025-07-26,Profile,iPhone 15,iOS 18,LOW,NetworkError,0
T0711,2025-03-14,DeviceSecurity,iPhone 14,iOS 17,MEDIUM,AuthError,0
T0832,2025-01-13,Account,iPhone 14,iOS 17,MEDIUM,NullPointerException,1
T0126,2025-10-29,Account,Samsung A34,Android 13,MEDIUM,NetworkError,0
T0778,2025-04-28,DeviceSecurity,iPhone 15,iOS 18,MEDIUM,NetworkError,0
T0751,2025-06-23,Biometrics,iPhone 14,iOS 17,MEDIUM,ValueError,0
T0794,2025-03-18,Biometrics,Samsung A54,Android 14,LOW,AuthError,1
T0411,2025-02-25,CustomerSupport,Samsung S24,Android 15,LOW,AuthError,0
T0810,2025-02-22,Dashboard,iPhone 15,iOS 18,MEDIUM,AuthError,1
T0770,2025-09-02,Profile,iPhone 15,iOS 18,LOW,TimeoutError,1
T0197,2025-09-27,DeviceSecurity,Samsung A34,Android 13,MEDIUM,AssertionError,0
T0558,2025-05-27,Profile,Samsung S24,Android 15,MEDIUM,AuthError,0
T0288,2025-10-10,Dashboard,Pixel 8,Android 15,LOW,AssertionError,1
T0036,2025-04-12,Dashboard,Samsung A34,Android 13,MEDIUM,NetworkError,0
T0598,2025-08-23,CustomerSupport,Samsung A54,Android 14,LOW,AuthError,0
T0901,2025-10-06,CustomerSupport,Samsung A34,Android 13,LOW,NullPointerException,0
T0471,2025-05-09,DeviceSecurity,iPhone 12,iOS 17,MEDIUM,ValueError,1
T0101,2025-09-30,Dashboard,Pixel 8,Android 15,LOW,AuthError,0
T0503,2025-08-27,Profile,Pixel 7,Android 14,MEDIUM,NullPointerException,1
T0670,2025-06-09,DeviceSecurity,Samsung S24,Android 15,MEDIUM,AssertionError,1
T0309,2025-05-10,DeviceSecurity,Pixel 8,Android 15,LOW,TimeoutError,1
T0197,2025-03-26,DeviceSecurity,Samsung A34,Android 13,LOW,AssertionError,0
T0228,2025-06-12,CustomerSupport,Samsung A34,Android 13,LOW,ValueError,1
T0566,2025-06-28,Dashboard,Pixel 7,Android 14,MEDIUM,AuthError,0
T0087,2025-07-07,CustomerSupport,iPhone 14,iOS 17,MEDIUM,ValueError,0
T0360,2025-06-11,Account,iPhone 14,iOS 17,MEDIUM,AssertionError,0
T0628,2025-01-26,DeviceSecurity,iPhone 15,iOS 18,MEDIUM,AuthError,1
T0459,2025-07-11,Dashboard,iPhone 12,iOS 17,MEDIUM,TimeoutError,0
T0191,2025-02-13,Biometrics,Pixel 7,Android 14,MEDIUM,AssertionError,0
T0230,2025-04-30,Biometrics,Samsung A54,Android 14,MEDIUM,NetworkError,1
T0137,2025-12-08,Notification,Pixel 8,Android 15,MEDIUM,AssertionError,1
T0688,2025-12-03,CustomerSupport,Pixel 7,Android 14,MEDIUM,AssertionError,1
T0141,2025-05-09,Profile,Samsung S24,Android 15,LOW,AssertionError,0
T0554,2025-06-05,Notification,Samsung A54,Android 14,MEDIUM,NullPointerException,1
T0387,2025-11-03,Account,Pixel 8,Android 15,MEDIUM,AuthError,0
T0736,2025-10-21,Account,iPhone 14,iOS 17,MEDIUM,NetworkError,0
T0633,2025-01-15,CustomerSupport,Pixel 7,Android 14,LOW,TimeoutError,0
T0930,2025-07-17,Account,Pixel 8,Android 15,LOW,NullPointerException,0
T0710,2025-09-15,DeviceSecurity,iPhone 15,iOS 18,LOW,NullPointerException,1
T0467,2025-01-19,Account,Samsung A54,Android 14,MEDIUM,TimeoutError,1
T0383,2025-06-01,Profile,Samsung A54,Android 14,MEDIUM,TimeoutError,1
T0705,2025-11-30,Biometrics,Samsung S24,Android 15,LOW,AssertionError,0
T0582,2025-10-13,Account,Samsung A34,Android 13,MEDIUM,AssertionError,1
T0201,2025-11-28,Profile,Samsung A34,Android 13,LOW,AssertionError,0
T0127,2025-03-10,Notification,Samsung S24,Android 15,MEDIUM,NetworkError,0
